chr,start,end,group
chr1,3241745,3241763,31
chr1,6417644,6417662,4
chr1,9700948,9700966,22
chr1,10038453,10038471,4
chr1,10191770,10191788,21
chr1,10191769,10191787,32
chr1,13589157,13589175,26
chr1,13589156,13589174,35
chr1,15806122,15806140,2
chr1,33669919,33669937,4
chr1,33670093,33670111,22
chr1,34843218,34843236,1
chr1,34843217,34843235,12
chr1,34843206,34843224,72
chr1,36267397,36267415,2
chr1,36267724,36267742,9
chr1,36267723,36267741,17
chr1,36267738,36267756,64
chr1,36267728,36267746,69
chr1,36267739,36267757,83
chr1,36267675,36267693,87
chr1,36309766,36309784,24
chr1,36797756,36797774,31
chr1,36920336,36920354,1
chr1,36920335,36920353,12
chr1,39842934,39842952,2
chr1,39902401,39902419,22
chr1,39924194,39924212,1
chr1,39924201,39924219,3
chr1,39924193,39924211,12
chr1,39924204,39924222,13
chr1,39924200,39924218,14
chr1,39936847,39936865,1
chr1,39936836,39936854,11
chr1,39936846,39936864,12
chr1,46551478,46551496,31
chr1,48713490,48713508,31
chr1,52009564,52009582,2
chr1,52008349,52008367,24
chr1,52052812,52052830,39
chr1,52076511,52076529,82
chr1,52387779,52387797,10
chr1,52388952,52388970,31
chr1,52653519,52653537,87
chr1,53777505,53777523,1
chr1,53777504,53777522,12
chr1,54493466,54493484,21
chr1,54493465,54493483,32
chr1,54585781,54585799,64
chr1,54585782,54585800,83
chr1,54585781,54585799,94
chr1,54914076,54914094,4
chr1,54914362,54914380,13
chr1,54925384,54925402,2
chr1,54925378,54925396,11
chr1,55405562,55405580,11
chr1,58712998,58713016,31
chr1,58798052,58798070,2
chr1,58798094,58798112,2
chr1,58798117,58798135,11
chr1,60541430,60541448,82
chr1,60759990,60760008,2
chr1,60761923,60761941,1
chr1,60761917,60761935,2
chr1,60761928,60761946,11
chr1,60761922,60761940,12
chr1,60776640,60776658,2
chr1,60774979,60774997,10
chr1,60875835,60875853,11
chr1,60908500,60908518,69
chr1,60978521,60978539,13
chr1,61139918,61139936,2
chr1,64088679,64088697,55
chr1,64121116,64121134,11
chr1,64120726,64120744,42
chr1,64956182,64956200,1
chr1,64956181,64956199,12
chr1,66863599,66863617,1
chr1,66863598,66863616,12
chr1,66863714,66863732,42
chr1,69543191,69543209,24
chr1,69609313,69609331,85
chr1,69644968,69644986,1
chr1,69644967,69644985,12
chr1,69687880,69687898,1
chr1,69686521,69686539,11
chr1,69687879,69687897,12
chr1,69688247,69688265,43
chr1,75248581,75248599,3
chr1,75248580,75248598,14
chr1,75522370,75522388,12
chr1,77940640,77940658,1
chr1,77940639,77940657,12
chr1,77940479,77940497,31
chr1,80416597,80416615,1
chr1,80416288,80416306,4
chr1,80416596,80416614,12
chr1,80644418,80644436,93
chr1,81185683,81185701,1
chr1,81185682,81185700,12
chr1,82803849,82803867,27
chr1,82831056,82831074,13
chr1,82831075,82831093,13
chr1,82831064,82831082,22
chr1,82831086,82831104,22
chr1,82900771,82900789,3
chr1,82900770,82900788,14
chr1,83006445,83006463,11
chr1,86344223,86344241,3
chr1,86344222,86344240,14
chr1,86441274,86441292,11
chr1,86471491,86471509,33
chr1,87607429,87607447,23
chr1,87607428,87607446,34
chr1,87847695,87847713,2
chr1,87847590,87847608,30
chr1,88033033,88033051,31
chr1,88475157,88475175,3
chr1,88475156,88475174,14
chr1,88475584,88475602,76
chr1,88701642,88701660,24
chr1,91095741,91095759,4
chr1,91399355,91399373,11
chr1,93755546,93755564,2
chr1,97171286,97171304,18
chr1,97171286,97171304,19
chr1,97580313,97580331,82
chr1,98093251,98093269,16
chr1,105838789,105838807,11
chr1,106318415,106318433,6
chr1,106318306,106318324,7
chr1,106318572,106318590,11
chr1,106318414,106318432,20
chr1,106606872,106606890,2
chr1,106663453,106663471,11
chr1,112457481,112457499,1
chr1,112457492,112457510,2
chr1,112457507,112457525,11
chr1,112457484,112457502,12
chr1,122656037,122656055,1
chr1,122656036,122656054,12
chr1,127242558,127242576,96
chr1,127322747,127322765,2
chr1,128243686,128243704,2
chr1,128766546,128766564,2
chr1,128766540,128766558,11
chr1,128766535,128766553,21
chr1,128766529,128766547,22
chr1,128766534,128766552,32
chr1,130993503,130993521,1
chr1,130993509,130993527,2
chr1,130993502,130993520,12
chr1,131023283,131023301,87
chr1,131038949,131038967,2
chr1,131038938,131038956,31
chr1,131204289,131204307,48
chr1,132418365,132418383,1
chr1,132418364,132418382,12
chr1,132418370,132418388,24
chr1,132968943,132968961,2
chr1,133026051,133026069,26
chr1,133026051,133026069,29
chr1,133026050,133026068,37
chr1,133030113,133030131,2
chr1,133030137,133030155,2
chr1,134061540,134061558,16
chr1,134065124,134065142,3
chr1,134065123,134065141,14
chr1,134362204,134362222,59
chr1,134362215,134362233,82
chr1,135670299,135670317,2
chr1,136254654,136254672,11
chr1,136617595,136617613,4
chr1,136686115,136686133,2
chr1,137899345,137899363,1
chr1,137899380,137899398,1
chr1,137899356,137899374,2
chr1,137899344,137899362,12
chr1,137899379,137899397,12
chr1,138125294,138125312,68
chr1,138125294,138125312,69
chr1,138138614,138138632,8
chr1,138162777,138162795,52
chr1,138162777,138162795,82
chr1,138172244,138172262,87
chr1,138289909,138289927,59
chr1,138289908,138289926,67
chr1,138289909,138289927,89
chr1,138289908,138289926,97
chr1,144306163,144306181,62
chr1,144306164,144306182,71
chr1,144306164,144306182,81
chr1,144499644,144499662,62
chr1,144499645,144499663,81
chr1,153415730,153415748,2
chr1,153742628,153742646,1
chr1,153742498,153742516,2
chr1,153742627,153742645,12
chr1,153742495,153742513,21
chr1,153742494,153742512,32
chr1,154118244,154118262,62
chr1,154118245,154118263,81
chr1,155040031,155040049,1
chr1,155040030,155040048,12
chr1,156616160,156616178,2
chr1,160024179,160024197,2
chr1,160042782,160042800,18
chr1,161033930,161033948,61
chr1,161071402,161071420,23
chr1,161071401,161071419,34
chr1,161788696,161788714,40
chr1,164008976,164008994,22
chr1,164063251,164063269,21
chr1,164063250,164063268,32
chr1,164069199,164069217,11
chr1,164069219,164069237,11
chr1,164078025,164078043,31
chr1,164573824,164573842,42
chr1,164573825,164573843,51
chr1,164888726,164888744,91
chr1,165193404,165193422,11
chr1,165718663,165718681,22
chr1,165841520,165841538,11
chr1,165841505,165841523,23
chr1,165841510,165841528,31
chr1,165841504,165841522,34
chr1,166410286,166410304,1
chr1,166410285,166410303,12
chr1,170121064,170121082,36
chr1,170861724,170861742,11
chr1,170861795,170861813,62
chr1,170861796,170861814,81
chr1,171845406,171845424,69
chr1,171845368,171845386,87
chr1,171917271,171917289,2
chr1,171917287,171917305,4
chr1,171921678,171921696,2
chr1,171921524,171921542,4
chr1,171922295,171922313,11
chr1,171922159,171922177,18
chr1,171962658,171962676,11
chr1,171975535,171975553,11
chr1,176986381,176986399,62
chr1,176986382,176986400,81
chr1,177259490,177259508,74
chr1,178338170,178338188,2
chr1,178338132,178338150,4
chr1,178405270,178405288,2
chr1,180264787,180264805,1
chr1,180264786,180264804,12
chr1,180355568,180355586,11
chr1,180359734,180359752,1
chr1,180359733,180359751,12
chr1,180388873,180388891,1
chr1,180388865,180388883,2
chr1,180388869,180388887,4
chr1,180388872,180388890,12
chr1,180388881,180388899,21
chr1,180388880,180388898,32
chr1,180403367,180403385,21
chr1,180403366,180403384,32
chr1,180812880,180812898,76
chr1,180812880,180812898,86
chr1,181860915,181860933,26
chr1,183041033,183041051,30
chr1,183180126,183180144,2
chr1,184075205,184075223,2
chr1,184074827,184074845,11
chr1,186562860,186562878,33
chr1,186749734,186749752,22
chr1,186749680,186749698,24
chr1,186749719,186749737,24
chr1,193189375,193189393,5
chr1,193189375,193189393,10
chr1,194977320,194977338,63
chr1,194977320,194977338,93
chr1,195132050,195132068,2
chr1,195132070,195132088,2
chr10,4388366,4388384,1
chr10,4388365,4388383,12
chr10,4388590,4388608,84
chr10,6982024,6982042,11
chr10,7824318,7824336,2
chr10,12244073,12244091,22
chr10,12244012,12244030,23
chr10,12244011,12244029,34
chr10,12860671,12860689,24
chr10,13983308,13983326,23
chr10,13983307,13983325,34
chr10,14046350,14046368,54
chr10,14057946,14057964,11
chr10,14110946,14110964,24
chr10,14705712,14705730,9
chr10,14705705,14705723,11
chr10,14705711,14705729,17
chr10,17565540,17565558,13
chr10,17772066,17772084,2
chr10,19062350,19062368,6
chr10,19062350,19062368,9
chr10,19062349,19062367,17
chr10,19104483,19104501,11
chr10,19117753,19117771,1
chr10,19117745,19117763,2
chr10,19117752,19117770,12
chr10,19117706,19117724,21
chr10,19117705,19117723,32
chr10,19185340,19185358,11
chr10,19185916,19185934,11
chr10,19581671,19581689,2
chr10,19582128,19582146,3
chr10,19581707,19581725,11
chr10,19581727,19581745,11
chr10,19582103,19582121,11
chr10,19582127,19582145,14
chr10,19581660,19581678,31
chr10,19582138,19582156,31
chr10,19620120,19620138,11
chr10,19620086,19620104,31
chr10,19935150,19935168,11
chr10,19933645,19933663,36
chr10,19933645,19933663,39
chr10,21200637,21200655,11
chr10,21235388,21235406,6
chr10,21906127,21906145,9
chr10,21906126,21906144,17
chr10,21946993,21947011,9
chr10,21946992,21947010,17
chr10,22299378,22299396,1
chr10,22299383,22299401,11
chr10,22299377,22299395,12
chr10,22302177,22302195,69
chr10,24312405,24312423,1
chr10,24312426,24312444,4
chr10,24312415,24312433,11
chr10,24312404,24312422,12
chr10,24622668,24622686,71
chr10,24641007,24641025,87
chr10,24870523,24870541,4
chr10,28669228,28669246,2
chr10,30618879,30618897,11
chr10,30819267,30819285,36
chr10,39172133,39172151,28
chr10,39172133,39172151,29
chr10,39172132,39172150,37
chr10,39172122,39172140,53
chr10,39172121,39172139,94
chr10,39625830,39625848,11
chr10,39793528,39793546,74
chr10,39793528,39793546,84
chr10,40163127,40163145,3
chr10,40163126,40163144,14
chr10,40259250,40259268,22
chr10,40259244,40259262,24
chr10,40371936,40371954,13
chr10,40479913,40479931,82
chr10,41888347,41888365,82
chr10,41937532,41937550,11
chr10,42762711,42762729,24
chr10,43996711,43996729,22
chr10,50593461,50593479,24
chr10,54076975,54076993,13
chr10,54076986,54077004,29
chr10,54076985,54077003,37
chr10,57532780,57532798,4
chr10,57743729,57743747,21
chr10,57743728,57743746,32
chr10,58370368,58370386,26
chr10,58370368,58370386,29
chr10,58370367,58370385,37
chr10,58370367,58370385,40
chr10,58377572,58377590,1
chr10,58377564,58377582,2
chr10,58377571,58377589,12
chr10,59952988,59953006,2
chr10,61148065,61148083,3
chr10,61148087,61148105,11
chr10,61148064,61148082,14
chr10,61148076,61148094,22
chr10,61148084,61148102,33
chr10,61452146,61452164,97
chr10,62508372,62508390,2
chr10,62506816,62506834,8
chr10,62508361,62508379,11
chr10,62506638,62506656,21
chr10,62506637,62506655,32
chr10,62792568,62792586,1
chr10,62792567,62792585,12
chr10,62858882,62858900,3
chr10,62858881,62858899,14
chr10,62946703,62946721,2
chr10,62984421,62984439,87
chr10,66864756,66864774,11
chr10,67184015,67184033,2
chr10,68280109,68280127,70
chr10,68280110,68280128,78
chr10,68280110,68280128,88
chr10,71361837,71361855,31
chr10,75212721,75212739,13
chr10,75764563,75764581,21
chr10,75764562,75764580,32
chr10,75836311,75836329,76
chr10,76469341,76469359,2
chr10,78595043,78595061,21
chr10,78595042,78595060,32
chr10,79703944,79703962,2
chr10,79703964,79703982,2
chr10,79703933,79703951,11
chr10,79959662,79959680,11
chr10,79959682,79959700,11
chr10,79959702,79959720,11
chr10,79959722,79959740,11
chr10,79959742,79959760,11
chr10,79959762,79959780,11
chr10,80024467,80024485,2
chr10,80023609,80023627,11
chr10,80678979,80678997,11
chr10,81017184,81017202,2
chr10,81127781,81127799,22
chr10,81321194,81321212,15
chr10,83330354,83330372,1
chr10,83330353,83330371,12
chr10,83544753,83544771,2
chr10,84577330,84577348,3
chr10,84576316,84576334,4
chr10,84577329,84577347,14
chr10,85411482,85411500,13
chr10,87178622,87178640,31
chr10,90557772,90557790,39
chr10,91161030,91161048,62
chr10,91161031,91161049,81
chr10,93070642,93070660,19
chr10,93158827,93158845,11
chr10,95260834,95260852,2
chr10,95261164,95261182,11
chr10,95323723,95323741,11
chr10,95677505,95677523,63
chr10,95779927,95779945,61
chr10,95843083,95843101,68
chr10,96203982,96204000,84
chr10,96400632,96400650,5
chr10,96589975,96589993,61
chr10,96589975,96589993,91
chr10,96609122,96609140,67
chr10,96609123,96609141,88
chr10,96609123,96609141,89
chr10,96620456,96620474,11
chr10,96621161,96621179,51
chr10,96664867,96664885,88
chr10,96690313,96690331,2
chr10,96690328,96690346,11
chr10,96786941,96786959,13
chr10,98684135,98684153,92
chr10,98785578,98785596,68
chr10,98875873,98875891,1
chr10,98875789,98875807,2
chr10,98875842,98875860,2
chr10,98875893,98875911,2
chr10,98875862,98875880,11
chr10,98875872,98875890,12
chr10,98877834,98877852,31
chr10,99107882,99107900,2
chr10,99116660,99116678,11
chr10,99262583,99262601,4
chr10,103014759,103014777,11
chr10,111009321,111009339,1
chr10,111008289,111008307,2
chr10,111009320,111009338,12
chr10,116422745,116422763,21
chr10,116422744,116422762,32
chr10,116581930,116581948,2
chr10,116950897,116950915,11
chr10,117104465,117104483,11
chr10,117625698,117625716,1
chr10,117625697,117625715,12
chr10,117630060,117630078,2
chr10,117630030,117630048,11
chr10,117630034,117630052,33
chr10,119294380,119294398,3
chr10,119294379,119294397,14
chr10,119294391,119294409,22
chr10,119294388,119294406,24
chr10,119433023,119433041,33
chr10,120113540,120113558,11
chr10,120113560,120113578,11
chr10,120113570,120113588,13
chr10,120125132,120125150,2
chr10,121506265,121506283,21
chr10,121506259,121506277,22
chr10,121506264,121506282,32
chr10,122652341,122652359,21
chr10,122652340,122652358,32
chr10,122758397,122758415,22
chr10,122807160,122807178,1
chr10,122807159,122807177,12
chr10,122986671,122986689,11
chr10,127676491,127676509,1
chr10,127676486,127676504,2
chr10,127676490,127676508,12
chr10,128081135,128081153,2
chr10,128080878,128080896,11
chr10,128081099,128081117,11
chr10,128081124,128081142,21
chr10,128081059,128081077,23
chr10,128081123,128081141,32
chr10,128081058,128081076,34
chr10,128322159,128322177,2
chr10,128410174,128410192,2
chr10,128940578,128940596,87
chr11,3336430,3336448,11
chr11,3336425,3336443,21
chr11,3336419,3336437,22
chr11,3336424,3336442,32
chr11,3963513,3963531,11
chr11,4497975,4497993,87
chr11,5435658,5435676,31
chr11,6000955,6000973,66
chr11,6000955,6000973,69
chr11,6695006,6695024,11
chr11,6701188,6701206,31
chr11,6705354,6705372,66
chr11,6705354,6705372,69
chr11,9749327,9749345,25
chr11,11691763,11691781,33
chr11,11727879,11727897,3
chr11,11727878,11727896,14
chr11,11726787,11726805,24
chr11,17161089,17161107,1
chr11,17161088,17161106,12
chr11,17211834,17211852,80
chr11,19923842,19923860,1
chr11,19923841,19923859,12
chr11,21101406,21101424,29
chr11,21101405,21101423,37
chr11,21101405,21101423,40
chr11,21103687,21103705,71
chr11,21174867,21174885,13
chr11,21175331,21175349,16
chr11,21175331,21175349,19
chr11,21181127,21181145,72
chr11,21181127,21181145,82
chr11,21222584,21222602,11
chr11,21222604,21222622,11
chr11,21222624,21222642,11
chr11,21224448,21224466,54
chr11,21303783,21303801,52
chr11,21303783,21303801,82
chr11,30772593,30772611,1
chr11,30772604,30772622,2
chr11,30772615,30772633,11
chr11,30772592,30772610,12
chr11,30772610,30772628,21
chr11,30772609,30772627,32
chr11,32126230,32126248,1
chr11,32126229,32126247,12
chr11,32487053,32487071,71
chr11,32543705,32543723,2
chr11,32543459,32543477,22
chr11,34011220,34011238,11
chr11,34047723,34047741,74
chr11,34047723,34047741,84
chr11,34761866,34761884,31
chr11,38188851,38188869,87
chr11,40692841,40692859,22
chr11,44520809,44520827,2
chr11,45955712,45955730,78
chr11,46076368,46076386,51
chr11,46090242,46090260,2
chr11,46312677,46312695,6
chr11,46312191,46312209,54
chr11,46312191,46312209,84
chr11,46474516,46474534,13
chr11,49085190,49085208,2
chr11,50174171,50174189,1
chr11,50174195,50174213,1
chr11,50175106,50175124,3
chr11,50174156,50174174,11
chr11,50174205,50174223,11
chr11,50174170,50174188,12
chr11,50174194,50174212,12
chr11,50175105,50175123,14
chr11,50378671,50378689,57
chr11,50378671,50378689,87
chr11,50431399,50431417,22
chr11,50431396,50431414,24
chr11,50836142,50836160,84
chr11,51763929,51763947,1
chr11,51763917,51763935,2
chr11,51763928,51763946,12
chr11,52274136,52274154,1
chr11,52274185,52274203,2
chr11,52274135,52274153,12
chr11,52309921,52309939,1
chr11,52309906,52309924,11
chr11,52309920,52309938,12
chr11,52341299,52341317,11
chr11,52341289,52341307,31
chr11,53330367,53330385,23
chr11,53330366,53330384,34
chr11,54150989,54151007,69
chr11,54151000,54151018,87
chr11,54438954,54438972,61
chr11,54500427,54500445,72
chr11,54621999,54622017,2
chr11,54958676,54958694,4
chr11,54957717,54957735,22
chr11,54957708,54957726,24
chr11,55136679,55136697,3
chr11,55136678,55136696,14
chr11,57686047,57686065,2
chr11,57686041,57686059,11
chr11,58329962,58329980,56
chr11,58329962,58329980,59
chr11,58904393,58904411,2
chr11,58927897,58927915,2
chr11,60084968,60084986,2
chr11,60539684,60539702,22
chr11,60539666,60539684,24
chr11,61652679,61652697,2
chr11,61652695,61652713,4
chr11,61652707,61652725,22
chr11,62649077,62649095,76
chr11,62649077,62649095,86
chr11,69258062,69258080,4
chr11,69323902,69323920,50
chr11,69629917,69629935,24
chr11,69682598,69682616,2
chr11,69757992,69758010,72
chr11,70647596,70647614,31
chr11,76406725,76406743,59
chr11,76406724,76406742,67
chr11,76406724,76406742,70
chr11,76406725,76406743,89
chr11,76406724,76406742,97
chr11,76406724,76406742,100
chr11,77216703,77216721,2
chr11,77348005,77348023,62
chr11,77348006,77348024,81
chr11,77372117,77372135,87
chr11,78175168,78175186,22
chr11,78261195,78261213,21
chr11,78261194,78261212,32
chr11,79296446,79296464,2
chr11,79296491,79296509,2
chr11,79296462,79296480,3
chr11,79296458,79296476,4
chr11,79296461,79296479,14
chr11,79704763,79704781,11
chr11,82947973,82947991,31
chr11,85140719,85140737,41
chr11,85140719,85140737,91
chr11,86578476,86578494,1
chr11,86578475,86578493,12
chr11,87423534,87423552,10
chr11,87423593,87423611,22
chr11,87721381,87721399,2
chr11,87755840,87755858,1
chr11,87755847,87755865,2
chr11,87755839,87755857,12
chr11,88048749,88048767,1
chr11,88048748,88048766,12
chr11,88553002,88553020,97
chr11,88717476,88717494,21
chr11,88717475,88717493,32
chr11,89061489,89061507,1
chr11,89061488,89061506,12
chr11,94718931,94718949,59
chr11,94718930,94718948,67
chr11,94718931,94718949,89
chr11,95258990,95259008,91
chr11,95356753,95356771,11
chr11,95714365,95714383,21
chr11,95714338,95714356,24
chr11,95714364,95714382,32
chr11,96455666,96455684,64
chr11,96455667,96455685,83
chr11,96465951,96465969,38
chr11,96465962,96465980,76
chr11,96465962,96465980,79
chr11,96468353,96468371,2
chr11,97996387,97996405,2
chr11,97996394,97996412,11
chr11,98487043,98487061,11
chr11,98788751,98788769,4
chr11,98944488,98944506,2
chr11,98944500,98944518,5
chr11,99104481,99104499,2
chr11,99238946,99238964,2
chr11,100473021,100473039,2
chr11,100846423,100846441,4
chr11,100846407,100846425,11
chr11,100848432,100848450,1
chr11,100848437,100848455,11
chr11,100848431,100848449,12
chr11,101302492,101302510,2
chr11,101302512,101302530,2
chr11,101302489,101302507,21
chr11,101302488,101302506,32
chr11,101627273,101627291,21
chr11,101627272,101627290,32
chr11,102556283,102556301,23
chr11,102556282,102556300,34
chr11,103175780,103175798,24
chr11,103413017,103413035,8
chr11,104609679,104609697,87
chr11,104622456,104622474,96
chr11,105125764,105125782,26
chr11,106430929,106430947,2
chr11,106680578,106680596,2
chr11,106680597,106680615,3
chr11,106680602,106680620,4
chr11,106680596,106680614,14
chr11,106680617,106680635,22
chr11,106680608,106680626,24
chr11,107417850,107417868,57
chr11,107417850,107417868,60
chr11,107443341,107443359,21
chr11,107443340,107443358,32
chr11,107547542,107547560,87
chr11,108249458,108249476,8
chr11,108273143,108273161,8
chr11,108910615,108910633,8
chr11,108910615,108910633,9
chr11,108910614,108910632,17
chr11,109420229,109420247,41
chr11,109420229,109420247,91
chr11,109432889,109432907,11
chr11,109445706,109445724,2
chr11,109445711,109445729,7
chr11,115746446,115746464,2
chr11,116088109,116088127,2
chr11,116335977,116335995,76
chr11,116413905,116413923,1
chr11,116413904,116413922,12
chr11,116413525,116413543,84
chr11,116433529,116433547,11
chr11,117072191,117072209,1
chr11,117071923,117071941,2
chr11,117071930,117071948,11
chr11,117072180,117072198,11
chr11,117072190,117072208,12
chr11,117776942,117776960,2
chr11,117966402,117966420,67
chr11,117966402,117966420,70
chr11,117966403,117966421,88
chr11,117966403,117966421,89
chr11,118228475,118228493,77
chr11,118228475,118228493,87
chr11,119040557,119040575,68
chr11,119085325,119085343,48
chr11,119085325,119085343,49
chr11,119085325,119085343,98
chr11,119085325,119085343,99
chr11,119166495,119166513,66
chr11,119166495,119166513,69
chr12,3569025,3569043,22
chr12,4817857,4817875,23
chr12,4817856,4817874,34
chr12,11230232,11230250,7
chr12,11230221,11230239,21
chr12,11230220,11230238,32
chr12,11229951,11229969,62
chr12,11229952,11229970,81
chr12,11229951,11229969,92
chr12,12289895,12289913,61
chr12,12289895,12289913,91
chr12,16049835,16049853,99
chr12,16532288,16532306,1
chr12,16532280,16532298,2
chr12,16532287,16532305,12
chr12,16532277,16532295,21
chr12,16532276,16532294,32
chr12,16532489,16532507,84
chr12,21418464,21418482,62
chr12,21418465,21418483,81
chr12,21540076,21540094,31
chr12,26402116,26402134,8
chr12,26402115,26402133,15
chr12,31755585,31755603,2
chr12,32292367,32292385,2
chr12,33159868,33159886,72
chr12,33302370,33302388,21
chr12,33302369,33302387,32
chr12,33316130,33316148,1
chr12,33316129,33316147,12
chr12,40039084,40039102,21
chr12,40039083,40039101,32
chr12,42405540,42405558,74
chr12,42405540,42405558,84
chr12,51348951,51348969,4
chr12,51866534,51866552,22
chr12,54569021,54569039,11
chr12,54568972,54568990,13
chr12,54568983,54569001,24
chr12,55388581,55388599,48
chr12,59132127,59132145,3
chr12,59132116,59132134,11
chr12,59132126,59132144,14
chr12,69258099,69258117,2
chr12,69257893,69257911,28
chr12,69386660,69386678,53
chr12,69386659,69386677,64
chr12,69386660,69386678,83
chr12,69615820,69615838,74
chr12,70476844,70476862,2
chr12,71047379,71047397,2
chr12,71137072,71137090,21
chr12,71137071,71137089,32
chr12,73163134,73163152,2
chr12,73611202,73611220,33
chr12,73692978,73692996,2
chr12,74895199,74895217,31
chr12,75449633,75449651,51
chr12,75449632,75449650,62
chr12,75449633,75449651,81
chr12,75736355,75736373,1
chr12,75736296,75736314,2
chr12,75736320,75736338,2
chr12,75736326,75736344,3
chr12,75736349,75736367,11
chr12,75736354,75736372,12
chr12,75736325,75736343,14
chr12,75736343,75736361,22
chr12,75736339,75736357,31
chr12,75836984,75837002,1
chr12,75836983,75837001,12
chr12,76379692,76379710,21
chr12,76379691,76379709,32
chr12,76868271,76868289,21
chr12,76868270,76868288,32
chr12,79296569,79296587,11
chr12,79381586,79381604,13
chr12,79381594,79381612,22
chr12,79381591,79381609,24
chr12,79444938,79444956,2
chr12,79444927,79444945,11
chr12,79628109,79628127,66
chr12,79628109,79628127,69
chr12,80792523,80792541,1
chr12,80792522,80792540,12
chr12,80816451,80816469,8
chr12,80816451,80816469,9
chr12,80816450,80816468,17
chr12,80945579,80945597,21
chr12,80945578,80945596,32
chr12,81859626,81859644,1
chr12,81859625,81859643,12
chr12,82189802,82189820,52
chr12,83502228,83502246,22
chr12,83988526,83988544,2
chr12,86046527,86046545,7
chr12,86046476,86046494,13
chr12,86046472,86046490,24
chr12,86811428,86811446,26
chr12,86834196,86834214,21
chr12,86834195,86834213,32
chr12,98116880,98116898,18
chr12,98116880,98116898,19
chr12,99322661,99322679,24
chr12,101006020,101006038,52
chr12,101913572,101913590,2
chr12,102456791,102456809,7
chr12,102456791,102456809,10
chr12,103426262,103426280,11
chr12,106034690,106034708,4
chr12,106308924,106308942,13
chr12,107123540,107123558,11
chr12,107135344,107135362,11
chr12,107139546,107139564,18
chr12,107139546,107139564,19
chr12,107996356,107996374,72
chr12,108003327,108003345,2
chr12,108631739,108631757,2
chr12,108636318,108636336,33
chr12,110490350,110490368,2
chr12,110490370,110490388,2
chr12,110495724,110495742,11
chr12,112449613,112449631,51
chr12,112449612,112449630,92
chr12,113074230,113074248,22
chr12,116283490,116283508,2
chr12,116283501,116283519,11
chr12,116416782,116416800,24
chr13,4944880,4944898,15
chr13,4944880,4944898,20
chr13,4945255,4945273,82
chr13,21940622,21940640,4
chr13,23432346,23432364,11
chr13,23454016,23454034,24
chr13,23454034,23454052,24
chr13,24599810,24599828,38
chr13,24613771,24613789,1
chr13,24613778,24613796,2
chr13,24613770,24613788,12
chr13,24617367,24617385,11
chr13,24801178,24801196,11
chr13,28053572,28053590,1
chr13,28053571,28053589,12
chr13,28053411,28053429,31
chr13,30085571,30085589,2
chr13,30174665,30174683,11
chr13,30832583,30832601,2
chr13,33004286,33004304,61
chr13,37751526,37751544,1
chr13,37751525,37751543,12
chr13,40922802,40922820,2
chr13,41249196,41249214,23
chr13,41249195,41249213,34
chr13,43453594,43453612,1
chr13,43453593,43453611,12
chr13,44507472,44507490,2
chr13,44507492,44507510,2
chr13,44816120,44816138,1
chr13,44816119,44816137,12
chr13,45391564,45391582,1
chr13,45391558,45391576,11
chr13,45391563,45391581,12
chr13,46737405,46737423,2
chr13,48968882,48968900,11
chr13,49309859,49309877,4
chr13,49310183,49310201,28
chr13,51101600,51101618,2
chr13,52793533,52793551,85
chr13,52828233,52828251,11
chr13,55432539,55432557,31
chr13,56747299,56747317,13
chr13,58158501,58158519,52
chr13,58214501,58214519,42
chr13,59841012,59841030,28
chr13,59840976,59840994,29
chr13,59841012,59841030,29
chr13,59840975,59840993,37
chr13,59841011,59841029,37
chr13,63223416,63223434,69
chr13,63431667,63431685,11
chr13,64153776,64153794,22
chr13,64432606,64432624,55
chr13,64432606,64432624,60
chr13,64432606,64432624,85
chr13,64432606,64432624,90
chr13,73328731,73328749,2
chr13,74462833,74462851,70
chr13,74462834,74462852,78
chr13,74462834,74462852,88
chr13,85430784,85430802,71
chr13,85430783,85430801,92
chr13,85479534,85479552,71
chr13,85505727,85505745,19
chr13,85505286,85505304,22
chr13,85556172,85556190,2
chr13,85556178,85556196,11
chr13,85556493,85556511,31
chr13,88992188,88992206,25
chr13,91223462,91223480,11
chr13,91305942,91305960,1
chr13,91305941,91305959,12
chr13,91370848,91370866,4
chr13,91371377,91371395,22
chr13,91509283,91509301,31
chr13,95685726,95685744,33
chr13,95957191,95957209,53
chr13,95957190,95957208,64
chr13,95957191,95957209,83
chr13,96511478,96511496,22
chr13,98317672,98317690,13
chr13,98810530,98810548,11
chr13,100492841,100492859,31
chr13,100731272,100731290,11
chr13,101668904,101668922,11
chr13,101701628,101701646,56
chr13,101701627,101701645,70
chr13,101701628,101701646,86
chr13,103919493,103919511,2
chr13,104179171,104179189,16
chr13,104619961,104619979,11
chr13,104620650,104620668,72
chr13,104620650,104620668,82
chr13,107056814,107056832,24
chr13,109775848,109775866,13
chr13,109821896,109821914,20
chr13,112425135,112425153,2
chr13,112440402,112440420,67
chr13,112440403,112440421,78
chr13,112440403,112440421,79
chr13,112440403,112440421,88
chr13,112440403,112440421,89
chr13,112467277,112467295,2
chr13,112469482,112469500,2
chr13,113579932,113579950,11
chr13,113618846,113618864,11
chr13,114388147,114388165,91
chr13,117026296,117026314,2
chr13,117216242,117216260,29
chr13,117216241,117216259,37
chr13,117221553,117221571,22
chr13,119429970,119429988,11
chr13,119462828,119462846,1
chr13,119462823,119462841,11
chr13,119462827,119462845,12
chr14,10452666,10452684,66
chr14,10452666,10452684,69
chr14,14068469,14068487,1
chr14,14068468,14068486,12
chr14,18186943,18186961,11
chr14,19985874,19985892,22
chr14,19985138,19985156,53
chr14,25458056,25458074,11
chr14,27335261,27335279,3
chr14,27335250,27335268,11
chr14,27335267,27335285,13
chr14,27335260,27335278,14
chr14,27335625,27335643,62
chr14,27335626,27335644,71
chr14,27335626,27335644,81
chr14,27335625,27335643,92
chr14,27375294,27375312,11
chr14,27375632,27375650,11
chr14,27376703,27376721,67
chr14,27376704,27376722,89
chr14,27405358,27405376,8
chr14,27405357,27405375,20
chr14,27405369,27405387,73
chr14,27405368,27405386,94
chr14,31194652,31194670,10
chr14,34122844,34122862,1
chr14,34122843,34122861,12
chr14,34401434,34401452,2
chr14,34615211,34615229,11
chr14,44066887,44066905,11
chr14,44988283,44988301,2
chr14,44988289,44988307,11
chr14,45051726,45051744,2
chr14,45051746,45051764,2
chr14,45051770,45051788,2
chr14,45051802,45051820,2
chr14,45051826,45051844,2
chr14,45051846,45051864,2
chr14,45051870,45051888,2
chr14,45051890,45051908,2
chr14,45051918,45051936,2
chr14,45051946,45051964,2
chr14,45051966,45051984,2
chr14,45052002,45052020,2
chr14,45052026,45052044,2
chr14,45052050,45052068,2
chr14,45052074,45052092,2
chr14,45052094,45052112,2
chr14,45052118,45052136,2
chr14,47105200,47105218,2
chr14,47105533,47105551,27
chr14,47418467,47418485,2
chr14,51089260,51089278,82
chr14,51883947,51883965,22
chr14,51883944,51883962,24
chr14,51892139,51892157,2
chr14,51892159,51892177,2
chr14,54197920,54197938,33
chr14,54771897,54771915,68
chr14,54893843,54893861,54
chr14,55724349,55724367,22
chr14,56777749,56777767,22
chr14,57408969,57408987,2
chr14,60705269,60705287,1
chr14,60705268,60705286,12
chr14,60784374,60784392,56
chr14,61057281,61057299,3
chr14,61057280,61057298,14
chr14,61173620,61173638,1
chr14,61173625,61173643,11
chr14,61173619,61173637,12
chr14,61599360,61599378,4
chr14,61736799,61736817,72
chr14,67211815,67211833,36
chr14,70148294,70148312,79
chr14,70545061,70545079,2
chr14,70545045,70545063,11
chr14,73088263,73088281,87
chr14,73349241,73349259,28
chr14,73388994,73389012,3
chr14,73389482,73389500,11
chr14,73388993,73389011,14
chr14,73389458,73389476,22
chr14,73474818,73474836,2
chr14,78559143,78559161,6
chr14,79293953,79293971,2
chr14,79521515,79521533,2
chr14,79521392,79521410,11
chr14,79534677,79534695,22
chr14,79534665,79534683,24
chr14,80908278,80908296,21
chr14,80908277,80908295,32
chr14,85266508,85266526,31
chr14,101478377,101478395,2
chr14,101478321,101478339,23
chr14,101478320,101478338,34
chr14,101510326,101510344,64
chr14,101510327,101510345,83
chr14,101640912,101640930,27
chr14,101640912,101640930,30
chr14,103349366,103349384,2
chr14,103349355,103349373,11
chr14,118820330,118820348,4
chr14,118929725,118929743,10
chr14,120274708,120274726,2
chr14,121349781,121349799,66
chr14,121879518,121879536,38
chr14,121880553,121880571,76
chr14,121880553,121880571,86
chr14,121915790,121915808,23
chr14,121915789,121915807,34
chr14,121929215,121929233,21
chr14,121929264,121929282,23
chr14,121929214,121929232,32
chr14,121929263,121929281,34
chr14,121931340,121931358,21
chr14,121931339,121931357,32
chr14,121939124,121939142,76
chr14,121939124,121939142,79
chr14,122053072,122053090,1
chr14,122053071,122053089,12
chr15,3271163,3271181,72
chr15,3996543,3996561,2
chr15,5236782,5236800,11
chr15,5237763,5237781,24
chr15,6574989,6575007,3
chr15,6574988,6575006,14
chr15,6593123,6593141,11
chr15,6600838,6600856,59
chr15,6600848,6600866,67
chr15,6600849,6600867,89
chr15,8168363,8168381,2
chr15,8168341,8168359,24
chr15,8168352,8168370,31
chr15,8234089,8234107,13
chr15,8445718,8445736,2
chr15,9466550,9466568,13
chr15,11533184,11533202,31
chr15,12010868,12010886,54
chr15,12371486,12371504,49
chr15,12371496,12371514,69
chr15,25845145,25845163,35
chr15,27630883,27630901,33
chr15,27641815,27641833,2
chr15,27641854,27641872,68
chr15,27669250,27669268,22
chr15,27669244,27669262,24
chr15,35529446,35529464,1
chr15,35529451,35529469,2
chr15,35529445,35529463,12
chr15,36345876,36345894,2
chr15,36345896,36345914,2
chr15,36345862,36345880,3
chr15,36345861,36345879,14
chr15,36345869,36345887,31
chr15,36794821,36794839,22
chr15,36902449,36902467,22
chr15,36902416,36902434,24
chr15,36902434,36902452,24
chr15,36938868,36938886,48
chr15,36938868,36938886,49
chr15,38301270,38301288,98
chr15,38602609,38602627,2
chr15,38602629,38602647,21
chr15,38602628,38602646,32
chr15,39861226,39861244,54
chr15,50889875,50889893,22
chr15,50889872,50889890,24
chr15,51847140,51847158,2
chr15,53128483,53128501,77
chr15,53328329,53328347,16
chr15,53327494,53327512,24
chr15,57772839,57772857,7
chr15,57772851,57772869,84
chr15,58655060,58655078,82
chr15,59280789,59280807,1
chr15,59280788,59280806,12
chr15,59519591,59519609,62
chr15,59519592,59519610,81
chr15,59525788,59525806,23
chr15,59525787,59525805,34
chr15,59538633,59538651,77
chr15,59538633,59538651,87
chr15,61440628,61440646,11
chr15,62164558,62164576,1
chr15,62164546,62164564,2
chr15,62164569,62164587,2
chr15,62164557,62164575,12
chr15,62165354,62165372,65
chr15,62165355,62165373,78
chr15,62165355,62165373,88
chr15,62165354,62165372,95
chr15,62177883,62177901,21
chr15,62177882,62177900,32
chr15,64211886,64211904,4
chr15,64212313,64212331,98
chr15,64246617,64246635,21
chr15,64246616,64246634,32
chr15,66512802,66512820,2
chr15,66512580,66512598,76
chr15,66861605,66861623,9
chr15,66861722,66861740,9
chr15,66861604,66861622,17
chr15,66861721,66861739,17
chr15,66861666,66861684,31
chr15,66861655,66861673,64
chr15,66861656,66861674,83
chr15,66861682,66861700,87
chr15,73169782,73169800,11
chr15,74720852,74720870,61
chr15,74720852,74720870,91
chr15,74920824,74920842,4
chr15,75909405,75909423,69
chr15,76081215,76081233,57
chr15,76081215,76081233,87
chr15,76899545,76899563,2
chr15,76899534,76899552,11
chr15,77800574,77800592,8
chr15,77838860,77838878,11
chr15,77839140,77839158,11
chr15,78528000,78528018,53
chr15,79950463,79950481,11
chr15,80611997,80612015,24
chr15,80612015,80612033,24
chr15,80697663,80697681,43
chr15,80744316,80744334,3
chr15,80744315,80744333,14
chr15,80799608,80799626,1
chr15,80799607,80799625,12
chr15,80897089,80897107,13
chr15,80930951,80930969,13
chr15,80930133,80930151,66
chr15,80930133,80930151,69
chr15,80948539,80948557,27
chr15,80948539,80948557,30
chr15,81044135,81044153,1
chr15,81044130,81044148,2
chr15,81043994,81044012,3
chr15,81044134,81044152,12
chr15,81043993,81044011,14
chr15,81540083,81540101,1
chr15,81540082,81540100,12
chr15,81872141,81872159,24
chr15,81872142,81872160,63
chr15,81872142,81872160,93
chr15,81961323,81961341,11
chr15,82244824,82244842,2
chr15,83603773,83603791,4
chr15,83602624,83602642,8
chr15,83602624,83602642,9
chr15,83602623,83602641,17
chr15,83602207,83602225,35
chr15,85250472,85250490,23
chr15,85250471,85250489,34
chr15,89123309,89123327,1
chr15,89123308,89123326,12
chr15,93379362,93379380,79
chr15,96544019,96544037,1
chr15,96544002,96544020,2
chr15,96544013,96544031,11
chr15,96544018,96544036,12
chr15,97246849,97246867,7
chr15,97246849,97246867,10
chr15,97362931,97362949,2
chr15,97362526,97362544,8
chr15,97362526,97362544,9
chr15,97362937,97362955,11
chr15,97362525,97362543,17
chr15,97374169,97374187,2
chr15,97372419,97372437,21
chr15,97372418,97372436,32
chr15,97406075,97406093,7
chr15,97459305,97459323,1
chr15,97459289,97459307,2
chr15,97459304,97459322,12
chr15,100419375,100419393,36
chr15,100747610,100747628,2
chr15,101258383,101258401,33
chr15,101258779,101258797,100
chr15,101283305,101283323,5
chr15,102459690,102459708,1
chr15,102459701,102459719,2
chr15,102459694,102459712,11
chr15,102459689,102459707,12
chr15,102458538,102458556,13
chr16,10536670,10536688,2
chr16,10536682,10536700,4
chr16,10536633,10536651,11
chr16,10536691,10536709,24
chr16,10725029,10725047,78
chr16,10725029,10725047,88
chr16,10771311,10771329,7
chr16,10836192,10836210,2
chr16,10844912,10844930,2
chr16,11501125,11501143,51
chr16,13027314,13027332,24
chr16,15269912,15269930,11
chr16,15269954,15269972,11
chr16,15642701,15642719,2
chr16,17016178,17016196,1
chr16,17016177,17016195,12
chr16,17015488,17015506,21
chr16,17015487,17015505,32
chr16,17276030,17276048,2
chr16,21845457,21845475,4
chr16,23099950,23099968,77
chr16,23379745,23379763,24
chr16,23986856,23986874,13
chr16,24155182,24155200,63
chr16,24911272,24911290,10
chr16,24911283,24911301,100
chr16,28775066,28775084,94
chr16,29835066,29835084,4
chr16,29835088,29835106,11
chr16,29835078,29835096,21
chr16,29835077,29835095,32
chr16,32108120,32108138,3
chr16,32108119,32108137,14
chr16,32632468,32632486,22
chr16,33371185,33371203,2
chr16,35871871,35871889,82
chr16,35940057,35940075,31
chr16,37437399,37437417,7
chr16,37437393,37437411,11
chr16,37867664,37867682,2
chr16,37869382,37869400,58
chr16,37869381,37869399,70
chr16,37869382,37869400,88
chr16,38131526,38131544,2
chr16,38632157,38632175,1
chr16,38632156,38632174,12
chr16,42874706,42874724,58
chr16,42874706,42874724,59
chr16,42874705,42874723,97
chr16,43699253,43699271,4
chr16,43699237,43699255,11
chr16,43699257,43699275,11
chr16,44362756,44362774,22
chr16,44362747,44362765,24
chr16,44692195,44692213,87
chr16,45137232,45137250,31
chr16,45252775,45252793,1
chr16,45252774,45252792,12
chr16,47732065,47732083,31
chr16,48595174,48595192,11
chr16,48786472,48786490,2
chr16,49888109,49888127,2
chr16,52056522,52056540,31
chr16,52082215,52082233,2
chr16,52200223,52200241,13
chr16,55526494,55526512,9
chr16,55526493,55526511,17
chr16,55583612,55583630,69
chr16,55837615,55837633,1
chr16,55837611,55837629,4
chr16,55837614,55837632,12
chr16,55863458,55863476,22
chr16,55863452,55863470,24
chr16,56076209,56076227,2
chr16,56076198,56076216,21
chr16,56076197,56076215,32
chr16,56932857,56932875,2
chr16,62847371,62847389,11
chr16,62847396,62847414,11
chr16,64178122,64178140,23
chr16,64178121,64178139,34
chr16,64836606,64836624,2
chr16,75767259,75767277,11
chr16,75767276,75767294,13
chr16,75856851,75856869,1
chr16,75856856,75856874,11
chr16,75856850,75856868,12
chr16,75899958,75899976,1
chr16,75899962,75899980,2
chr16,75899957,75899975,12
chr16,75908926,75908944,13
chr16,76354830,76354848,11
chr16,78564526,78564544,11
chr16,84584150,84584168,1
chr16,84584149,84584167,12
chr16,84703898,84703916,2
chr16,84703153,84703171,11
chr16,84703882,84703900,21
chr16,84703807,84703825,22
chr16,84703890,84703908,22
chr16,84703790,84703808,23
chr16,84703801,84703819,24
chr16,84703812,84703830,31
chr16,84703881,84703899,32
chr16,84703789,84703807,34
chr16,84824848,84824866,3
chr16,84824847,84824865,14
chr16,89837940,89837958,22
chr16,91011807,91011825,51
chr16,91373817,91373835,2
chr16,91407422,91407440,2
chr16,91407442,91407460,2
chr16,91407543,91407561,2
chr16,91407554,91407572,11
chr16,91446862,91446880,1
chr16,91447053,91447071,6
chr16,91446867,91446885,11
chr16,91446861,91446879,12
chr16,91476301,91476319,13
chr16,91484662,91484680,87
chr16,91826202,91826220,2
chr16,92820382,92820400,62
chr16,92820383,92820401,81
chr16,92822964,92822982,67
chr16,92822965,92822983,89
chr16,93572356,93572374,61
chr16,94568469,94568487,2
chr16,94568481,94568499,6
chr16,94568481,94568499,9
chr16,94568480,94568498,17
chr16,95150812,95150830,1
chr16,95150811,95150829,12
chr16,95219264,95219282,24
chr16,95806503,95806521,2
chr16,95894174,95894192,7
chr16,97963979,97963997,11
chr16,97963999,97964017,11
chr17,3114699,3114717,11
chr17,4778149,4778167,11
chr17,4778516,4778534,13
chr17,4778530,4778548,22
chr17,4778524,4778542,24
chr17,4907114,4907132,9
chr17,4907113,4907131,17
chr17,6828733,6828751,1
chr17,6828740,6828758,2
chr17,6828732,6828750,12
chr17,7931750,7931768,63
chr17,8311788,8311806,11
chr17,8311777,8311795,62
chr17,8311778,8311796,81
chr17,8372706,8372724,1
chr17,8372725,8372743,1
chr17,8372717,8372735,2
chr17,8372705,8372723,12
chr17,8372724,8372742,12
chr17,8372245,8372263,51
chr17,8372244,8372262,62
chr17,8372245,8372263,81
chr17,10232731,10232749,24
chr17,11758549,11758567,1
chr17,11758548,11758566,12
chr17,11758388,11758406,31
chr17,12371897,12371915,23
chr17,12371896,12371914,34
chr17,12623221,12623239,24
chr17,12677265,12677283,22
chr17,13008556,13008574,38
chr17,16951514,16951532,62
chr17,16951515,16951533,71
chr17,16951515,16951533,81
chr17,17121343,17121361,62
chr17,17121344,17121362,71
chr17,17121344,17121362,81
chr17,17179257,17179275,62
chr17,17179258,17179276,71
chr17,17179258,17179276,81
chr17,17294395,17294413,62
chr17,17294396,17294414,71
chr17,17294396,17294414,81
chr17,20944512,20944530,2
chr17,21478530,21478548,54
chr17,21478530,21478548,84
chr17,24937204,24937222,11
chr17,26244425,26244443,8
chr17,26244424,26244442,20
chr17,26502707,26502725,1
chr17,26502699,26502717,2
chr17,26502717,26502735,11
chr17,26502706,26502724,12
chr17,26509295,26509313,11
chr17,27204644,27204662,11
chr17,27997337,27997355,26
chr17,28210579,28210597,22
chr17,28210576,28210594,24
chr17,28696986,28697004,3
chr17,28696982,28697000,4
chr17,28696985,28697003,14
chr17,28952115,28952133,3
chr17,28952114,28952132,14
chr17,28952120,28952138,22
chr17,29032066,29032084,2
chr17,29489267,29489285,6
chr17,29492525,29492543,11
chr17,29489266,29489284,20
chr17,29492237,29492255,22
chr17,29492258,29492276,22
chr17,29492243,29492261,24
chr17,29769116,29769134,87
chr17,29973507,29973525,54
chr17,29973507,29973525,84
chr17,31012304,31012322,13
chr17,31012321,31012339,22
chr17,31012318,31012336,24
chr17,31012294,31012312,31
chr17,31012351,31012369,31
chr17,31137127,31137145,1
chr17,31137134,31137152,2
chr17,31137095,31137113,11
chr17,31137126,31137144,12
chr17,31205274,31205292,2
chr17,31205292,31205310,2
chr17,31205316,31205334,2
chr17,32424406,32424424,67
chr17,32424406,32424424,70
chr17,32424407,32424425,89
chr17,33033591,33033609,1
chr17,33033575,33033593,2
chr17,33033590,33033608,12
chr17,33719013,33719031,2
chr17,33719033,33719051,4
chr17,33824983,33825001,2
chr17,33824990,33825008,11
chr17,34103186,34103204,1
chr17,34103185,34103203,12
chr17,35048821,35048839,1
chr17,35048814,35048832,2
chr17,35048820,35048838,12
chr17,35122156,35122174,3
chr17,35122155,35122173,14
chr17,35135533,35135551,4
chr17,35135522,35135540,11
chr17,35186220,35186238,2
chr17,36021057,36021075,31
chr17,36958932,36958950,2
chr17,42093130,42093148,2
chr17,43699609,43699627,2
chr17,43699845,43699863,51
chr17,43699844,43699862,62
chr17,43699845,43699863,81
chr17,44328207,44328225,2
chr17,44735470,44735488,24
chr17,45433880,45433898,2
chr17,45433900,45433918,2
chr17,46711038,46711056,11
chr17,47504452,47504470,22
chr17,47507897,47507915,1
chr17,47507908,47507926,2
chr17,47507902,47507920,11
chr17,47507896,47507914,12
chr17,47534235,47534253,2
chr17,47533586,47533604,84
chr17,47923591,47923609,13
chr17,48410084,48410102,55
chr17,50483743,50483761,64
chr17,50483744,50483762,73
chr17,50483744,50483762,83
chr17,51834404,51834422,1
chr17,51834443,51834461,2
chr17,51834403,51834421,12
chr17,55959730,55959748,12
chr17,56219295,56219313,11
chr17,56831504,56831522,65
chr17,57131938,57131956,64
chr17,57131939,57131957,83
chr17,57971634,57971652,31
chr17,66102154,66102172,42
chr17,66102155,66102173,51
chr17,69025291,69025309,2
chr17,69396909,69396927,2
chr17,69396444,69396462,11
chr17,70852557,70852575,4
chr17,70853915,70853933,13
chr17,71196178,71196196,11
chr17,72918478,72918496,2
chr17,72918489,72918507,11
chr17,72936314,72936332,31
chr17,72948677,72948695,1
chr17,72948665,72948683,2
chr17,72948676,72948694,12
chr17,73108830,73108848,2
chr17,73108825,73108843,11
chr17,73174379,73174397,1
chr17,73174378,73174396,12
chr17,73804409,73804427,1
chr17,73804408,73804426,12
chr17,78201786,78201804,21
chr17,78201785,78201803,32
chr17,78247200,78247218,31
chr17,78362154,78362172,35
chr17,83350425,83350443,72
chr17,83453857,83453875,2
chr17,83772657,83772675,11
chr17,83772654,83772672,33
chr17,84119655,84119673,85
chr17,84162804,84162822,2
chr17,84312634,84312652,4
chr17,84423283,84423301,82
chr17,84856307,84856325,11
chr17,84894549,84894567,3
chr17,84894548,84894566,14
chr17,85170714,85170732,64
chr17,85170715,85170733,83
chr17,85170714,85170732,94
chr17,86757893,86757911,62
chr17,86757894,86757912,81
chr17,87025862,87025880,13
chr17,87119344,87119362,67
chr17,87119345,87119363,89
chr17,94750728,94750746,13
chr17,94750738,94750756,33
chr18,3281710,3281728,39
chr18,5593009,5593027,11
chr18,5593422,5593440,53
chr18,6377538,6377556,16
chr18,6377538,6377556,19
chr18,7608821,7608839,2
chr18,7608849,7608867,2
chr18,7608844,7608862,11
chr18,7870236,7870254,2
chr18,7870256,7870274,2
chr18,12236709,12236727,26
chr18,12972248,12972266,58
chr18,12972248,12972266,59
chr18,12972247,12972265,67
chr18,12972247,12972265,70
chr18,12972248,12972266,88
chr18,12972248,12972266,89
chr18,20947162,20947180,1
chr18,20947185,20947203,1
chr18,20947173,20947191,2
chr18,20947161,20947179,12
chr18,20947184,20947202,12
chr18,23806114,23806132,51
chr18,23804954,23804972,58
chr18,23804954,23804972,59
chr18,23806113,23806131,92
chr18,24470674,24470692,23
chr18,24470673,24470691,34
chr18,25241968,25241986,11
chr18,31608990,31609008,4
chr18,32598440,32598458,87
chr18,32945799,32945817,8
chr18,32945799,32945817,9
chr18,32945798,32945816,17
chr18,34221996,34222014,11
chr18,35499342,35499360,1
chr18,35499341,35499359,12
chr18,35661437,35661455,1
chr18,35661431,35661449,11
chr18,35661436,35661454,12
chr18,35774050,35774068,22
chr18,36735078,36735096,2
chr18,37815217,37815235,22
chr18,37815241,37815259,62
chr18,37815242,37815260,81
chr18,37815241,37815259,92
chr18,38427149,38427167,53
chr18,40651596,40651614,31
chr18,49980941,49980959,1
chr18,49980940,49980958,12
chr18,50014908,50014926,29
chr18,50014907,50014925,37
chr18,50016482,50016500,31
chr18,54906621,54906639,22
chr18,56455630,56455648,19
chr18,56468657,56468675,2
chr18,56471243,56471261,1
chr18,56470606,56470624,2
chr18,56471242,56471260,12
chr18,56470235,56470253,22
chr18,56471390,56471408,27
chr18,56714951,56714969,2
chr18,61555312,61555330,93
chr18,63692606,63692624,11
chr18,65405515,65405533,16
chr18,65479091,65479109,26
chr18,67280723,67280741,51
chr18,67280722,67280740,62
chr18,67280723,67280741,81
chr18,67725525,67725543,11
chr18,70530888,70530906,31
chr18,73837108,73837126,39
chr18,76929257,76929275,1
chr18,76929232,76929250,2
chr18,76929278,76929296,3
chr18,76929267,76929285,11
chr18,76929256,76929274,12
chr18,76929277,76929295,14
chr18,76929289,76929307,21
chr18,76929288,76929306,32
chr18,76943944,76943962,93
chr18,79905323,79905341,28
chr18,80255583,80255601,13
chr18,81400287,81400305,72
chr18,82471642,82471660,11
chr18,82471652,82471670,13
chr18,82471623,82471641,33
chr18,82471646,82471664,33
chr18,82511718,82511736,10
chr18,84091706,84091724,41
chr19,4052290,4052308,16
chr19,4052290,4052308,19
chr19,4145185,4145203,2
chr19,4203113,4203131,29
chr19,4203112,4203130,37
chr19,4203112,4203130,40
chr19,4333642,4333660,63
chr19,5389612,5389630,2
chr19,5489760,5489778,11
chr19,8880696,8880714,10
chr19,8898691,8898709,84
chr19,8998228,8998246,2
chr19,8998266,8998284,3
chr19,8998265,8998283,14
chr19,8998221,8998239,21
chr19,8998220,8998238,32
chr19,9054828,9054846,87
chr19,9916306,9916324,1
chr19,9916387,9916405,1
chr19,9916271,9916289,2
chr19,9916313,9916331,2
chr19,9916305,9916323,12
chr19,9916386,9916404,12
chr19,9916302,9916320,31
chr19,10740289,10740307,49
chr19,10740197,10740215,51
chr19,10752977,10752995,5
chr19,10777175,10777193,7
chr19,11356448,11356466,1
chr19,11356262,11356280,2
chr19,11356257,11356275,11
chr19,11356447,11356465,12
chr19,11356251,11356269,21
chr19,11356247,11356265,31
chr19,11356250,11356268,32
chr19,11435613,11435631,1
chr19,11435064,11435082,3
chr19,11435378,11435396,4
chr19,11435731,11435749,8
chr19,11435731,11435749,9
chr19,11435612,11435630,12
chr19,11435063,11435081,14
chr19,11435730,11435748,17
chr19,11435375,11435393,24
chr19,11436519,11436537,61
chr19,11482088,11482106,21
chr19,11482087,11482105,32
chr19,11513875,11513893,2
chr19,11513759,11513777,57
chr19,11513759,11513777,60
chr19,11513759,11513777,87
chr19,11513759,11513777,90
chr19,11517410,11517428,21
chr19,11517404,11517422,22
chr19,11517401,11517419,24
chr19,11517409,11517427,32
chr19,11589482,11589500,11
chr19,12010989,12011007,31
chr19,12501930,12501948,68
chr19,12797583,12797601,21
chr19,12797582,12797600,32
chr19,25062031,25062049,2
chr19,25062051,25062069,2
chr19,26748606,26748624,2
chr19,27430237,27430255,21
chr19,27430236,27430254,32
chr19,29271556,29271574,13
chr19,29367124,29367142,11
chr19,29418582,29418600,1
chr19,29418593,29418611,2
chr19,29418604,29418622,11
chr19,29418581,29418599,12
chr19,29418599,29418617,21
chr19,29418598,29418616,32
chr19,30044281,30044299,87
chr19,34298935,34298953,1
chr19,34298946,34298964,4
chr19,34298950,34298968,11
chr19,34298934,34298952,12
chr19,34505006,34505024,57
chr19,34505006,34505024,87
chr19,34510880,34510898,2
chr19,36477923,36477941,33
chr19,36834937,36834955,2
chr19,37208160,37208178,11
chr19,37375726,37375744,1
chr19,37375730,37375748,11
chr19,37375725,37375743,12
chr19,40818998,40819016,1
chr19,40818997,40819015,12
chr19,41848665,41848683,78
chr19,45686256,45686274,2
chr19,45998722,45998740,22
chr19,46503272,46503290,21
chr19,46503271,46503289,32
chr19,46613075,46613093,1
chr19,46613074,46613092,12
chr19,47511268,47511286,56
chr19,47511268,47511286,86
chr19,48575998,48576016,84
chr19,53143413,53143431,21
chr19,53143412,53143430,32
chr19,53183836,53183854,2
chr19,53194910,53194928,23
chr19,53196558,53196576,24
chr19,53196612,53196630,24
chr19,53196636,53196654,24
chr19,53194909,53194927,34
chr19,53311480,53311498,1
chr19,53311450,53311468,11
chr19,53311474,53311492,11
chr19,53311479,53311497,12
chr19,53312744,53312762,13
chr19,53314060,53314078,24
chr19,53442769,53442787,4
chr19,53442753,53442771,11
chr19,53460961,53460979,1
chr19,53460960,53460978,12
chr19,53534313,53534331,1
chr19,53534312,53534330,12
chr19,53538934,53538952,54
chr19,53538934,53538952,84
chr19,53800577,53800595,64
chr19,53800567,53800585,69
chr19,53800578,53800596,83
chr19,53891410,53891428,1
chr19,53891409,53891427,12
chr19,55099608,55099626,67
chr19,55099609,55099627,86
chr19,55099609,55099627,89
chr19,55099608,55099626,97
chr19,55742005,55742023,22
chr19,56397980,56397998,21
chr19,56397979,56397997,32
chr19,57119652,57119670,49
chr19,59943010,59943028,11
chr19,59943033,59943051,13
chr19,59943044,59943062,21
chr19,59943043,59943061,32
chr19,60226819,60226837,1
chr19,60226826,60226844,2
chr19,60226846,60226864,2
chr19,60226818,60226836,12
chr19,60226802,60226820,21
chr19,60226801,60226819,32
chr2,9872667,9872685,11
chr2,11161620,11161638,51
chr2,11160565,11160583,69
chr2,11161619,11161637,92
chr2,11172951,11172969,1
chr2,11172910,11172928,11
chr2,11172950,11172968,12
chr2,11174219,11174237,31
chr2,11190837,11190855,11
chr2,11193954,11193972,1
chr2,11193948,11193966,2
chr2,11193211,11193229,6
chr2,11193211,11193229,9
chr2,11193959,11193977,11
chr2,11193953,11193971,12
chr2,11193210,11193228,17
chr2,11193363,11193381,54
chr2,11202679,11202697,2
chr2,11202672,11202690,31
chr2,11206103,11206121,1
chr2,11206010,11206028,8
chr2,11206102,11206120,12
chr2,11254039,11254057,29
chr2,11254038,11254056,37
chr2,11254658,11254676,54
chr2,11375195,11375213,11
chr2,11553543,11553561,76
chr2,11553543,11553561,79
chr2,11641107,11641125,11
chr2,11651598,11651616,68
chr2,13558558,13558576,69
chr2,13794397,13794415,1
chr2,13794386,13794404,11
chr2,13794396,13794414,12
chr2,14074330,14074348,31
chr2,15049582,15049600,7
chr2,16359633,16359651,1
chr2,16359632,16359650,12
chr2,19666380,19666398,2
chr2,19666391,19666409,11
chr2,21205339,21205357,13
chr2,22805395,22805413,11
chr2,25157846,25157864,13
chr2,25551970,25551988,2
chr2,26021819,26021837,73
chr2,29097428,29097446,2
chr2,29097440,29097458,4
chr2,29097455,29097473,22
chr2,29097449,29097467,24
chr2,29826926,29826944,2
chr2,29936011,29936029,7
chr2,30953440,30953458,22
chr2,31062549,31062567,23
chr2,31062548,31062566,34
chr2,31118522,31118540,11
chr2,31180614,31180632,1
chr2,31180613,31180631,12
chr2,32164936,32164954,31
chr2,32757857,32757875,2
chr2,32917865,32917883,11
chr2,32982303,32982321,1
chr2,32982302,32982320,12
chr2,35131416,35131434,1
chr2,35131421,35131439,3
chr2,35131589,35131607,3
chr2,35131415,35131433,12
chr2,35131420,35131438,14
chr2,35131588,35131606,14
chr2,35131577,35131595,22
chr2,35131583,35131601,23
chr2,35131582,35131600,34
chr2,35168834,35168852,2
chr2,35169001,35169019,7
chr2,37443689,37443707,31
chr2,39997494,39997512,31
chr2,43738363,43738381,2
chr2,43738352,43738370,11
chr2,43772768,43772786,39
chr2,44923525,44923543,2
chr2,47418543,47418561,1
chr2,47418542,47418560,12
chr2,48477101,48477119,33
chr2,50296947,50296965,22
chr2,51934387,51934405,1
chr2,51934386,51934404,12
chr2,52304866,52304884,2
chr2,54038298,54038316,31
chr2,58139255,58139273,1
chr2,58138403,58138421,2
chr2,58139260,58139278,2
chr2,58138129,58138147,11
chr2,58139254,58139272,12
chr2,58139244,58139262,21
chr2,58138119,58138137,31
chr2,58139243,58139261,32
chr2,58157431,58157449,1
chr2,58154955,58154973,2
chr2,58157284,58157302,2
chr2,58157269,58157287,4
chr2,58157430,58157448,12
chr2,58179310,58179328,19
chr2,58179159,58179177,38
chr2,58179159,58179177,39
chr2,58323312,58323330,72
chr2,59469387,59469405,87
chr2,62352166,62352184,39
chr2,68656030,68656048,11
chr2,68656071,68656089,11
chr2,69635245,69635263,11
chr2,69635230,69635248,21
chr2,69635229,69635247,32
chr2,69779241,69779259,11
chr2,70835725,70835743,1
chr2,70835724,70835742,12
chr2,71166779,71166797,2
chr2,71166773,71166791,11
chr2,71814459,71814477,8
chr2,71814458,71814476,20
chr2,71813898,71813916,74
chr2,73716649,73716667,4
chr2,73911771,73911789,2
chr2,73911782,73911800,11
chr2,75055482,75055500,10
chr2,75072978,75072996,11
chr2,75639376,75639394,11
chr2,75892398,75892416,2
chr2,75892639,75892657,11
chr2,75891968,75891986,24
chr2,78869680,78869698,2
chr2,78962436,78962454,9
chr2,78962435,78962453,17
chr2,78998853,78998871,48
chr2,79121209,79121227,11
chr2,79127491,79127509,1
chr2,79127490,79127508,12
chr2,83645139,83645157,2
chr2,83700729,83700747,11
chr2,90745087,90745105,52
chr2,91711175,91711193,11
chr2,92443051,92443069,2
chr2,93453350,93453368,1
chr2,93453354,93453372,2
chr2,93453371,93453389,4
chr2,93453360,93453378,11
chr2,93453349,93453367,12
chr2,93471568,93471586,4
chr2,94405920,94405938,68
chr2,101991923,101991941,1
chr2,101991922,101991940,12
chr2,102874059,102874077,11
chr2,102887096,102887114,91
chr2,103583469,103583487,53
chr2,103583468,103583486,64
chr2,103583469,103583487,83
chr2,109278464,109278482,2
chr2,112284920,112284938,1
chr2,112284919,112284937,12
chr2,113849120,113849138,11
chr2,113849105,113849123,22
chr2,113849099,113849117,24
chr2,113849110,113849128,31
chr2,114144655,114144673,4
chr2,117390384,117390402,1
chr2,117390383,117390401,12
chr2,118479982,118480000,8
chr2,118479982,118480000,9
chr2,118479981,118479999,17
chr2,118479981,118479999,20
chr2,119478693,119478711,11
chr2,120564035,120564053,2
chr2,120971450,120971468,1
chr2,120971150,120971168,2
chr2,120971455,120971473,2
chr2,120971466,120971484,11
chr2,120971449,120971467,12
chr2,120978207,120978225,11
chr2,120976604,120976622,16
chr2,120976604,120976622,19
chr2,127207896,127207914,11
chr2,127917241,127917259,87
chr2,127927446,127927464,26
chr2,127927446,127927464,29
chr2,127927445,127927463,37
chr2,127927445,127927463,40
chr2,128295598,128295616,4
chr2,128295613,128295631,22
chr2,128295610,128295628,24
chr2,128379543,128379561,24
chr2,128396234,128396252,11
chr2,130179465,130179483,11
chr2,132282408,132282426,2
chr2,132282414,132282432,11
chr2,132511341,132511359,1
chr2,132511329,132511347,2
chr2,132511340,132511358,12
chr2,132512364,132512382,52
chr2,132512364,132512382,82
chr2,132670306,132670324,26
chr2,136890704,136890722,4
chr2,136890713,136890731,21
chr2,136890712,136890730,32
chr2,138266017,138266035,31
chr2,138265773,138265791,36
chr2,140043087,140043105,2
chr2,140043084,140043102,21
chr2,140043075,140043093,22
chr2,140043080,140043098,31
chr2,140043083,140043101,32
chr2,144600382,144600400,24
chr2,145831992,145832010,1
chr2,145831991,145832009,12
chr2,145832100,145832118,54
chr2,146855853,146855871,7
chr2,146855853,146855871,10
chr2,147861201,147861219,87
chr2,148752707,148752725,68
chr2,150311478,150311496,13
chr2,152775671,152775689,21
chr2,152775670,152775688,32
chr2,152775576,152775594,59
chr2,153278921,153278939,2
chr2,153351520,153351538,11
chr2,153351514,153351532,22
chr2,155079498,155079516,87
chr2,156862660,156862678,1
chr2,156862659,156862677,12
chr2,158735580,158735598,31
chr2,158794300,158794318,51
chr2,160733387,160733405,8
chr2,160733386,160733404,20
chr2,163103752,163103770,1
chr2,163103751,163103769,12
chr2,164805610,164805628,51
chr2,164805609,164805627,62
chr2,164805610,164805628,81
chr2,165954274,165954292,2
chr2,166031730,166031748,9
chr2,166031729,166031747,17
chr2,166035698,166035716,2
chr2,166035702,166035720,4
chr2,167014693,167014711,59
chr2,167014692,167014710,67
chr2,167014693,167014711,89
chr2,167102074,167102092,71
chr2,167632568,167632586,2
chr2,167632470,167632488,4
chr2,167632556,167632574,72
chr2,167632556,167632574,82
chr2,167942830,167942848,33
chr2,172999683,172999701,1
chr2,172999671,172999689,2
chr2,172999682,172999700,12
chr2,173018297,173018315,2
chr2,173077051,173077069,7
chr2,173410034,173410052,11
chr2,173410023,173410041,62
chr2,173410067,173410085,69
chr2,173410024,173410042,81
chr2,173436478,173436496,11
chr2,173452168,173452186,57
chr2,173452168,173452186,60
chr2,173452168,173452186,87
chr2,173452168,173452186,90
chr2,173769417,173769435,72
chr2,174077164,174077182,70
chr2,174077165,174077183,78
chr2,174077165,174077183,88
chr2,174614120,174614138,3
chr2,174614119,174614137,14
chr2,174614324,174614342,100
chr2,180589956,180589974,30
chr2,181706958,181706976,2
chr2,181706933,181706951,11
chr3,8667981,8667999,11
chr3,8667868,8667886,87
chr3,20222857,20222875,22
chr3,20222260,20222278,93
chr3,21952031,21952049,11
chr3,21951378,21951396,22
chr3,21951372,21951390,24
chr3,21962922,21962940,31
chr3,21966123,21966141,1
chr3,21966130,21966148,2
chr3,21966122,21966140,12
chr3,22040962,22040980,30
chr3,27921065,27921083,7
chr3,27921065,27921083,10
chr3,30603264,30603282,2
chr3,30603244,30603262,13
chr3,30603258,30603276,22
chr3,32398390,32398408,11
chr3,32398380,32398398,21
chr3,32398379,32398397,32
chr3,35318389,35318407,11
chr3,37484030,37484048,2
chr3,37654776,37654794,2
chr3,37723701,37723719,1
chr3,37723700,37723718,12
chr3,51224302,51224320,11
chr3,51342509,51342527,1
chr3,51342508,51342526,12
chr3,51417244,51417262,19
chr3,51655017,51655035,11
chr3,52322883,52322901,1
chr3,52322882,52322900,12
chr3,52343846,52343864,69
chr3,52343846,52343864,99
chr3,52498685,52498703,8
chr3,52498684,52498702,20
chr3,52634499,52634517,1
chr3,52634498,52634516,12
chr3,54724508,54724526,4
chr3,54723711,54723729,11
chr3,54724730,54724748,11
chr3,54723514,54723532,22
chr3,54724158,54724176,66
chr3,54724158,54724176,69
chr3,54724158,54724176,96
chr3,54724158,54724176,99
chr3,58414880,58414898,11
chr3,60414103,60414121,1
chr3,60414098,60414116,11
chr3,60414102,60414120,12
chr3,60472282,60472300,87
chr3,60476101,60476119,9
chr3,60476090,60476108,11
chr3,60477385,60477403,11
chr3,60476100,60476118,17
chr3,60478315,60478333,2
chr3,60478355,60478373,2
chr3,60478326,60478344,11
chr3,60478128,60478146,84
chr3,60485710,60485728,94
chr3,60503766,60503784,3
chr3,60503881,60503899,11
chr3,60503765,60503783,14
chr3,60503771,60503789,22
chr3,60503763,60503781,23
chr3,60503762,60503780,34
chr3,60501789,60501807,41
chr3,60516834,60516852,1
chr3,60516838,60516856,2
chr3,60516823,60516841,11
chr3,60516844,60516862,11
chr3,60516833,60516851,12
chr3,60516909,60516927,22
chr3,60526759,60526777,1
chr3,60526766,60526784,2
chr3,60526758,60526776,12
chr3,60526726,60526744,21
chr3,60526725,60526743,32
chr3,61640945,61640963,31
chr3,63964799,63964817,49
chr3,68760800,68760818,1
chr3,68760789,68760807,11
chr3,68760799,68760817,12
chr3,69159733,69159751,11
chr3,69177840,69177858,68
chr3,69177840,69177858,69
chr3,69205277,69205295,11
chr3,69482187,69482205,72
chr3,69482187,69482205,82
chr3,79225788,79225806,1
chr3,79225808,79225826,2
chr3,79225787,79225805,12
chr3,79225777,79225795,21
chr3,79225776,79225794,32
chr3,82047415,82047433,11
chr3,82047435,82047453,11
chr3,82047460,82047478,11
chr3,83797290,83797308,1
chr3,83797289,83797307,12
chr3,85070987,85071005,23
chr3,85071038,85071056,23
chr3,85071164,85071182,23
chr3,85070986,85071004,34
chr3,85071037,85071055,34
chr3,85071163,85071181,34
chr3,86871738,86871756,1
chr3,86871737,86871755,12
chr3,86870876,86870894,77
chr3,86870888,86870906,90
chr3,87844631,87844649,2
chr3,87844625,87844643,11
chr3,87885788,87885806,3
chr3,87885784,87885802,4
chr3,87885787,87885805,14
chr3,89870018,89870036,21
chr3,89870114,89870132,21
chr3,89870017,89870035,32
chr3,89870113,89870131,32
chr3,89905304,89905322,11
chr3,89905344,89905362,22
chr3,89963970,89963988,22
chr3,89963965,89963983,23
chr3,89963964,89963982,34
chr3,90254921,90254939,91
chr3,93554921,93554939,31
chr3,94616881,94616899,91
chr3,95589219,95589237,22
chr3,95668448,95668466,1
chr3,95669295,95669313,6
chr3,95668442,95668460,11
chr3,95668447,95668465,12
chr3,95818481,95818499,8
chr3,95818480,95818498,15
chr3,95818480,95818498,20
chr3,95973363,95973381,11
chr3,96556375,96556393,21
chr3,96556374,96556392,32
chr3,96567173,96567191,62
chr3,96567174,96567192,81
chr3,98027362,98027380,3
chr3,98027747,98027765,11
chr3,98027361,98027379,14
chr3,98027367,98027385,22
chr3,100422703,100422721,11
chr3,100688421,100688439,58
chr3,100688421,100688439,88
chr3,101021530,101021548,8
chr3,101066306,101066324,19
chr3,101233579,101233597,24
chr3,101283723,101283741,2
chr3,101462474,101462492,84
chr3,103377392,103377410,2
chr3,103383594,103383612,11
chr3,103780811,103780829,2
chr3,103780800,103780818,11
chr3,103790388,103790406,4
chr3,103863400,103863418,28
chr3,103886354,103886372,2
chr3,106461683,106461701,1
chr3,106461690,106461708,2
chr3,106461697,106461715,11
chr3,106461682,106461700,12
chr3,106966674,106966692,82
chr3,108554842,108554860,18
chr3,108554925,108554943,31
chr3,108554832,108554850,41
chr3,108562969,108562987,11
chr3,108911935,108911953,6
chr3,108911935,108911953,9
chr3,108911934,108911952,17
chr3,115673348,115673366,2
chr3,115714628,115714646,1
chr3,115714627,115714645,12
chr3,115713199,115713217,21
chr3,115713198,115713216,32
chr3,115806341,115806359,11
chr3,115945060,115945078,63
chr3,115972688,115972706,19
chr3,119981518,119981536,31
chr3,121163832,121163850,1
chr3,121163831,121163849,12
chr3,121171811,121171829,10
chr3,123266924,123266942,1
chr3,123266923,123266941,12
chr3,127837920,127837938,11
chr3,129536583,129536601,11
chr3,130820107,130820125,1
chr3,130820106,130820124,12
chr3,130902304,130902322,40
chr3,130936887,130936905,11
chr3,130936907,130936925,11
chr3,131056987,131057005,61
chr3,131117082,131117100,2
chr3,131117094,131117112,7
chr3,131117094,131117112,10
chr3,131303376,131303394,2
chr3,135515653,135515671,2
chr3,135665612,135665630,91
chr3,135731341,135731359,2
chr3,137865484,137865502,2
chr3,137865866,137865884,69
chr3,138143229,138143247,72
chr3,142493681,142493699,13
chr3,142560142,142560160,60
chr3,142560142,142560160,90
chr3,142618499,142618517,31
chr3,142620125,142620143,72
chr3,142764855,142764873,11
chr3,145117892,145117910,2
chr3,149326672,149326690,11
chr3,149327120,149327138,11
chr3,153592134,153592152,68
chr3,153592134,153592152,69
chr4,3967454,3967472,24
chr4,3967468,3967486,31
chr4,5044654,5044672,11
chr4,5044697,5044715,11
chr4,6366173,6366191,11
chr4,6445348,6445366,2
chr4,6817247,6817265,7
chr4,6860090,6860108,2
chr4,8783257,8783275,21
chr4,8783256,8783274,32
chr4,8800016,8800034,11
chr4,11088723,11088741,97
chr4,11322539,11322557,2
chr4,11405236,11405254,2
chr4,11405401,11405419,3
chr4,11405400,11405418,14
chr4,11485632,11485650,62
chr4,11485633,11485651,81
chr4,13519311,13519329,2
chr4,17133826,17133844,11
chr4,19697026,19697044,61
chr4,21727164,21727182,70
chr4,23403937,23403955,11
chr4,25281183,25281201,23
chr4,25281182,25281200,34
chr4,32251936,32251954,2
chr4,32250376,32250394,13
chr4,32263991,32264009,2
chr4,32263405,32263423,11
chr4,32287589,32287607,2
chr4,32334209,32334227,1
chr4,32336067,32336085,2
chr4,32334208,32334226,12
chr4,32342805,32342823,2
chr4,32342590,32342608,61
chr4,32365944,32365962,11
chr4,32388478,32388496,11
chr4,35156695,35156713,3
chr4,35156694,35156712,14
chr4,38581705,38581723,8
chr4,38581522,38581540,31
chr4,40218596,40218614,55
chr4,40702686,40702704,38
chr4,40702686,40702704,39
chr4,40839051,40839069,1
chr4,40839050,40839068,12
chr4,40839044,40839062,13
chr4,40839055,40839073,21
chr4,40839054,40839072,32
chr4,40948678,40948696,77
chr4,41774303,41774321,40
chr4,46151926,46151944,11
chr4,46390370,46390388,11
chr4,48043988,48044006,11
chr4,48043697,48043715,61
chr4,53159690,53159708,11
chr4,59261582,59261600,4
chr4,63411193,63411211,21
chr4,63411192,63411210,32
chr4,74669874,74669892,2
chr4,79303467,79303485,25
chr4,86652027,86652045,1
chr4,86652019,86652037,2
chr4,86652026,86652044,12
chr4,86652016,86652034,21
chr4,86652012,86652030,31
chr4,86652015,86652033,32
chr4,88868863,88868881,2
chr4,89146109,89146127,1
chr4,89146108,89146126,12
chr4,97773554,97773572,4
chr4,98383386,98383404,22
chr4,101182995,101183013,11
chr4,101249156,101249174,11
chr4,102516923,102516941,2
chr4,102569829,102569847,2
chr4,102682343,102682361,69
chr4,102982825,102982843,11
chr4,102982786,102982804,24
chr4,102990697,102990715,52
chr4,102990697,102990715,82
chr4,103120899,103120917,72
chr4,103215660,103215678,1
chr4,103215659,103215677,12
chr4,103803866,103803884,33
chr4,106840426,106840444,62
chr4,106840427,106840445,81
chr4,106910236,106910254,20
chr4,108071164,108071182,22
chr4,108071161,108071179,24
chr4,108071169,108071187,31
chr4,108301488,108301506,1
chr4,108301487,108301505,12
chr4,108301485,108301503,23
chr4,108301484,108301502,34
chr4,108319667,108319685,2
chr4,108319218,108319236,11
chr4,108319223,108319241,21
chr4,108319222,108319240,32
chr4,108999784,108999802,22
chr4,109670324,109670342,3
chr4,109670323,109670341,14
chr4,115838643,115838661,2
chr4,116009016,116009034,2
chr4,117126273,117126291,13
chr4,117134532,117134550,1
chr4,117134531,117134549,12
chr4,117182763,117182781,11
chr4,117190647,117190665,1
chr4,117190642,117190660,11
chr4,117190646,117190664,12
chr4,117201981,117201999,2
chr4,117202372,117202390,11
chr4,117202702,117202720,61
chr4,120925506,120925524,7
chr4,123918214,123918232,23
chr4,123918213,123918231,34
chr4,123918199,123918217,51
chr4,126677234,126677252,2
chr4,127061314,127061332,2
chr4,127061308,127061326,11
chr4,128712007,128712025,27
chr4,128981133,128981151,92
chr4,129008477,129008495,2
chr4,129008244,129008262,3
chr4,129008243,129008261,14
chr4,129571174,129571192,11
chr4,129571163,129571181,22
chr4,132033337,132033355,79
chr4,132039969,132039987,73
chr4,132659698,132659716,11
chr4,133162806,133162824,2
chr4,133169598,133169616,31
chr4,133169544,133169562,62
chr4,133169545,133169563,81
chr4,133277874,133277892,8
chr4,133278400,133278418,11
chr4,133277873,133277891,20
chr4,133753078,133753096,24
chr4,133800668,133800686,3
chr4,133800667,133800685,14
chr4,134106299,134106317,23
chr4,134106298,134106316,34
chr4,134118605,134118623,33
chr4,134478400,134478418,4
chr4,134495673,134495691,11
chr4,134915191,134915209,13
chr4,135079473,135079491,2
chr4,135203138,135203156,1
chr4,135203110,135203128,2
chr4,135203137,135203155,12
chr4,135248807,135248825,1
chr4,135248806,135248824,12
chr4,135439621,135439639,11
chr4,135954392,135954410,7
chr4,135954372,135954390,21
chr4,135954310,135954328,22
chr4,135954366,135954384,22
chr4,135954301,135954319,24
chr4,135954360,135954378,24
chr4,135954371,135954389,32
chr4,136089332,136089350,30
chr4,137358328,137358346,11
chr4,137357968,137357986,21
chr4,137358163,137358181,31
chr4,137357967,137357985,32
chr4,137387862,137387880,1
chr4,137387861,137387879,12
chr4,137861021,137861039,2
chr4,137866391,137866409,43
chr4,140701495,140701513,10
chr4,140952356,140952374,11
chr4,145210850,145210868,2
chr4,145210839,145210857,11
chr4,145255298,145255316,8
chr4,145255355,145255373,8
chr4,145255410,145255428,8
chr4,145255298,145255316,9
chr4,145255355,145255373,9
chr4,145255410,145255428,9
chr4,145255297,145255315,17
chr4,145255354,145255372,17
chr4,145255409,145255427,17
chr4,148509796,148509814,1
chr4,148509785,148509803,11
chr4,148509795,148509813,12
chr4,149100032,149100050,13
chr4,149486148,149486166,21
chr4,149486147,149486165,32
chr4,150540119,150540137,31
chr4,150539959,150539977,73
chr4,150545524,150545542,2
chr4,150558394,150558412,11
chr4,150588036,150588054,11
chr4,150915121,150915139,54
chr4,150915121,150915139,84
chr4,152448974,152448992,52
chr4,156110421,156110439,1
chr4,156110539,156110557,2
chr4,156110528,156110546,11
chr4,156110554,156110572,11
chr4,156110420,156110438,12
chr5,3894268,3894286,2
chr5,3894256,3894274,62
chr5,3894257,3894275,71
chr5,3894257,3894275,81
chr5,12794474,12794492,31
chr5,20955762,20955780,11
chr5,21438649,21438667,1
chr5,21438648,21438666,12
chr5,21785351,21785369,2
chr5,23844268,23844286,23
chr5,23844267,23844285,34
chr5,24101488,24101506,4
chr5,28317181,28317199,23
chr5,28317180,28317198,34
chr5,30667233,30667251,2
chr5,30667374,30667392,67
chr5,30667375,30667393,88
chr5,30667375,30667393,89
chr5,31602260,31602278,42
chr5,32479278,32479296,2
chr5,32485857,32485875,1
chr5,32485856,32485874,12
chr5,32485845,32485863,22
chr5,32713967,32713985,91
chr5,37051446,37051464,2
chr5,45730197,45730215,31
chr5,47129176,47129194,31
chr5,50071980,50071998,84
chr5,52782778,52782796,4
chr5,53993903,53993921,28
chr5,53993902,53993920,40
chr5,54100774,54100792,18
chr5,54100774,54100792,19
chr5,54101386,54101404,87
chr5,58311093,58311111,11
chr5,58311134,58311152,11
chr5,62223977,62223995,31
chr5,62753391,62753409,1
chr5,62753422,62753440,1
chr5,62753385,62753403,11
chr5,62753390,62753408,12
chr5,62753421,62753439,12
chr5,62751735,62751753,67
chr5,62751736,62751754,89
chr5,62766969,62766987,3
chr5,62766968,62766986,14
chr5,64371258,64371276,2
chr5,64806350,64806368,11
chr5,64819509,64819527,8
chr5,64960320,64960338,1
chr5,64960319,64960337,12
chr5,64960306,64960324,13
chr5,64960324,64960342,22
chr5,64960316,64960334,31
chr5,65336186,65336204,72
chr5,65898343,65898361,31
chr5,66075171,66075189,2
chr5,69556531,69556549,2
chr5,69556537,69556555,11
chr5,69556281,69556299,24
chr5,72161144,72161162,42
chr5,72161145,72161163,51
chr5,72205657,72205675,11
chr5,72205842,72205860,59
chr5,72811898,72811916,33
chr5,72811908,72811926,35
chr5,75045340,75045358,2
chr5,79176771,79176789,1
chr5,79176770,79176788,12
chr5,88765484,88765502,31
chr5,92309679,92309697,27
chr5,92349003,92349021,72
chr5,93263890,93263908,22
chr5,93263876,93263894,23
chr5,93263875,93263893,34
chr5,96201718,96201736,22
chr5,96201727,96201745,24
chr5,96201760,96201778,48
chr5,100517936,100517954,33
chr5,100526321,100526339,18
chr5,103356375,103356393,2
chr5,103360927,103360945,3
chr5,103360926,103360944,14
chr5,103519711,103519729,2
chr5,103519722,103519740,11
chr5,103519227,103519245,67
chr5,103519228,103519246,89
chr5,103915001,103915019,87
chr5,104282744,104282762,1
chr5,104282743,104282761,12
chr5,104572077,104572095,53
chr5,105110691,105110709,1
chr5,105110690,105110708,12
chr5,105443620,105443638,71
chr5,105840270,105840288,11
chr5,107926171,107926189,2
chr5,107926208,107926226,2
chr5,107926190,107926208,11
chr5,107926214,107926232,11
chr5,107932776,107932794,61
chr5,108298346,108298364,1
chr5,108298345,108298363,12
chr5,108298187,108298205,31
chr5,109752213,109752231,3
chr5,109752212,109752230,14
chr5,110135297,110135315,2
chr5,110231588,110231606,1
chr5,110231587,110231605,12
chr5,110771330,110771348,11
chr5,110771317,110771335,13
chr5,110771312,110771330,21
chr5,110771311,110771329,32
chr5,110808014,110808032,13
chr5,112273963,112273981,4
chr5,113736144,113736162,28
chr5,113824027,113824045,3
chr5,113824026,113824044,14
chr5,113824041,113824059,22
chr5,113824038,113824056,24
chr5,113833534,113833552,2
chr5,113833549,113833567,11
chr5,113831906,113831924,82
chr5,114378577,114378595,24
chr5,116028787,116028805,2
chr5,117114836,117114854,1
chr5,117114562,117114580,11
chr5,117114841,117114859,11
chr5,117114835,117114853,12
chr5,118477919,118477937,1
chr5,118478544,118478562,11
chr5,118477918,118477936,12
chr5,120648550,120648568,11
chr5,121838413,121838431,1
chr5,121838932,121838950,11
chr5,121838412,121838430,12
chr5,121849479,121849497,11
chr5,121849514,121849532,21
chr5,121849513,121849531,32
chr5,122228552,122228570,2
chr5,122394182,122394200,1
chr5,122394176,122394194,11
chr5,122394181,122394199,12
chr5,122421695,122421713,2
chr5,122421692,122421710,21
chr5,122421688,122421706,31
chr5,122421691,122421709,32
chr5,122994341,122994359,1
chr5,122994340,122994358,12
chr5,123128702,123128720,8
chr5,123228577,123228595,78
chr5,123228577,123228595,79
chr5,123228576,123228594,97
chr5,125444416,125444434,2
chr5,129896133,129896151,11
chr5,134333028,134333046,13
chr5,134333418,134333436,62
chr5,134333419,134333437,81
chr5,134931820,134931838,2
chr5,135632419,135632437,2
chr5,135968924,135968942,1
chr5,135968923,135968941,12
chr5,137787395,137787413,2
chr5,139383610,139383628,2
chr5,140321977,140321995,1
chr5,140322331,140322349,7
chr5,140321785,140321803,11
chr5,140321976,140321994,12
chr5,140505115,140505133,2
chr5,141985296,141985314,11
chr5,141985316,141985334,11
chr5,142439756,142439774,21
chr5,142439755,142439773,32
chr5,143669885,143669903,1
chr5,143669884,143669902,12
chr5,143669929,143669947,13
chr5,144015122,144015140,2
chr5,144015356,144015374,22
chr5,144015335,144015353,24
chr5,144015353,144015371,24
chr5,144222037,144222055,13
chr5,149016644,149016662,2
chr5,149016664,149016682,2
chr5,149016769,149016787,11
chr5,149526969,149526987,2
chr6,3447331,3447349,24
chr6,6582404,6582422,52
chr6,8505480,8505498,31
chr6,8512324,8512342,91
chr6,12038320,12038338,43
chr6,15729457,15729475,23
chr6,15729456,15729474,34
chr6,17737780,17737798,1
chr6,17737779,17737797,12
chr6,21200789,21200807,11
chr6,21950254,21950272,19
chr6,22412252,22412270,68
chr6,22412252,22412270,98
chr6,22424346,22424364,13
chr6,29467773,29467791,52
chr6,29838966,29838984,2
chr6,29853324,29853342,71
chr6,30205556,30205574,2
chr6,30205575,30205593,11
chr6,30205553,30205571,21
chr6,30205552,30205570,32
chr6,31190876,31190894,11
chr6,31400266,31400284,63
chr6,31400266,31400284,93
chr6,34317642,34317660,3
chr6,34317641,34317659,14
chr6,34863504,34863522,57
chr6,35257099,35257117,22
chr6,35257914,35257932,22
chr6,36709190,36709208,1
chr6,36709189,36709207,12
chr6,37608078,37608096,62
chr6,37608079,37608097,71
chr6,37608079,37608097,81
chr6,38343556,38343574,87
chr6,38533741,38533759,91
chr6,39205592,39205610,96
chr6,39380179,39380197,2
chr6,40325182,40325200,11
chr6,41137267,41137285,1
chr6,41137248,41137266,11
chr6,41137266,41137284,12
chr6,41151145,41151163,13
chr6,47635522,47635540,2
chr6,47921266,47921284,2
chr6,47921255,47921273,11
chr6,47921284,47921302,11
chr6,48048498,48048516,27
chr6,48048510,48048528,60
chr6,48048510,48048528,90
chr6,48676655,48676673,54
chr6,48676655,48676673,84
chr6,48697320,48697338,2
chr6,48725837,48725855,16
chr6,48747727,48747745,3
chr6,48747726,48747744,14
chr6,48771770,48771788,11
chr6,48771931,48771949,13
chr6,49973975,49973993,2
chr6,50417351,50417369,1
chr6,50416725,50416743,6
chr6,50417350,50417368,12
chr6,50416724,50416742,20
chr6,52641185,52641203,26
chr6,53700166,53700184,2
chr6,53700178,53700196,4
chr6,54737625,54737643,66
chr6,54737625,54737643,69
chr6,54759577,54759595,13
chr6,54818590,54818608,11
chr6,54848766,54848784,22
chr6,54849101,54849119,28
chr6,54849100,54849118,40
chr6,55037494,55037512,4
chr6,55037506,55037524,21
chr6,55037502,55037520,31
chr6,55037505,55037523,32
chr6,58759017,58759035,7
chr6,58759017,58759035,10
chr6,58832618,58832636,63
chr6,65600227,65600245,61
chr6,70764811,70764829,2
chr6,70804564,70804582,1
chr6,70805172,70805190,2
chr6,70804534,70804552,11
chr6,70804563,70804581,12
chr6,71441701,71441719,31
chr6,72362738,72362756,72
chr6,72955382,72955400,62
chr6,72955383,72955401,81
chr6,73210246,73210264,87
chr6,78189651,78189669,2
chr6,86487840,86487858,7
chr6,87830268,87830286,2
chr6,88465186,88465204,80
chr6,99026050,99026068,77
chr6,99026050,99026068,87
chr6,99303184,99303202,1
chr6,99303183,99303201,12
chr6,99309726,99309744,2
chr6,99433291,99433309,1
chr6,99433296,99433314,2
chr6,99433290,99433308,12
chr6,99435564,99435582,2
chr6,108169073,108169091,11
chr6,108435582,108435600,59
chr6,113237549,113237567,2
chr6,113377203,113377221,2
chr6,114894826,114894844,11
chr6,114919312,114919330,2
chr6,117890674,117890692,2
chr6,117890707,117890725,2
chr6,117890663,117890681,11
chr6,120055881,120055899,60
chr6,120055881,120055899,90
chr6,120082877,120082895,3
chr6,120082665,120082683,13
chr6,120082876,120082894,14
chr6,120082885,120082903,22
chr6,120082882,120082900,24
chr6,120112788,120112806,11
chr6,120112808,120112826,11
chr6,120488457,120488475,11
chr6,120488451,120488469,13
chr6,121130854,121130872,27
chr6,121272055,121272073,4
chr6,121546465,121546483,11
chr6,124375449,124375467,74
chr6,124375449,124375467,84
chr6,125572874,125572892,8
chr6,125572873,125572891,20
chr6,129228575,129228593,1
chr6,129228582,129228600,2
chr6,129228558,129228576,11
chr6,129228574,129228592,12
chr6,129242760,129242778,24
chr6,131764003,131764021,31
chr6,132076082,132076100,31
chr6,134034688,134034706,75
chr6,134034688,134034706,85
chr6,134148231,134148249,13
chr6,134873231,134873249,79
chr6,135364163,135364181,11
chr6,136468312,136468330,11
chr6,136931450,136931468,77
chr6,136930515,136930533,87
chr6,136941931,136941949,69
chr6,136941931,136941949,99
chr6,136968281,136968299,41
chr6,137735891,137735909,39
chr6,140614895,140614913,87
chr6,140709223,140709241,87
chr6,141582603,141582621,18
chr6,142752388,142752406,22
chr6,142752379,142752397,24
chr6,142757885,142757903,2
chr6,142885349,142885367,2
chr6,142885361,142885379,3
chr6,142885354,142885372,4
chr6,142885338,142885356,11
chr6,142885360,142885378,14
chr6,142885384,142885402,22
chr6,142885366,142885384,24
chr6,142915648,142915666,1
chr6,142915647,142915665,12
chr6,142956772,142956790,58
chr6,142956772,142956790,59
chr6,142956771,142956789,67
chr6,142956772,142956790,88
chr6,142956772,142956790,89
chr6,142964606,142964624,85
chr6,143393919,143393937,1
chr6,146410160,146410178,2
chr6,146480957,146480975,11
chr6,146636431,146636449,2
chr6,147475675,147475693,22
chr6,148945096,148945114,36
chr7,7188392,7188410,22
chr7,7188374,7188392,24
chr7,12355828,12355846,1
chr7,12355827,12355845,12
chr7,12355669,12355687,31
chr7,16053530,16053548,11
chr7,16263370,16263388,2
chr7,16263356,16263374,13
chr7,16263346,16263364,21
chr7,16263367,16263385,21
chr7,16263345,16263363,32
chr7,16263366,16263384,32
chr7,16311190,16311208,7
chr7,16364492,16364510,11
chr7,16406101,16406119,11
chr7,16452639,16452657,3
chr7,16452638,16452656,14
chr7,16618618,16618636,3
chr7,16618617,16618635,14
chr7,19932371,19932389,3
chr7,19932370,19932388,14
chr7,19945761,19945779,22
chr7,24081955,24081973,11
chr7,24369104,24369122,61
chr7,24903969,24903987,1
chr7,24903968,24903986,12
chr7,24972712,24972730,74
chr7,25088302,25088320,1
chr7,25088268,25088286,2
chr7,25088290,25088308,2
chr7,25088279,25088297,11
chr7,25088301,25088319,12
chr7,25781207,25781225,11
chr7,28339163,28339181,2
chr7,28373174,28373192,11
chr7,28372909,28372927,84
chr7,28694227,28694245,2
chr7,30232236,30232254,50
chr7,31002874,31002892,21
chr7,31002873,31002891,32
chr7,31172520,31172538,3
chr7,31172519,31172537,14
chr7,34407909,34407927,2
chr7,35057174,35057192,4
chr7,35057168,35057186,11
chr7,35057185,35057203,31
chr7,40966106,40966124,2
chr7,40965982,40966000,24
chr7,41500367,41500385,2
chr7,41500684,41500702,31
chr7,41599471,41599489,52
chr7,43481530,43481548,24
chr7,45733242,45733260,31
chr7,58399905,58399923,87
chr7,58657744,58657762,2
chr7,58711998,58712016,4
chr7,62333060,62333078,1
chr7,62333059,62333077,12
chr7,63921899,63921917,70
chr7,63999733,63999751,68
chr7,66060996,66061014,1
chr7,66061003,66061021,2
chr7,66060995,66061013,12
chr7,68129964,68129982,22
chr7,68265059,68265077,4
chr7,68276761,68276779,1
chr7,68276760,68276778,12
chr7,68282854,68282872,11
chr7,73618354,73618372,38
chr7,73618354,73618372,39
chr7,75585780,75585798,1
chr7,75585791,75585809,2
chr7,75585811,75585829,2
chr7,75585779,75585797,12
chr7,75587282,75587300,22
chr7,75587279,75587297,24
chr7,75602314,75602332,2
chr7,75599573,75599591,11
chr7,75601884,75601902,11
chr7,75599568,75599586,21
chr7,75599567,75599585,32
chr7,75650178,75650196,68
chr7,75650178,75650196,98
chr7,75655922,75655940,1
chr7,75656512,75656530,2
chr7,75654429,75654447,11
chr7,75655921,75655939,12
chr7,75655911,75655929,61
chr7,75655911,75655929,91
chr7,75702585,75702603,22
chr7,75800529,75800547,3
chr7,75800528,75800546,14
chr7,80033306,80033324,82
chr7,80182791,80182809,24
chr7,80371563,80371581,2
chr7,80371590,80371608,2
chr7,80371570,80371588,21
chr7,80371569,80371587,32
chr7,80535327,80535345,2
chr7,80636708,80636726,4
chr7,81167037,81167055,11
chr7,81167239,81167257,11
chr7,81572133,81572151,11
chr7,81572113,81572131,22
chr7,81572110,81572128,24
chr7,82649507,82649525,61
chr7,83648436,83648454,61
chr7,83656156,83656174,4
chr7,83655639,83655657,26
chr7,83655639,83655657,29
chr7,83655638,83655656,37
chr7,84682024,84682042,64
chr7,84682025,84682043,83
chr7,90457564,90457582,11
chr7,92914691,92914709,1
chr7,92914690,92914708,12
chr7,97748861,97748879,1
chr7,97748855,97748873,2
chr7,97748866,97748884,11
chr7,97748860,97748878,12
chr7,100372216,100372234,54
chr7,101550966,101550984,3
chr7,101550965,101550983,14
chr7,101550977,101550995,23
chr7,101550976,101550994,34
chr7,101600099,101600117,22
chr7,101663814,101663832,24
chr7,101971175,101971193,3
chr7,101970880,101970898,11
chr7,101971174,101971192,14
chr7,102251140,102251158,11
chr7,102323257,102323275,31
chr7,104287848,104287866,23
chr7,104287847,104287865,34
chr7,104292178,104292196,11
chr7,104315186,104315204,24
chr7,104353077,104353095,3
chr7,104353076,104353094,14
chr7,104353047,104353065,24
chr7,108934827,108934845,7
chr7,109951837,109951855,11
chr7,110259401,110259419,31
chr7,112204295,112204313,2
chr7,112204315,112204333,2
chr7,112208271,112208289,2
chr7,114145769,114145787,11
chr7,114479927,114479945,9
chr7,114479926,114479944,17
chr7,114479926,114479944,20
chr7,114479916,114479934,21
chr7,114479915,114479933,32
chr7,115616320,115616338,31
chr7,116040501,116040519,2
chr7,116040520,116040538,2
chr7,116040495,116040513,11
chr7,116698218,116698236,3
chr7,116698217,116698235,14
chr7,117429513,117429531,11
chr7,118260033,118260051,6
chr7,120835276,120835294,2
chr7,123124641,123124659,11
chr7,123124892,123124910,70
chr7,123124893,123124911,88
chr7,125472098,125472116,49
chr7,125487630,125487648,1
chr7,125487622,125487640,2
chr7,125487615,125487633,11
chr7,125487629,125487647,12
chr7,125507323,125507341,1
chr7,125507338,125507356,2
chr7,125507349,125507367,11
chr7,125507646,125507664,11
chr7,125507322,125507340,12
chr7,125580973,125580991,11
chr7,126285287,126285305,27
chr7,126285288,126285306,69
chr7,126285288,126285306,99
chr7,127137485,127137503,11
chr7,127296004,127296022,1
chr7,127295996,127296014,2
chr7,127296000,127296018,4
chr7,127296003,127296021,12
chr7,127895865,127895883,11
chr7,127922798,127922816,1
chr7,127922797,127922815,12
chr7,130893461,130893479,7
chr7,132317499,132317517,38
chr7,132317499,132317517,39
chr7,141059047,141059065,7
chr7,142460674,142460692,11
chr8,4806840,4806858,31
chr8,11008348,11008366,24
chr8,11556454,11556472,1
chr8,11556453,11556471,12
chr8,13105324,13105342,96
chr8,13132174,13132192,2
chr8,13132636,13132654,51
chr8,13132635,13132653,62
chr8,13132636,13132654,81
chr8,13132446,13132464,87
chr8,14954579,14954597,1
chr8,14954578,14954596,12
chr8,14992202,14992220,16
chr8,14996535,14996553,2
chr8,22166526,22166544,1
chr8,22166525,22166543,12
chr8,25273844,25273862,2
chr8,25273841,25273859,21
chr8,25273840,25273858,32
chr8,25274366,25274384,62
chr8,25274367,25274385,71
chr8,25274367,25274385,81
chr8,25274366,25274384,92
chr8,25601062,25601080,2
chr8,25601051,25601069,11
chr8,25754772,25754790,22
chr8,26015821,26015839,24
chr8,27159261,27159279,11
chr8,31187403,31187421,23
chr8,31187402,31187420,34
chr8,35495969,35495987,11
chr8,35678555,35678573,2
chr8,43618454,43618472,6
chr8,46741847,46741865,1
chr8,46741858,46741876,2
chr8,46741965,46741983,2
chr8,46741846,46741864,12
chr8,46755654,46755672,72
chr8,46941836,46941854,2
chr8,46941829,46941847,21
chr8,46941812,46941830,23
chr8,46941825,46941843,31
chr8,46941828,46941846,32
chr8,46941811,46941829,34
chr8,47693217,47693235,2
chr8,47714725,47714743,11
chr8,47714719,47714737,72
chr8,47714719,47714737,82
chr8,61606657,61606675,1
chr8,61606656,61606674,12
chr8,62653351,62653369,31
chr8,63564678,63564696,52
chr8,64948020,64948038,10
chr8,66656770,66656788,31
chr8,68793402,68793420,1
chr8,68793431,68793449,2
chr8,68793420,68793438,11
chr8,68793401,68793419,12
chr8,70700523,70700541,11
chr8,70700416,70700434,13
chr8,70700406,70700424,21
chr8,70700405,70700423,32
chr8,70897982,70898000,11
chr8,72279751,72279769,2
chr8,72279748,72279766,21
chr8,72279747,72279765,32
chr8,72322884,72322902,11
chr8,72354688,72354706,1
chr8,72354687,72354705,12
chr8,75586962,75586980,11
chr8,77422940,77422958,6
chr8,81497838,81497856,62
chr8,81497839,81497857,81
chr8,81653923,81653941,1
chr8,81653922,81653940,12
chr8,81689195,81689213,18
chr8,81689165,81689183,22
chr8,81689170,81689188,38
chr8,81770529,81770547,2
chr8,81770536,81770554,11
chr8,81766847,81766865,58
chr8,83740591,83740609,19
chr8,83790366,83790384,87
chr8,88697542,88697560,4
chr8,88697846,88697864,71
chr8,90795556,90795574,4
chr8,90795762,90795780,23
chr8,90795761,90795779,34
chr8,90829260,90829278,63
chr8,90887204,90887222,3
chr8,90887203,90887221,14
chr8,91077465,91077483,38
chr8,91081611,91081629,1
chr8,91081610,91081628,12
chr8,94413436,94413454,24
chr8,94667342,94667360,11
chr8,94703254,94703272,11
chr8,104249457,104249475,33
chr8,105746746,105746764,1
chr8,105746745,105746763,12
chr8,107588617,107588635,2
chr8,110902638,110902656,2
chr8,110902658,110902676,2
chr8,110902670,110902688,4
chr8,111562610,111562628,4
chr8,111564493,111564511,11
chr8,111570834,111570852,11
chr8,111570808,111570826,21
chr8,111570802,111570820,22
chr8,111570807,111570825,32
chr8,111571503,111571521,11
chr8,111572147,111572165,11
chr8,111572142,111572160,21
chr8,111572141,111572159,32
chr8,111571492,111571510,92
chr8,111582387,111582405,11
chr8,111594616,111594634,84
chr8,114972821,114972839,2
chr8,114972917,114972935,3
chr8,114972944,114972962,10
chr8,114972916,114972934,14
chr8,114972928,114972946,22
chr8,114972922,114972940,24
chr8,114972933,114972951,31
chr8,116504456,116504474,2
chr8,117149008,117149026,18
chr8,117258485,117258503,39
chr8,121590973,121590991,11
chr8,121850795,121850813,11
chr8,123000702,123000720,11
chr8,123000691,123000709,22
chr8,123000696,123000714,31
chr8,123015513,123015531,1
chr8,123015512,123015530,12
chr8,123032456,123032474,7
chr8,123033443,123033461,11
chr8,123034129,123034147,19
chr8,123043878,123043896,11
chr8,123043983,123044001,11
chr8,123860238,123860256,24
chr8,124274602,124274620,1
chr8,124274601,124274619,12
chr8,126585591,126585609,1
chr8,126585590,126585608,12
chr8,126596562,126596580,57
chr8,126699945,126699963,69
chr8,126699996,126700014,69
chr8,127500717,127500735,69
chr8,127967158,127967176,19
chr8,128473828,128473846,87
chr8,128526261,128526279,13
chr8,128526275,128526293,22
chr8,128526250,128526268,62
chr8,128526251,128526269,71
chr8,128526251,128526269,81
chr8,128687695,128687713,11
chr8,129234156,129234174,70
chr8,129234157,129234175,78
chr8,129234157,129234175,88
chr9,7704001,7704019,31
chr9,7764872,7764890,22
chr9,13323607,13323625,11
chr9,13563874,13563892,93
chr9,15280094,15280112,2
chr9,15551072,15551090,1
chr9,15551071,15551089,12
chr9,15709282,15709300,24
chr9,24373253,24373271,21
chr9,24373252,24373270,32
chr9,31031606,31031624,21
chr9,31031605,31031623,32
chr9,31255010,31255028,4
chr9,32496089,32496107,31
chr9,32499202,32499220,11
chr9,32499654,32499672,61
chr9,32507723,32507741,11
chr9,32594382,32594400,39
chr9,32703595,32703613,21
chr9,32703594,32703612,32
chr9,32707493,32707511,21
chr9,32707492,32707510,32
chr9,32723477,32723495,11
chr9,32729148,32729166,24
chr9,32727097,32727115,77
chr9,32727097,32727115,80
chr9,32916165,32916183,6
chr9,32916165,32916183,9
chr9,32916164,32916182,17
chr9,32926653,32926671,33
chr9,33080549,33080567,2
chr9,40455653,40455671,36
chr9,41081420,41081438,87
chr9,42032406,42032424,24
chr9,42032424,42032442,24
chr9,42076435,42076453,56
chr9,44533095,44533113,13
chr9,44987055,44987073,4
chr9,46154670,46154688,9
chr9,46154669,46154687,17
chr9,46175649,46175667,13
chr9,47530290,47530308,56
chr9,48480907,48480925,1
chr9,48480906,48480924,12
chr9,48538933,48538951,11
chr9,48562579,48562597,33
chr9,49055860,49055878,21
chr9,49055859,49055877,32
chr9,50463032,50463050,2
chr9,50463027,50463045,11
chr9,50470356,50470374,73
chr9,53610674,53610692,31
chr9,53807014,53807032,2
chr9,53807128,53807146,71
chr9,54612743,54612761,13
chr9,56419767,56419785,7
chr9,56419767,56419785,10
chr9,56419584,56419602,71
chr9,56937858,56937876,46
chr9,56937263,56937281,67
chr9,56937264,56937282,89
chr9,56937263,56937281,97
chr9,57619617,57619635,1
chr9,57619622,57619640,2
chr9,57619616,57619634,12
chr9,57866769,57866787,84
chr9,58253945,58253963,11
chr9,58253940,58253958,22
chr9,59941440,59941458,1
chr9,59941451,59941469,6
chr9,59941439,59941457,12
chr9,59942386,59942404,22
chr9,61702752,61702770,3
chr9,61702751,61702769,14
chr9,61706439,61706457,59
chr9,61706438,61706456,67
chr9,61706439,61706457,89
chr9,61707745,61707763,82
chr9,62368452,62368470,62
chr9,62368453,62368471,71
chr9,62368453,62368471,81
chr9,63758582,63758600,1
chr9,63758581,63758599,12
chr9,64779710,64779728,63
chr9,64789844,64789862,2
chr9,64960957,64960975,22
chr9,65195611,65195629,87
chr9,65195611,65195629,90
chr9,65524017,65524035,1
chr9,65523997,65524015,2
chr9,65524012,65524030,11
chr9,65524016,65524034,12
chr9,65946068,65946086,31
chr9,66492885,66492903,2
chr9,66492896,66492914,11
chr9,66874054,66874072,13
chr9,66982397,66982415,24
chr9,69034514,69034532,4
chr9,69289115,69289133,22
chr9,69289107,69289125,31
chr9,69296508,69296526,11
chr9,69298640,69298658,52
chr9,72097654,72097672,1
chr9,72097653,72097671,12
chr9,73045897,73045915,22
chr9,73045902,73045920,31
chr9,73091657,73091675,22
chr9,73091651,73091669,24
chr9,74733573,74733591,88
chr9,77911902,77911920,11
chr9,77911686,77911704,41
chr9,77911686,77911704,91
chr9,78443479,78443497,31
chr9,78533450,78533468,3
chr9,78533449,78533467,14
chr9,79795500,79795518,2
chr9,83893373,83893391,93
chr9,88326252,88326270,4
chr9,88326267,88326285,24
chr9,88483370,88483388,6
chr9,89212419,89212437,8
chr9,89212419,89212437,9
chr9,89212418,89212436,17
chr9,95512432,95512450,97
chr9,96399935,96399953,11
chr9,96437330,96437348,76
chr9,96583659,96583677,1
chr9,96583658,96583676,12
chr9,97111601,97111619,1
chr9,97111442,97111460,11
chr9,97111600,97111618,12
chr9,101034715,101034733,84
chr9,101057444,101057462,87
chr9,106429581,106429599,26
chr9,107588445,107588463,93
chr9,107986245,107986263,1
chr9,107986237,107986255,2
chr9,107986244,107986262,12
chr9,109931126,109931144,2
chr9,110656949,110656967,2
chr9,110907200,110907218,1
chr9,110907199,110907217,12
chr9,112053573,112053591,1
chr9,112053572,112053590,12
chr9,114401823,114401841,51
chr9,114401822,114401840,62
chr9,114401823,114401841,81
chr9,114418272,114418290,11
chr9,114648719,114648737,2
chr9,114648711,114648729,4
chr9,114648730,114648748,11
chr9,114648723,114648741,22
chr9,114758256,114758274,61
chr9,115468702,115468720,1
chr9,115468717,115468735,2
chr9,115468728,115468746,11
chr9,115468701,115468719,12
chr9,115471625,115471643,7
chr9,115471886,115471904,11
chr9,115612793,115612811,13
chr9,115612804,115612822,27
chr9,115612804,115612822,30
chr9,115612815,115612833,66
chr9,115612815,115612833,96
chr9,115617932,115617950,72
chr9,115617932,115617950,82
chr9,116214365,116214383,50
chr9,116214365,116214383,100
chr9,119744002,119744020,70
chr9,119744002,119744020,100
chr9,120031073,120031091,4
chr9,120079879,120079897,24
chr9,120581757,120581775,2
chr9,120581746,120581764,21
chr9,120581749,120581767,22
chr9,120581722,120581740,24
chr9,120581745,120581763,32
chr9,120777112,120777130,22
chr9,121278023,121278041,11
chr9,121698068,121698086,2
chr9,121698065,121698083,21
chr9,121698056,121698074,22
chr9,121698053,121698071,24
chr9,121698061,121698079,31
chr9,121698064,121698082,32
chr9,123240371,123240389,73
chr9,124423982,124424000,5
chrX,7571443,7571461,6
chrX,7721600,7721618,8
chrX,7841811,7841829,1
chrX,7841076,7841094,11
chrX,7841810,7841828,12
chrX,16297571,16297589,31
chrX,16670550,16670568,31
chrX,36981240,36981258,11
chrX,37126859,37126877,2
chrX,42502549,42502567,21
chrX,42502548,42502566,32
chrX,47998585,47998603,24
chrX,48669915,48669933,11
chrX,50836757,50836775,11
chrX,73493662,73493680,2
chrX,73493682,73493700,2
chrX,73493628,73493646,11
chrX,107326984,107327002,2
chrX,107421356,107421374,62
chrX,107421357,107421375,81
chrX,107421356,107421374,92
chrX,112767872,112767890,31
chrX,126139129,126139147,1
chrX,126139128,126139146,12
chrX,136742248,136742266,18
chrX,136742248,136742266,19
chrX,140537839,140537857,11
chrX,141896811,141896829,31
chrX,144029244,144029262,31
chrX,155211136,155211154,11
chrX,156860726,156860744,11
chrX,157598769,157598787,11
