chr,TnG_start,TnG_end,peaks
chr1,3932145,3932163,[638]
chr1,6417656,6417674,[1686]
chr1,9798723,9798741,[884]
chr1,9976309,9976327,[219]
chr1,10146946,10146964,[320]
chr1,11022282,11022300,[822]
chr1,13464886,13464904,[491]
chr1,13593378,13593397,[1457]
chr1,13667837,13667855,[302]
chr1,15985170,15985188,[899]
chr1,16029470,16029488,[1309]
chr1,16177590,16177608,[1147]
chr1,16613695,16613713,[828]
chr1,20135504,20135522,[308]
chr1,22427622,22427640,[75]
chr1,22653498,22653516,[744]
chr1,26965921,26965939,[1010]
chr1,26965973,26965991,[1010]
chr1,30699887,30699906,[272]
chr1,31262843,31262864,[803]
chr1,33453740,33453758,[1053]
chr1,33453824,33453842,[1053]
chr1,33883182,33883200,[1738]
chr1,34545778,34545796,[1556]
chr1,36267728,36267746,[319]
chr1,36273674,36273692,[737]
chr1,36708938,36708956,[862]
chr1,37246918,37246936,[555]
chr1,37419404,37419422,[1055]
chr1,39714299,39714318,[1497]
chr1,40618126,40618144,[1436]
chr1,42300254,42300272,[767]
chr1,42851274,42851292,[1339]
chr1,43403482,43403500,[624]
chr1,51361529,51361547,[1078]
chr1,52035446,52035464,[1635]
chr1,52052645,52052663,[1167]
chr1,52052816,52052834,[1167]
chr1,52245471,52245489,[76]
chr1,52303059,52303077,[396]
chr1,52375507,52375526,[1815]
chr1,53350214,53350232,[148]
chr1,53791619,53791637,[974]
chr1,54251309,54251327,[1248]
chr1,54860705,54860723,[818]
chr1,54871469,54871488,[1171]
chr1,56236919,56236937,[1187]
chr1,57208617,57208635,[1141]
chr1,58975290,58975309,[179]
chr1,60087647,60087665,[1548]
chr1,60755642,60755660,[1585]
chr1,60758524,60758542,[1282]
chr1,60825416,60825434,[1321]
chr1,61016226,61016245,[528]
chr1,61107460,61107478,[1092]
chr1,61434648,61434666,[1789]
chr1,61434944,61434962,[1789]
chr1,63176923,63176941,[1600]
chr1,63423555,63423573,[358]
chr1,64266337,64266355,[1012]
chr1,64709594,64709612,[846]
chr1,69119700,69119718,[419]
chr1,69420191,69420209,[228]
chr1,70134495,70134513,[685]
chr1,70414056,70414074,[778]
chr1,70893067,70893085,[678]
chr1,72254870,72254888,[1823]
chr1,73928913,73928931,[259]
chr1,74617141,74617159,[409]
chr1,74758837,74758855,[303]
chr1,75142249,75142268,[1749]
chr1,75477272,75477291,[876]
chr1,77831945,77831963,[299]
chr1,77855309,77855344,[599]
chr1,78017177,78017195,[687]
chr1,81212518,81212536,[985]
chr1,82764666,82764684,[608]
chr1,82803849,82803867,[590]
chr1,82833554,82833572,[1168]
chr1,82900896,82900914,[1287]
chr1,85740369,85740387,[1397]
chr1,86153406,86153424,[383]
chr1,87632854,87632872,[665]
chr1,88553688,88553706,[177]
chr1,88587627,88587646,[1425]
chr1,93344186,93344204,[1684]
chr1,95590367,95590386,[226]
chr1,95605429,95605447,[797]
chr1,95605481,95605499,[797]
chr1,103899506,103899524,[1712]
chr1,106757808,106757826,[964]
chr1,108209278,108209296,[841]
chr1,111864074,111864092,[811]
chr1,118311344,118311362,[1537]
chr1,118311443,118311461,[1537]
chr1,118390947,118390965,[388]
chr1,118641723,118641741,[912]
chr1,120100449,120100470,[802]
chr1,122837252,122837270,[452]
chr1,125399050,125399069,[989]
chr1,126781037,126781055,[621]
chr1,127363896,127363914,[1183]
chr1,128077457,128077476,[341]
chr1,128611837,128611855,[1392]
chr1,128611888,128611907,[1392]
chr1,131154501,131154519,[536]
chr1,131379850,131379868,[416]
chr1,131489139,131489157,[133]
chr1,132010923,132010941,[1159]
chr1,134063530,134063549,[1632]
chr1,134473316,134473334,[73]
chr1,134560035,134560053,[1097]
chr1,135670212,135670230,[1511]
chr1,135807696,135807714,[1052]
chr1,136609010,136609028,[1706]
chr1,138125462,138125480,[507]
chr1,138144948,138144967,[1152]
chr1,138145126,138145145,[1152]
chr1,138166736,138166755,[1410]
chr1,138542766,138542784,[950]
chr1,138700604,138700622,[771]
chr1,144267620,144267638,[407]
chr1,144272990,144273008,[1613]
chr1,144306632,144306651,[1852]
chr1,144306728,144306746,[1852]
chr1,144500081,144500099,[1452]
chr1,145413860,145413878,[676]
chr1,146595569,146595587,[779]
chr1,147489669,147489687,[1179]
chr1,147928963,147928981,[313]
chr1,150465511,150465529,[959]
chr1,151457199,151457217,[881]
chr1,151615441,151615459,[206]
chr1,152289465,152289483,[847]
chr1,152766351,152766369,[1329]
chr1,153413764,153413782,[1841]
chr1,153614398,153614416,[1100]
chr1,155159311,155159329,[1698]
chr1,155159537,155159555,[1698]
chr1,155172987,155173005,[1808]
chr1,155173128,155173146,[1808]
chr1,155173337,155173355,[1808]
chr1,155173383,155173401,[1808]
chr1,155530825,155530844,[1122]
chr1,155914620,155914638,[1257]
chr1,156263620,156263638,[180]
chr1,156848121,156848139,[693]
chr1,157077233,157077251,[1030]
chr1,157990627,157990645,[314]
chr1,160058268,160058286,[144]
chr1,160307000,160307019,[1674]
chr1,160397441,160397459,[907]
chr1,160926454,160926472,[849]
chr1,161767112,161767130,[1855]
chr1,161894290,161894308,[386]
chr1,161903287,161903306,[851]
chr1,161975375,161975393,[227]
chr1,162207278,162207296,[1569]
chr1,165193541,165193560,[992]
chr1,165643490,165643508,[1525]
chr1,165986288,165986306,[273]
chr1,166410014,166410032,[1588]
chr1,168891258,168891276,[520]
chr1,170215494,170215512,[1493]
chr1,171380045,171380063,[431]
chr1,171412777,171412795,[360]
chr1,173398823,173398841,[1799]
chr1,173657472,173657490,[1273]
chr1,173680824,173680842,[426]
chr1,176986304,176986322,[1420]
chr1,177338240,177338258,[625]
chr1,180304813,180304831,[690]
chr1,181240704,181240722,[85]
chr1,183180149,183180171,[1574]
chr1,183238065,183238083,[978]
chr1,184061807,184061825,[13]
chr1,184074698,184074716,[1625]
chr1,184074838,184074856,[1625]
chr1,184845323,184845341,[1772]
chr1,186193512,186193530,[1083]
chr1,186562569,186562587,[1460]
chr1,186693405,186693423,[33]
chr1,186735110,186735128,[476]
chr1,188027545,188027563,[263]
chr1,191409780,191409798,[706]
chr1,191988758,191988776,[1047]
chr1,193193968,193193986,[1643]
chr1,193421379,193421397,[658]
chr1,193839234,193839252,[564]
chr1,194728179,194728197,[734]
chr10,3699104,3699123,[13971]
chr10,4206713,4206731,[14637]
chr10,4532644,4532662,[14075]
chr10,5194699,5194717,[15252]
chr10,5979424,5979442,[14417]
chr10,6980583,6980601,[14469]
chr10,7595079,7595097,[14464]
chr10,7600691,7600709,[13932]
chr10,7863453,7863471,[14810]
chr10,8517079,8517097,[14459]
chr10,8640991,8641009,[14473]
chr10,10051380,10051398,[13995]
chr10,11165312,11165330,[13909]
chr10,12524435,12524453,[14493]
chr10,12813872,12813890,[15329]
chr10,12923334,12923352,[15322]
chr10,12980896,12980914,[14905]
chr10,14016484,14016503,[14174]
chr10,14043516,14043534,[14142]
chr10,17457514,17457532,[14518]
chr10,17926616,17926634,[14774]
chr10,19116942,19116961,[15256]
chr10,19504697,19504716,[15091]
chr10,19577827,19577845,[15316]
chr10,20230154,20230172,[14325]
chr10,21535855,21535873,[14429]
chr10,23942625,23942643,[13891]
chr10,25313779,25313797,[14090]
chr10,25395665,25395683,[14660]
chr10,26133545,26133563,[14058]
chr10,28594023,28594041,[15224]
chr10,29936958,29936976,[14358]
chr10,30802502,30802520,[15266]
chr10,32755215,32755233,[14259]
chr10,34735889,34735907,[14337]
chr10,38109015,38109033,[14121]
chr10,39470297,39470315,[14979]
chr10,40163543,40163561,[14801]
chr10,40342613,40342631,[13928]
chr10,40386305,40386323,[15043]
chr10,40420334,40420352,[15021]
chr10,40543708,40543726,[13974]
chr10,41614521,41614539,[14526]
chr10,41900017,41900035,[14890]
chr10,42219170,42219188,[14449]
chr10,43777889,43777907,[14131]
chr10,44418624,44418642,[14400]
chr10,44957872,44957890,[14576]
chr10,47412521,47412539,[14425]
chr10,49893563,49893581,[14161]
chr10,51727289,51727307,[14747]
chr10,52927151,52927169,[14214]
chr10,53595996,53596014,[14618]
chr10,53641715,53641734,[14005]
chr10,57743739,57743758,[14749]
chr10,58370379,58370397,[14635]
chr10,58446622,58446640,[15309]
chr10,58488563,58488581,[14510]
chr10,58756039,58756057,[14651]
chr10,59836642,59836660,[14169]
chr10,61145972,61145990,[15182]
chr10,61148095,61148113,[15108]
chr10,61418274,61418292,[14062]
chr10,61452338,61452356,[15218]
chr10,61520175,61520193,[15181]
chr10,61838700,61838718,[14709]
chr10,62506648,62506667,[15045]
chr10,62784511,62784529,[14499]
chr10,65125145,65125163,[14110]
chr10,66559484,66559502,[14470]
chr10,66864546,66864565,[15115]
chr10,67184590,67184608,[14710]
chr10,67184627,67184646,[14710]
chr10,67459035,67459053,[14714]
chr10,67998447,67998465,[14662]
chr10,68241237,68241255,[15300]
chr10,72654940,72654959,[14965]
chr10,74676718,74676736,[14877]
chr10,75740345,75740363,[14053]
chr10,77537023,77537041,[15250]
chr10,78605312,78605330,[14689]
chr10,79861787,79861809,[14379]
chr10,80676515,80676533,[14936]
chr10,80738933,80738951,[14016]
chr10,81017348,81017366,[15227]
chr10,81329324,81329342,[14560]
chr10,81384224,81384242,[14882]
chr10,81502586,81502604,[14987]
chr10,82170802,82170820,[14428]
chr10,82580603,82580621,[15211]
chr10,83719108,83719126,[14772]
chr10,85118774,85118792,[13921]
chr10,87972749,87972767,[14338]
chr10,87972797,87972815,[14338]
chr10,88730959,88730977,[15166]
chr10,90558172,90558190,[14800]
chr10,90614903,90614921,[14377]
chr10,93452180,93452199,[15349]
chr10,93688874,93688892,[13978]
chr10,94696772,94696790,[14763]
chr10,95397993,95398011,[14283]
chr10,95474995,95475014,[14362]
chr10,95699125,95699143,[14597]
chr10,95814949,95814967,[14870]
chr10,95879975,95879993,[14332]
chr10,95940013,95940032,[14160]
chr10,96393153,96393171,[14282]
chr10,96409539,96409557,[15289]
chr10,96609542,96609560,[15216]
chr10,96694066,96694084,[14906]
chr10,96786949,96786967,[15270]
chr10,96787317,96787335,[15270]
chr10,96822498,96822516,[14852]
chr10,96934984,96935002,[14190]
chr10,97345860,97345879,[14156]
chr10,97535405,97535423,[14735]
chr10,98785589,98785607,[14837]
chr10,98788490,98788508,[14930]
chr10,98885908,98885926,[14604]
chr10,99127916,99127934,[14671]
chr10,99242081,99242099,[15157]
chr10,100685078,100685096,[14129]
chr10,105393154,105393172,[14673]
chr10,110489725,110489743,[14242]
chr10,110745420,110745438,[15012]
chr10,111008241,111008259,[14612]
chr10,112861212,112861230,[14701]
chr10,114363914,114363932,[14399]
chr10,116477314,116477332,[14575]
chr10,116949167,116949185,[14579]
chr10,117625811,117625829,[14787]
chr10,117768211,117768229,[14006]
chr10,117804139,117804157,[13960]
chr10,117952899,117952918,[15156]
chr10,118141466,118141484,[15184]
chr10,118406889,118406908,[14833]
chr10,121533890,121533908,[15054]
chr10,122758409,122758427,[14632]
chr10,122758716,122758734,[14632]
chr10,123786502,123786520,[14369]
chr10,127642343,127642362,[15331]
chr10,128080854,128080872,[14691]
chr10,128212028,128212047,[14843]
chr10,128455332,128455351,[14216]
chr11,3345094,3345112,[15741]
chr11,4246796,4246814,[16691]
chr11,4335164,4335182,[15471]
chr11,4814000,4814018,[16875]
chr11,4869423,4869441,[16471]
chr11,5216021,5216039,[16921]
chr11,5331993,5332011,[15680]
chr11,6000955,6000973,[17078]
chr11,6559272,6559290,[15723]
chr11,6679980,6679998,[17168]
chr11,11569830,11569849,[16402]
chr11,11836799,11836817,[16954]
chr11,12291615,12291633,[16325]
chr11,20315961,20315979,[15919]
chr11,20316189,20316207,[15919]
chr11,21219482,21219501,[16278]
chr11,22363061,22363079,[16019]
chr11,22972971,22972989,[16903]
chr11,23405784,23405803,[15556]
chr11,23675400,23675418,[15765]
chr11,24997195,24997213,[15365]
chr11,25660581,25660599,[15705]
chr11,27669750,27669768,[15738]
chr11,28399013,28399031,[16810]
chr11,28484040,28484058,[17099]
chr11,29139483,29139501,[16692]
chr11,29561292,29561310,[15565]
chr11,30776672,30776690,[15673]
chr11,31279367,31279385,[16500]
chr11,32126136,32126154,[16675]
chr11,32226198,32226216,[16982]
chr11,34763685,34763703,[16941]
chr11,34833729,34833747,[16412]
chr11,36045851,36045870,[15558]
chr11,38188851,38188869,[16829]
chr11,38189078,38189096,[16829]
chr11,39013047,39013065,[16148]
chr11,39319158,39319176,[15773]
chr11,41915616,41915634,[16656]
chr11,42788296,42788314,[16917]
chr11,43375995,43376013,[15447]
chr11,43923841,43923860,[15817]
chr11,44495484,44495502,[16548]
chr11,44893045,44893064,[15869]
chr11,45872280,45872298,[15473]
chr11,46252142,46252160,[16320]
chr11,46582376,46582394,[15488]
chr11,48111622,48111641,[15778]
chr11,49204646,49204665,[17237]
chr11,49982948,49982966,[16079]
chr11,50377473,50377492,[17241]
chr11,52008419,52008437,[15472]
chr11,52066105,52066123,[16031]
chr11,52522683,52522701,[15550]
chr11,53179244,53179262,[15750]
chr11,53179314,53179332,[15750]
chr11,53617329,53617347,[15896]
chr11,54500439,54500457,[16312]
chr11,54522831,54522849,[17214]
chr11,54941893,54941911,[15618]
chr11,58139831,58139849,[16498]
chr11,60084984,60085002,[16562]
chr11,60976697,60976715,[15440]
chr11,61231812,61231830,[16654]
chr11,62467047,62467065,[16602]
chr11,62487471,62487490,[15930]
chr11,66172070,66172088,[15372]
chr11,67051821,67051840,[15968]
chr11,68430704,68430722,[15669]
chr11,69432215,69432233,[15563]
chr11,69682292,69682310,[17072]
chr11,70506352,70506370,[16530]
chr11,72182409,72182427,[16392]
chr11,73199721,73199740,[16592]
chr11,74801971,74801989,[15518]
chr11,74838808,74838827,[17220]
chr11,75323212,75323230,[15357]
chr11,75338443,75338461,[16299]
chr11,76038200,76038219,[16885]
chr11,76406736,76406754,[17021]
chr11,77051977,77051995,[16823]
chr11,78175177,78175195,[15798]
chr11,78509393,78509411,[16396]
chr11,79010611,79010629,[15848]
chr11,79130466,79130484,[16807]
chr11,79282643,79282661,[16268]
chr11,79398332,79398351,[15825]
chr11,79641311,79641329,[16945]
chr11,79962636,79962654,[16506]
chr11,80525044,80525062,[16216]
chr11,82952616,82952634,[16450]
chr11,84808672,84808690,[15724]
chr11,87937928,87937946,[16017]
chr11,88455307,88455325,[15629]
chr11,88564805,88564823,[16318]
chr11,90242120,90242138,[16047]
chr11,90257165,90257183,[16477]
chr11,90637971,90637989,[16989]
chr11,92022401,92022419,[16127]
chr11,92952593,92952611,[16305]
chr11,93306725,93306743,[15756]
chr11,93591079,93591097,[17057]
chr11,93591447,93591465,[17057]
chr11,93995449,93995468,[16923]
chr11,94719386,94719404,[16108]
chr11,95364301,95364319,[16359]
chr11,96504725,96504743,[15805]
chr11,97622449,97622467,[15892]
chr11,97719043,97719062,[16891]
chr11,97822030,97822048,[15537]
chr11,98044289,98044307,[15545]
chr11,98513908,98513927,[16338]
chr11,99124265,99124284,[16157]
chr11,99238700,99238718,[16985]
chr11,103168950,103168968,[15742]
chr11,104382096,104382114,[16085]
chr11,105180519,105180537,[15868]
chr11,105445116,105445134,[15863]
chr11,105450147,105450165,[15784]
chr11,106581354,106581372,[16294]
chr11,106874274,106874293,[15523]
chr11,107013220,107013239,[15718]
chr11,107027502,107027520,[17211]
chr11,107458494,107458512,[16440]
chr11,107547542,107547560,[17179]
chr11,107547601,107547619,[17179]
chr11,108171961,108171979,[15926]
chr11,108172129,108172147,[15926]
chr11,108216324,108216342,[16721]
chr11,108335013,108335032,[15568]
chr11,108901442,108901460,[16077]
chr11,109419780,109419798,[17234]
chr11,109560815,109560833,[16732]
chr11,109873574,109873592,[15497]
chr11,110125210,110125228,[16334]
chr11,110350774,110350792,[15877]
chr11,110399471,110399489,[17109]
chr11,112324148,112324166,[15547]
chr11,113174218,113174237,[17019]
chr11,115074122,115074140,[16195]
chr11,115771366,115771384,[15897]
chr11,116081014,116081032,[15969]
chr11,116886302,116886320,[16470]
chr11,117071941,117071959,[16727]
chr11,117409709,117409728,[15885]
chr11,117871624,117871642,[17225]
chr11,119503892,119503910,[15956]
chr12,3606774,3606792,[17439]
chr12,3606879,3606897,[17439]
chr12,5910437,5910455,[17631]
chr12,9485388,9485406,[17714]
chr12,11230232,11230250,[18213]
chr12,13719351,13719369,[17622]
chr12,16006932,16006951,[17456]
chr12,16583832,16583850,[18152]
chr12,17658124,17658142,[17319]
chr12,21151022,21151040,[17513]
chr12,24259876,24259894,[17367]
chr12,25241868,25241886,[17369]
chr12,25885496,25885514,[17924]
chr12,28779614,28779632,[17663]
chr12,31176129,31176148,[17299]
chr12,31988335,31988353,[17727]
chr12,32202129,32202147,[17277]
chr12,32814031,32814050,[17759]
chr12,33333453,33333471,[17828]
chr12,33333509,33333527,[17828]
chr12,34533263,34533281,[18116]
chr12,34533411,34533429,[18116]
chr12,34649651,34649669,[17545]
chr12,35755424,35755443,[17577]
chr12,36032589,36032607,[17651]
chr12,36155751,36155769,[17932]
chr12,36156890,36156908,[17983]
chr12,38929045,38929063,[17325]
chr12,40038680,40038698,[18329]
chr12,41247159,41247178,[17441]
chr12,42090454,42090472,[17564]
chr12,42405633,42405651,[18177]
chr12,43635444,43635462,[17875]
chr12,43765589,43765607,[17813]
chr12,44203577,44203595,[17790]
chr12,44203634,44203652,[17790]
chr12,45793806,45793824,[17351]
chr12,49290785,49290803,[17437]
chr12,51865076,51865094,[17702]
chr12,52454409,52454427,[17272]
chr12,55488943,55488961,[17455]
chr12,59218859,59218877,[18326]
chr12,60802286,60802304,[17680]
chr12,63849034,63849052,[17912]
chr12,65233185,65233203,[17850]
chr12,65340882,65340900,[17284]
chr12,66895222,66895240,[17560]
chr12,67076564,67076582,[17360]
chr12,68024307,68024325,[17769]
chr12,68024399,68024417,[17769]
chr12,69164911,69164929,[17797]
chr12,69447212,69447230,[17948]
chr12,69447921,69447939,[17873]
chr12,69462083,69462101,[17551]
chr12,69513857,69513875,[17784]
chr12,69530217,69530235,[18288]
chr12,69616057,69616075,[18021]
chr12,71047445,71047464,[17904]
chr12,71048013,71048032,[17493]
chr12,71048103,71048121,[17493]
chr12,72529731,72529749,[17401]
chr12,73123487,73123506,[17858]
chr12,73611253,73611271,[17655]
chr12,73888516,73888534,[18192]
chr12,73888602,73888621,[18192]
chr12,73908861,73908879,[17996]
chr12,76379699,76379717,[18132]
chr12,76515948,76515966,[17844]
chr12,76868045,76868063,[18134]
chr12,78568990,78569008,[17887]
chr12,79296579,79296598,[18230]
chr12,79381532,79381550,[17712]
chr12,79444789,79444813,[17751]
chr12,79633935,79633953,[17600]
chr12,80069123,80069141,[17707]
chr12,80462986,80463005,[17988]
chr12,82189845,82189863,[18048]
chr12,82542096,82542114,[17581]
chr12,83443001,83443019,[17503]
chr12,84417179,84417197,[18067]
chr12,84882603,84882621,[17723]
chr12,85427808,85427827,[17271]
chr12,85818739,85818757,[17433]
chr12,85973815,85973833,[17693]
chr12,88470183,88470201,[17805]
chr12,89555169,89555187,[17419]
chr12,91711909,91711927,[17634]
chr12,94933109,94933127,[17877]
chr12,94933159,94933177,[17877]
chr12,95598474,95598492,[17261]
chr12,98578740,98578758,[17662]
chr12,99393048,99393067,[18259]
chr12,101981476,101981494,[17359]
chr12,102371007,102371026,[17475]
chr12,102702597,102702615,[17950]
chr12,102878794,102878812,[18092]
chr12,103065212,103065230,[17355]
chr12,103493051,103493069,[17249]
chr12,106983290,106983308,[17333]
chr12,107126159,107126177,[17681]
chr12,107184732,107184751,[18090]
chr12,107645573,107645591,[18017]
chr12,107720849,107720867,[18244]
chr12,107783883,107783902,[17495]
chr12,107937766,107937784,[17542]
chr12,107977696,107977715,[18020]
chr12,108645019,108645037,[17811]
chr12,108812495,108812513,[17869]
chr12,109077059,109077077,[17968]
chr12,110353091,110353109,[17851]
chr12,110479303,110479321,[17598]
chr12,110496016,110496034,[17905]
chr12,110771272,110771290,[18008]
chr12,110845908,110845926,[18058]
chr12,111164506,111164524,[17522]
chr12,111589087,111589105,[18073]
chr12,111732499,111732517,[17659]
chr12,113074404,113074422,[17440]
chr12,113187669,113187687,[17855]
chr12,114990819,114990838,[17989]
chr12,116384147,116384165,[17748]
chr13,3525319,3525337,[18907]
chr13,3537134,3537152,[18963]
chr13,9440090,9440108,[19348]
chr13,9584878,9584896,[18571]
chr13,12133411,12133429,[18422]
chr13,12507582,12507601,[18612]
chr13,13471419,13471437,[19338]
chr13,13745217,13745235,[18483]
chr13,14113993,14114011,[18586]
chr13,16196327,16196345,[18599]
chr13,16869760,16869778,[19294]
chr13,18161206,18161224,[18788]
chr13,19242740,19242758,[18934]
chr13,19618946,19618965,[18482]
chr13,19854113,19854131,[18590]
chr13,21163251,21163269,[18480]
chr13,22843854,22843872,[18339]
chr13,22843883,22843901,[18339]
chr13,23774582,23774600,[18495]
chr13,24445802,24445820,[19215]
chr13,24614136,24614155,[18519]
chr13,28417492,28417510,[19327]
chr13,30210932,30210950,[18420]
chr13,30638942,30638960,[19112]
chr13,30682111,30682129,[18856]
chr13,30733003,30733022,[18970]
chr13,30742590,30742608,[18992]
chr13,30913901,30913919,[18745]
chr13,32211799,32211817,[19324]
chr13,32211958,32211976,[19324]
chr13,34096123,34096141,[19015]
chr13,34191651,34191669,[18867]
chr13,34864725,34864743,[18954]
chr13,36466902,36466920,[18587]
chr13,37308182,37308200,[18622]
chr13,37325566,37325585,[18366]
chr13,37751195,37751213,[19200]
chr13,38413504,38413522,[18925]
chr13,40922546,40922564,[18627]
chr13,42293388,42293406,[18784]
chr13,43240341,43240359,[18981]
chr13,43313573,43313591,[18421]
chr13,43313743,43313762,[18421]
chr13,44118009,44118027,[18582]
chr13,44501955,44501974,[18475]
chr13,44782503,44782521,[18712]
chr13,45772578,45772596,[18933]
chr13,46619816,46619835,[18775]
chr13,46702594,46702612,[18489]
chr13,48929293,48929311,[19309]
chr13,48979212,48979230,[18756]
chr13,51757419,51757437,[18542]
chr13,51886131,51886149,[18769]
chr13,52862142,52862160,[19017]
chr13,52862211,52862229,[19017]
chr13,52918233,52918251,[18580]
chr13,55444492,55444510,[19440]
chr13,56053094,56053112,[18424]
chr13,56151673,56151691,[18525]
chr13,57866800,57866818,[19083]
chr13,58177653,58177671,[19013]
chr13,58214522,58214540,[19059]
chr13,59572342,59572360,[19039]
chr13,59572462,59572480,[19039]
chr13,59657342,59657361,[18356]
chr13,59705062,59705080,[19270]
chr13,59840975,59840994,[18944]
chr13,59841011,59841030,[18944]
chr13,60322135,60322153,[18677]
chr13,62470201,62470220,[18729]
chr13,63141064,63141082,[19210]
chr13,64370644,64370662,[19131]
chr13,73603665,73603683,[19276]
chr13,74349926,74349945,[19252]
chr13,75103032,75103050,[19230]
chr13,76598919,76598937,[18852]
chr13,78253418,78253436,[19048]
chr13,78426794,78426812,[19321]
chr13,79303991,79304009,[18513]
chr13,83751292,83751310,[18871]
chr13,84747651,84747669,[18450]
chr13,85519332,85519350,[18987]
chr13,85830188,85830206,[18908]
chr13,87531257,87531275,[18851]
chr13,90089956,90089974,[19231]
chr13,90800622,90800640,[18575]
chr13,91509698,91509716,[18951]
chr13,91680248,91680266,[19007]
chr13,92830417,92830435,[19075]
chr13,93624338,93624356,[19208]
chr13,94177389,94177408,[18552]
chr13,95327184,95327202,[18384]
chr13,95375466,95375484,[19371]
chr13,95593288,95593306,[18940]
chr13,95684974,95684993,[18932]
chr13,97442921,97442939,[19214]
chr13,97761994,97762012,[19257]
chr13,97824159,97824178,[18385]
chr13,97899615,97899633,[18937]
chr13,99353095,99353113,[18880]
chr13,100866680,100866698,[19193]
chr13,100911374,100911393,[18487]
chr13,105683284,105683302,[18639]
chr13,107006648,107006666,[18962]
chr13,107831471,107831489,[19126]
chr13,107891542,107891561,[19441]
chr13,109802688,109802706,[18485]
chr13,110829551,110829569,[18853]
chr13,111179708,111179726,[18826]
chr13,111461330,111461348,[19038]
chr13,111867407,111867425,[19432]
chr13,111936095,111936113,[19139]
chr13,112002920,112002939,[18651]
chr13,113574458,113574476,[18628]
chr13,113870370,113870388,[18913]
chr13,113966446,113966464,[18815]
chr13,117048422,117048440,[19153]
chr13,117209865,117209883,[18901]
chr13,117220170,117220188,[19379]
chr13,119030757,119030775,[18674]
chr13,119462895,119462913,[19368]
chr14,6813453,6813471,[19502]
chr14,14042818,14042836,[20281]
chr14,16001898,16001916,[19659]
chr14,16677995,16678013,[20222]
chr14,18238597,18238615,[20351]
chr14,18371895,18371913,[19797]
chr14,19649952,19649970,[19743]
chr14,19962326,19962344,[20149]
chr14,19969491,19969509,[20205]
chr14,21026782,21026800,[19675]
chr14,21032297,21032315,[19956]
chr14,25173506,25173524,[19585]
chr14,26622775,26622793,[19580]
chr14,26993848,26993866,[19632]
chr14,27339426,27339444,[19511]
chr14,30624673,30624691,[19837]
chr14,31661898,31661916,[20220]
chr14,33481323,33481341,[19893]
chr14,34123055,34123073,[20301]
chr14,34123120,34123138,[20301]
chr14,36893292,36893310,[19571]
chr14,36952989,36953008,[20200]
chr14,38716976,38716994,[19909]
chr14,39198162,39198180,[20247]
chr14,40930238,40930256,[20206]
chr14,41285529,41285547,[19712]
chr14,44787570,44787588,[19621]
chr14,44929172,44929190,[19545]
chr14,45102563,45102581,[20143]
chr14,47105533,47105551,[20307]
chr14,47740733,47740752,[19915]
chr14,51892175,51892193,[20201]
chr14,52369905,52369923,[19447]
chr14,54216980,54216999,[19634]
chr14,54617990,54618008,[20356]
chr14,54641487,54641505,[20199]
chr14,56675027,56675045,[19623]
chr14,56959097,56959115,[20142]
chr14,57902250,57902268,[20051]
chr14,58073919,58073937,[19815]
chr14,60219831,60219849,[19831]
chr14,60744836,60744854,[19904]
chr14,61778883,61778901,[20150]
chr14,61805687,61805705,[19706]
chr14,62682453,62682472,[19595]
chr14,64930997,64931015,[20207]
chr14,66071979,66071997,[19498]
chr14,66228906,66228924,[20213]
chr14,66229398,66229416,[20213]
chr14,67070350,67070368,[19532]
chr14,70065647,70065665,[20355]
chr14,72595678,72595696,[19625]
chr14,73088232,73088250,[20291]
chr14,73088263,73088281,[20291]
chr14,73389137,73389155,[20340]
chr14,73398730,73398748,[19946]
chr14,73525318,73525337,[20298]
chr14,73584488,73584506,[19827]
chr14,73720761,73720779,[19757]
chr14,75445750,75445768,[20074]
chr14,75516083,75516101,[19998]
chr14,78384538,78384556,[19726]
chr14,79326900,79326918,[20158]
chr14,80030401,80030422,[19729]
chr14,80078338,80078356,[19830]
chr14,80802657,80802675,[19672]
chr14,80908288,80908307,[19980]
chr14,82608728,82608746,[20092]
chr14,84682494,84682512,[19912]
chr14,84768925,84768943,[20334]
chr14,85936215,85936233,[20333]
chr14,86442584,86442602,[19740]
chr14,86682297,86682316,[19752]
chr14,87110050,87110068,[19506]
chr14,88402550,88402568,[19569]
chr14,97071142,97071160,[19762]
chr14,97313712,97313730,[19922]
chr14,101477925,101477943,[20395]
chr14,101640912,101640930,[20243]
chr14,103093738,103093756,[20151]
chr14,105296310,105296328,[19714]
chr14,107018478,107018496,[19573]
chr14,109711621,109711642,[19566]
chr14,117465535,117465553,[19818]
chr14,118233657,118233675,[19974]
chr14,118982775,118982793,[20282]
chr14,119007725,119007743,[20164]
chr14,120274720,120274738,[19905]
chr14,121854909,121854927,[20106]
chr14,121906735,121906753,[20218]
chr14,121917092,121917110,[19663]
chr14,122802030,122802048,[19953]
chr14,122985470,122985488,[19496]
chr14,122985548,122985566,[19496]
chr14,124306217,124306235,[19683]
chr15,5237389,5237407,[20580]
chr15,5813450,5813468,[21288]
chr15,5813509,5813531,[21288]
chr15,6034621,6034639,[20705]
chr15,6554202,6554220,[20487]
chr15,8667266,8667284,[21130]
chr15,8667393,8667411,[21130]
chr15,9435816,9435834,[20686]
chr15,9581026,9581044,[21296]
chr15,12010879,12010897,[21452]
chr15,12117173,12117191,[21401]
chr15,12117231,12117249,[21401]
chr15,16353344,16353362,[21101]
chr15,22103376,22103394,[21180]
chr15,22103650,22103668,[21180]
chr15,24244078,24244096,[20833]
chr15,25740411,25740429,[20589]
chr15,25949153,25949171,[20866]
chr15,27468287,27468305,[20661]
chr15,27725734,27725752,[20998]
chr15,29136080,29136098,[20766]
chr15,29423001,29423019,[20738]
chr15,32884222,32884240,[20977]
chr15,35529633,35529651,[20942]
chr15,36364188,36364206,[21280]
chr15,36580686,36580704,[20708]
chr15,39221021,39221039,[20727]
chr15,41832642,41832660,[20955]
chr15,42523365,42523383,[21119]
chr15,43167205,43167223,[20794]
chr15,43477690,43477708,[21274]
chr15,47775399,47775417,[20849]
chr15,48902678,48902696,[20918]
chr15,50662280,50662298,[20717]
chr15,53065920,53065938,[20563]
chr15,53127801,53127819,[21189]
chr15,53127841,53127859,[21189]
chr15,53157705,53157724,[21364]
chr15,53328140,53328158,[21085]
chr15,55829192,55829211,[21441]
chr15,55848448,55848466,[20568]
chr15,58145465,58145483,[20528]
chr15,58416403,58416421,[20486]
chr15,59106211,59106229,[20819]
chr15,59936695,59936713,[20489]
chr15,60102130,60102148,[20780]
chr15,60324888,60324906,[21110]
chr15,61128964,61128982,[20600]
chr15,61322204,61322222,[20858]
chr15,61413650,61413668,[20444]
chr15,62457415,62457434,[20863]
chr15,62824203,62824221,[21028]
chr15,64313342,64313360,[21461]
chr15,64313453,64313471,[21461]
chr15,65324525,65324543,[21024]
chr15,66861280,66861298,[21446]
chr15,66861721,66861740,[21446]
chr15,70453612,70453630,[21109]
chr15,70453731,70453749,[21109]
chr15,71256596,71256614,[21185]
chr15,73118260,73118278,[21230]
chr15,73149828,73149846,[21219]
chr15,73506356,73506375,[20526]
chr15,73581264,73581283,[20522]
chr15,75909405,75909423,[21381]
chr15,76317391,76317409,[21265]
chr15,77225809,77225827,[20555]
chr15,78391052,78391070,[21138]
chr15,78587714,78587733,[20831]
chr15,78683790,78683808,[20868]
chr15,79577980,79577998,[20634]
chr15,80310201,80310219,[20472]
chr15,80513827,80513845,[20696]
chr15,80897235,80897254,[21182]
chr15,81302688,81302706,[20984]
chr15,83602623,83602653,[21373]
chr15,83919639,83919657,[21322]
chr15,89076005,89076023,[20660]
chr15,90224117,90224136,[21327]
chr15,90459167,90459185,[20900]
chr15,91665215,91665233,[20715]
chr15,93959742,93959760,[20975]
chr15,94493969,94493987,[21141]
chr15,95773591,95773610,[20480]
chr15,96566216,96566234,[21087]
chr15,97246849,97246867,[21253]
chr15,97246908,97246926,[21253]
chr15,97322490,97322508,[20562]
chr15,97429446,97429464,[21120]
chr15,97578038,97578057,[20813]
chr15,97836804,97836822,[21158]
chr15,99393910,99393928,[21475]
chr15,99416947,99416966,[20946]
chr15,100060773,100060792,[21217]
chr15,100182196,100182214,[20919]
chr15,100265652,100265670,[20557]
chr15,101041083,101041101,[21213]
chr15,101243006,101243025,[20448]
chr15,103258357,103258375,[21122]
chr15,103788646,103788664,[20552]
chr16,7112801,7112819,[21609]
chr16,11177652,11177670,[22040]
chr16,11224809,11224827,[21671]
chr16,11501135,11501154,[21741]
chr16,13027284,13027302,[22313]
chr16,14379949,14379967,[21834]
chr16,18388240,18388258,[21757]
chr16,20930429,20930448,[21526]
chr16,20991041,20991059,[21631]
chr16,21232862,21232880,[22270]
chr16,23144468,23144486,[22164]
chr16,23989789,23989807,[22350]
chr16,24212947,24212965,[21989]
chr16,24539019,24539037,[22105]
chr16,24819736,24819754,[21807]
chr16,25211749,25211767,[21594]
chr16,27198824,27198842,[21488]
chr16,28775302,28775320,[22085]
chr16,30124523,30124541,[21660]
chr16,30326417,30326435,[21589]
chr16,30439153,30439171,[21853]
chr16,31022453,31022471,[21595]
chr16,32062245,32062264,[22173]
chr16,32068109,32068127,[22250]
chr16,35941624,35941642,[21722]
chr16,36008360,36008378,[21486]
chr16,36071011,36071030,[21703]
chr16,37437335,37437353,[22017]
chr16,38029199,38029217,[21919]
chr16,38131682,38131701,[22353]
chr16,40569081,40569099,[21522]
chr16,41025291,41025309,[22058]
chr16,44495871,44495889,[21875]
chr16,45176507,45176525,[21867]
chr16,45223754,45223772,[22341]
chr16,45347885,45347903,[21988]
chr16,46009598,46009617,[21604]
chr16,46010868,46010887,[22376]
chr16,48595185,48595203,[21517]
chr16,48786323,48786341,[21979]
chr16,49937696,49937714,[22285]
chr16,49938118,49938137,[22285]
chr16,51857852,51857870,[21677]
chr16,52056230,52056248,[21653]
chr16,52143067,52143085,[22314]
chr16,53336429,53336447,[21507]
chr16,55838275,55838293,[22401]
chr16,56932543,56932561,[22160]
chr16,57317953,57317971,[21602]
chr16,57585277,57585295,[22158]
chr16,58796619,58796637,[21513]
chr16,60024533,60024551,[21673]
chr16,64764566,64764584,[21708]
chr16,64800447,64800465,[21801]
chr16,64800540,64800558,[21801]
chr16,64836106,64836124,[22327]
chr16,64836332,64836351,[22327]
chr16,65449858,65449876,[21537]
chr16,65496885,65496903,[21557]
chr16,70674288,70674306,[21667]
chr16,70787996,70788014,[21531]
chr16,76333975,76333993,[21787]
chr16,76422658,76422677,[21534]
chr16,80470386,80470404,[21566]
chr16,85193889,85193907,[22073]
chr16,90245025,90245043,[21577]
chr16,90728048,90728066,[22400]
chr16,90934901,90934920,[22297]
chr16,91044679,91044697,[22212]
chr16,91352170,91352188,[21839]
chr16,91484662,91484688,[22354]
chr16,92701973,92701991,[21657]
chr16,93803952,93803970,[21599]
chr16,93898784,93898802,[21637]
chr16,94332122,94332140,[22166]
chr16,94332383,94332401,[22166]
chr16,94596703,94596721,[22096]
chr16,95901616,95901634,[21931]
chr16,96191703,96191721,[22393]
chr16,97262614,97262632,[21960]
chr16,97272485,97272504,[21628]
chr17,3122925,3122943,[22439]
chr17,3679147,3679165,[23456]
chr17,3679169,3679187,[23456]
chr17,4624134,4624152,[22987]
chr17,4778597,4778615,[23420]
chr17,5249350,5249368,[23152]
chr17,5641352,5641370,[22943]
chr17,5813531,5813549,[23561]
chr17,5943439,5943457,[22611]
chr17,6778467,6778486,[23540]
chr17,7927767,7927785,[23572]
chr17,8128309,8128327,[23004]
chr17,9089106,9089124,[22433]
chr17,9582733,9582751,[22922]
chr17,11628885,11628903,[22556]
chr17,12623242,12623260,[23058]
chr17,12623463,12623481,[23058]
chr17,12770047,12770065,[23365]
chr17,12915879,12915897,[23525]
chr17,14527668,14527686,[23333]
chr17,16739921,16739939,[23154]
chr17,18998819,18998837,[22511]
chr17,25184302,25184320,[23066]
chr17,25240886,25240904,[23063]
chr17,27134182,27134200,[23439]
chr17,27908247,27908265,[23240]
chr17,28080755,28080773,[22919]
chr17,29437649,29437667,[23262]
chr17,29769116,29769134,[23496]
chr17,29973466,29973484,[23350]
chr17,29979680,29979698,[23391]
chr17,30411077,30411095,[22432]
chr17,31011757,31011776,[23444]
chr17,31248999,31249017,[22745]
chr17,32031928,32031946,[22697]
chr17,32536400,32536419,[22786]
chr17,32536478,32536496,[22786]
chr17,33254836,33254855,[23077]
chr17,33289833,33289852,[23242]
chr17,33951370,33951388,[23193]
chr17,34171457,34171476,[23510]
chr17,34589618,34589636,[23282]
chr17,35354208,35354226,[23571]
chr17,35941612,35941630,[22667]
chr17,37561682,37561700,[22485]
chr17,39286386,39286404,[22900]
chr17,43699529,43699547,[23235]
chr17,45573528,45573546,[23489]
chr17,46056557,46056575,[22731]
chr17,46160884,46160902,[23308]
chr17,47923601,47923620,[22636]
chr17,48043942,48043961,[22603]
chr17,48426010,48426028,[23381]
chr17,48533775,48533793,[23074]
chr17,49164601,49164619,[22874]
chr17,50141964,50141982,[23377]
chr17,51322930,51322948,[23062]
chr17,51735455,51735473,[23169]
chr17,51880224,51880242,[23187]
chr17,51893154,51893172,[23019]
chr17,52125631,52125650,[23012]
chr17,52150571,52150590,[23001]
chr17,52449015,52449033,[22769]
chr17,55871520,55871538,[22577]
chr17,56627559,56627577,[23278]
chr17,58090282,58090300,[23232]
chr17,64248481,64248499,[22662]
chr17,65929389,65929407,[23044]
chr17,66101789,66101807,[23587]
chr17,66102393,66102411,[23587]
chr17,69025311,69025329,[23229]
chr17,71062190,71062208,[22599]
chr17,73175983,73176001,[22846]
chr17,73815070,73815088,[23293]
chr17,73871638,73871656,[22809]
chr17,73902346,73902364,[22566]
chr17,74429140,74429158,[23199]
chr17,74717740,74717758,[22758]
chr17,77344267,77344285,[22744]
chr17,79000074,79000092,[22438]
chr17,83646978,83646996,[23371]
chr17,84163165,84163183,[23357]
chr17,84330796,84330814,[23366]
chr17,85170708,85170726,[23239]
chr17,86757846,86757865,[22980]
chr17,87283322,87283340,[23514]
chr17,88057846,88057864,[23110]
chr17,88123939,88123957,[22842]
chr17,88441505,88441523,[23599]
chr17,88753156,88753174,[23069]
chr17,90923353,90923371,[22587]
chr18,4312733,4312751,[23729]
chr18,4313988,4314007,[23921]
chr18,5688494,5688513,[23982]
chr18,6764890,6764908,[24250]
chr18,7911030,7911048,[23998]
chr18,9469489,9469507,[24065]
chr18,10700964,10700982,[23882]
chr18,10726740,10726758,[23966]
chr18,11656695,11656713,[23619]
chr18,19002976,19002994,[23742]
chr18,19598088,19598106,[23868]
chr18,19598108,19598126,[23868]
chr18,20958928,20958946,[23937]
chr18,31788865,31788883,[24204]
chr18,32020761,32020779,[23609]
chr18,32598440,32598458,[24125]
chr18,32810753,32810771,[23919]
chr18,32945798,32945817,[23987]
chr18,32990878,32990896,[24191]
chr18,34663209,34663227,[23877]
chr18,35910536,35910554,[24047]
chr18,37814500,37814518,[23924]
chr18,37815253,37815271,[24149]
chr18,38420047,38420065,[23979]
chr18,39426048,39426066,[23874]
chr18,42274924,42274942,[24257]
chr18,42869137,42869155,[23908]
chr18,44737302,44737320,[24010]
chr18,46630891,46630909,[23748]
chr18,48256632,48256650,[23913]
chr18,49091133,49091151,[24145]
chr18,49980064,49980083,[24101]
chr18,51247241,51247259,[23889]
chr18,56455630,56455648,[24057]
chr18,56469052,56469070,[23932]
chr18,56726576,56726594,[23847]
chr18,56726713,56726731,[23847]
chr18,56925837,56925855,[24228]
chr18,58773691,58773709,[23736]
chr18,58784699,58784717,[24142]
chr18,60767479,60767497,[23886]
chr18,60849303,60849322,[24082]
chr18,60952764,60952782,[24123]
chr18,62164759,62164777,[24096]
chr18,62204039,62204057,[24085]
chr18,62699151,62699169,[23852]
chr18,63860149,63860168,[23792]
chr18,64501084,64501102,[23773]
chr18,65405526,65405544,[23853]
chr18,66321530,66321548,[23981]
chr18,67931981,67931999,[23756]
chr18,68064040,68064058,[23656]
chr18,68227658,68227677,[24206]
chr18,68624330,68624348,[23646]
chr18,68686961,68686979,[23973]
chr18,68969277,68969296,[24130]
chr18,71463584,71463602,[23657]
chr18,71566498,71566516,[23672]
chr18,71658434,71658452,[23993]
chr18,75353991,75354009,[24211]
chr18,75367124,75367142,[24286]
chr18,75368132,75368150,[24286]
chr18,75383586,75383604,[23710]
chr18,75419746,75419764,[24159]
chr18,77608847,77608865,[23797]
chr18,77742888,77742906,[23944]
chr18,78239749,78239767,[23625]
chr18,79258145,79258163,[24014]
chr18,79905363,79905381,[24172]
chr18,80200848,80200866,[24135]
chr18,80649727,80649745,[23869]
chr18,80718540,80718558,[24035]
chr18,81568664,81568682,[23888]
chr18,82462117,82462135,[24042]
chr18,82765654,82765673,[24100]
chr18,84294338,84294356,[23770]
chr18,84951508,84951526,[24244]
chr18,87293285,87293303,[23691]
chr18,87380601,87380619,[23631]
chr18,88408589,88408607,[23626]
chr18,90310593,90310611,[23793]
chr19,3325343,3325361,[24899]
chr19,3890405,3890423,[24642]
chr19,4048020,4048039,[24477]
chr19,4052250,4052268,[24672]
chr19,4145129,4145147,[24873]
chr19,5610115,5610134,[24719]
chr19,5877852,5877870,[24799]
chr19,6126535,6126554,[24722]
chr19,6418760,6418778,[24939]
chr19,8770930,8770949,[24607]
chr19,8786987,8787005,[24496]
chr19,8819197,8819216,[25098]
chr19,8898703,8898721,[25050]
chr19,9939050,9939068,[24940]
chr19,10556066,10556085,[24752]
chr19,10732039,10732057,[24776]
chr19,10739745,10739763,[24452]
chr19,10740289,10740307,[25031]
chr19,10777175,10777193,[24658]
chr19,11505572,11505590,[25063]
chr19,11533971,11533989,[25038]
chr19,16150773,16150791,[24416]
chr19,16231588,16231606,[24577]
chr19,16510038,16510056,[24604]
chr19,16776265,16776283,[24402]
chr19,16998232,16998250,[24399]
chr19,18618973,18618992,[24951]
chr19,18811641,18811659,[24926]
chr19,18811919,18811937,[24926]
chr19,21036680,21036698,[24547]
chr19,22857255,22857273,[24660]
chr19,22975814,22975833,[24396]
chr19,23208389,23208407,[24290]
chr19,24660991,24661009,[24393]
chr19,26950766,26950784,[24293]
chr19,26950826,26950844,[24293]
chr19,28009938,28009956,[24724]
chr19,29210410,29210428,[25051]
chr19,30043768,30043786,[24865]
chr19,30154456,30154474,[24337]
chr19,31210792,31210811,[24965]
chr19,32123213,32123231,[24845]
chr19,32197252,32197270,[25008]
chr19,32257700,32257719,[24356]
chr19,32937060,32937079,[24692]
chr19,33114405,33114423,[24585]
chr19,34493005,34493023,[24588]
chr19,36082963,36082981,[24628]
chr19,36834986,36835004,[25070]
chr19,36996196,36996215,[24673]
chr19,37376786,37376804,[25090]
chr19,38373110,38373128,[24400]
chr19,38872941,38872959,[24351]
chr19,40589648,40589666,[24746]
chr19,41803634,41803653,[24403]
chr19,43687244,43687262,[24352]
chr19,44091365,44091383,[24456]
chr19,44091475,44091494,[24456]
chr19,44545017,44545035,[24619]
chr19,44566711,44566729,[24638]
chr19,44865617,44865635,[24338]
chr19,45440248,45440266,[24409]
chr19,45626457,45626475,[24326]
chr19,46150892,46150910,[24519]
chr19,46382069,46382087,[24428]
chr19,46620090,46620108,[24994]
chr19,47538893,47538911,[24558]
chr19,47795224,47795242,[24688]
chr19,48576214,48576232,[24732]
chr19,51178950,51178968,[24582]
chr19,52473057,52473075,[24611]
chr19,53460451,53460469,[24450]
chr19,53713070,53713088,[24805]
chr19,53922403,53922421,[24764]
chr19,57095777,57095796,[24573]
chr19,57356894,57356912,[24778]
chr19,57803015,57803033,[24430]
chr19,59315276,59315294,[24795]
chr19,59325329,59325347,[24681]
chr19,59339782,59339800,[24434]
chr19,59925913,59925931,[24989]
chr19,60756833,60756851,[25099]
chr2,3417689,3417708,[2450]
chr2,3728103,3728121,[3191]
chr2,5158584,5158602,[2192]
chr2,6021884,6021903,[2791]
chr2,6337780,6337798,[2174]
chr2,6357667,6357685,[2777]
chr2,7401832,7401850,[2710]
chr2,8896900,8896918,[2688]
chr2,9889477,9889495,[2425]
chr2,10153209,10153227,[3500]
chr2,11689486,11689504,[2011]
chr2,13558558,13558576,[2900]
chr2,14959597,14959615,[2127]
chr2,15055843,15055861,[3688]
chr2,15258334,15258352,[2103]
chr2,16461254,16461272,[2231]
chr2,17873269,17873287,[2247]
chr2,18065183,18065202,[2280]
chr2,18958053,18958072,[3382]
chr2,22784366,22784385,[3582]
chr2,23049575,23049593,[2377]
chr2,23848409,23848427,[1948]
chr2,24447804,24447822,[1958]
chr2,25535006,25535025,[3672]
chr2,26408670,26408689,[3643]
chr2,27404414,27404432,[2548]
chr2,27552574,27552592,[3286]
chr2,27994890,27994908,[2441]
chr2,28755659,28755677,[2770]
chr2,29489435,29489453,[2718]
chr2,29629253,29629271,[2731]
chr2,29936011,29936029,[2438]
chr2,30093881,30093899,[2905]
chr2,30129098,30129117,[2285]
chr2,30547641,30547659,[3602]
chr2,30676876,30676894,[2392]
chr2,31088531,31088549,[3351]
chr2,31108375,31108393,[3160]
chr2,31929952,31929970,[1880]
chr2,32151653,32151671,[3307]
chr2,35169001,35169030,[3328]
chr2,35169230,35169248,[3328]
chr2,35233356,35233375,[2244]
chr2,38512041,38512059,[2625]
chr2,42569601,42569619,[2709]
chr2,43737852,43737871,[2999]
chr2,44748030,44748048,[2236]
chr2,45789719,45789738,[1950]
chr2,47418462,47418480,[3513]
chr2,48395130,48395148,[1930]
chr2,48477070,48477088,[2763]
chr2,50741285,50741303,[3304]
chr2,52086067,52086085,[2220]
chr2,52224305,52224323,[3683]
chr2,52561657,52561675,[3146]
chr2,54779836,54779854,[2495]
chr2,57117928,57117946,[2364]
chr2,59527854,59527872,[2506]
chr2,60256624,60256642,[2399]
chr2,61271501,61271520,[2160]
chr2,61483843,61483861,[2892]
chr2,61810404,61810422,[2504]
chr2,62352166,62352184,[3334]
chr2,62540386,62540404,[2067]
chr2,65001232,65001250,[3234]
chr2,70489604,70489622,[2472]
chr2,70538510,70538528,[2024]
chr2,70836043,70836061,[3680]
chr2,71358875,71358893,[2645]
chr2,71715925,71715943,[2263]
chr2,72114078,72114097,[3261]
chr2,72137363,72137381,[3346]
chr2,72144908,72144926,[2837]
chr2,72315364,72315382,[2114]
chr2,72725193,72725211,[2531]
chr2,72886255,72886273,[2052]
chr2,73385463,73385481,[2501]
chr2,73716272,73716290,[3217]
chr2,73775885,73775903,[3453]
chr2,73856396,73856414,[2666]
chr2,75073224,75073243,[3702]
chr2,75975497,75975515,[2508]
chr2,76013681,76013699,[1978]
chr2,76254841,76254859,[2211]
chr2,77305373,77305391,[2909]
chr2,78835264,78835282,[2614]
chr2,79010147,79010166,[2262]
chr2,79248623,79248641,[2414]
chr2,79270564,79270582,[3467]
chr2,84025511,84025529,[1872]
chr2,84793740,84793758,[2372]
chr2,85036922,85036940,[3377]
chr2,86784013,86784031,[2456]
chr2,87570852,87570870,[2104]
chr2,89017048,89017066,[3564]
chr2,90667877,90667895,[2488]
chr2,90756400,90756418,[2512]
chr2,91954093,91954111,[2229]
chr2,92212616,92212634,[2169]
chr2,92255483,92255501,[2914]
chr2,92442915,92442933,[2255]
chr2,93186887,93186905,[3675]
chr2,93438084,93438102,[2138]
chr2,93454739,93454758,[3580]
chr2,97701619,97701637,[2253]
chr2,101990510,101990528,[2853]
chr2,102896072,102896090,[2475]
chr2,103012822,103012840,[2732]
chr2,103049205,103049223,[2297]
chr2,104179846,104179864,[1969]
chr2,104455366,104455384,[2734]
chr2,106649199,106649217,[2117]
chr2,111668222,111668240,[2034]
chr2,112238718,112238736,[2863]
chr2,112284888,112284906,[3159]
chr2,114119549,114119568,[2188]
chr2,117433345,117433363,[2520]
chr2,118100906,118100924,[1987]
chr2,118479981,118480000,[3422]
chr2,118620722,118620740,[2321]
chr2,119046932,119046951,[3527]
chr2,119239357,119239375,[3293]
chr2,119239404,119239422,[3293]
chr2,121013811,121013829,[2275]
chr2,121110997,121111015,[3038]
chr2,122028167,122028185,[3673]
chr2,122652295,122652313,[3143]
chr2,123110364,123110382,[2300]
chr2,123876206,123876224,[2091]
chr2,125859341,125859359,[3528]
chr2,126597640,126597659,[3155]
chr2,127134254,127134272,[3207]
chr2,127134382,127134400,[3207]
chr2,127252388,127252406,[2281]
chr2,127389930,127389948,[2923]
chr2,127927915,127927933,[3658]
chr2,128395750,128395768,[3589]
chr2,128422740,128422759,[2965]
chr2,133393103,133393121,[2702]
chr2,135874128,135874146,[2460]
chr2,136754196,136754214,[2509]
chr2,137418249,137418267,[1954]
chr2,143916613,143916631,[2436]
chr2,144600393,144600411,[3524]
chr2,144712192,144712210,[3028]
chr2,147860701,147860719,[3404]
chr2,150136359,150136377,[3544]
chr2,152775576,152775594,[3244]
chr2,152775613,152775631,[3244]
chr2,152848486,152848504,[3002]
chr2,153345169,153345187,[3710]
chr2,153350957,153350975,[2864]
chr2,153865738,153865756,[2439]
chr2,154658252,154658270,[2699]
chr2,155553307,155553325,[2924]
chr2,157119331,157119349,[3208]
chr2,158166923,158166941,[2990]
chr2,158674810,158674828,[2644]
chr2,161512130,161512148,[2383]
chr2,161959836,161959854,[1982]
chr2,163238241,163238259,[2862]
chr2,164544682,164544700,[3327]
chr2,164822713,164822731,[3194]
chr2,166031729,166031748,[3482]
chr2,166886337,166886355,[2227]
chr2,167742712,167742730,[2632]
chr2,168229696,168229715,[3017]
chr2,169778882,169778900,[2151]
chr2,169786353,169786371,[2357]
chr2,170169119,170169137,[3386]
chr2,173077051,173077069,[2695]
chr2,173452168,173452186,[3294]
chr2,174067923,174067941,[2026]
chr2,178700061,178700079,[3140]
chr2,181319499,181319517,[3161]
chr3,8635569,8635588,[4553]
chr3,8665329,8665347,[3944]
chr3,8667868,8667886,[4873]
chr3,9066654,9066673,[4374]
chr3,9677319,9677337,[4188]
chr3,9984027,9984045,[4749]
chr3,10130143,10130161,[3991]
chr3,10703766,10703784,[4601]
chr3,14806623,14806641,[3819]
chr3,17842156,17842174,[4222]
chr3,19258644,19258662,[4853]
chr3,19258921,19258939,[4853]
chr3,20142146,20142164,[4891]
chr3,20142535,20142554,[4891]
chr3,20222828,20222846,[5034]
chr3,21953275,21953293,[4503]
chr3,25451237,25451256,[3980]
chr3,27154103,27154122,[4900]
chr3,27921065,27921083,[4582]
chr3,28402255,28402273,[4230]
chr3,29984309,29984327,[4031]
chr3,30378141,30378159,[4640]
chr3,31056943,31056961,[4953]
chr3,33956500,33956518,[4888]
chr3,37724164,37724182,[4965]
chr3,37753541,37753559,[4615]
chr3,41332721,41332739,[3785]
chr3,43800681,43800699,[4146]
chr3,45356294,45356312,[3872]
chr3,46530556,46530574,[4371]
chr3,51339925,51339943,[5074]
chr3,52262760,52262779,[4497]
chr3,52499197,52499215,[4890]
chr3,52784948,52784967,[3977]
chr3,52906953,52906971,[4559]
chr3,53017612,53017630,[4986]
chr3,54232147,54232165,[4782]
chr3,54232278,54232296,[4782]
chr3,55374007,55374025,[4326]
chr3,57844060,57844078,[3967]
chr3,59702799,59702817,[4722]
chr3,60414006,60414024,[4781]
chr3,60537485,60537503,[4446]
chr3,61123206,61123224,[4763]
chr3,63976009,63976027,[4795]
chr3,65962064,65962082,[3858]
chr3,65975605,65975623,[5079]
chr3,68183501,68183519,[4686]
chr3,68794437,68794455,[4419]
chr3,68883563,68883581,[4542]
chr3,69481952,69481971,[4246]
chr3,70930719,70930737,[4433]
chr3,79127885,79127903,[4353]
chr3,79274907,79274925,[4797]
chr3,84956881,84956900,[4845]
chr3,85697522,85697540,[3990]
chr3,86845546,86845564,[4742]
chr3,87515437,87515455,[4170]
chr3,88042973,88042991,[4407]
chr3,88510242,88510260,[4938]
chr3,88579551,88579569,[4364]
chr3,89700846,89700864,[3950]
chr3,91600982,91601000,[3983]
chr3,91637867,91637885,[4489]
chr3,91696265,91696283,[4625]
chr3,91779741,91779759,[4594]
chr3,91823621,91823639,[4208]
chr3,91905105,91905123,[4830]
chr3,95894182,95894200,[4677]
chr3,95972384,95972402,[5066]
chr3,96557028,96557047,[4285]
chr3,100688138,100688156,[4720]
chr3,103377685,103377703,[4426]
chr3,103753858,103753876,[4777]
chr3,103781022,103781040,[4687]
chr3,105991777,105991795,[4754]
chr3,106003396,106003415,[4367]
chr3,107206244,107206263,[4347]
chr3,107336473,107336491,[3979]
chr3,110707058,110707076,[4063]
chr3,113611416,113611434,[4538]
chr3,113657060,113657078,[4115]
chr3,115972688,115972706,[4922]
chr3,116279245,116279263,[4450]
chr3,116327423,116327441,[4276]
chr3,116712988,116713006,[3974]
chr3,118405264,118405286,[4111]
chr3,119766072,119766090,[4787]
chr3,121639855,121639873,[4886]
chr3,122096485,122096503,[4678]
chr3,122869361,122869379,[4036]
chr3,123176321,123176339,[4216]
chr3,123489109,123489127,[4348]
chr3,126661869,126661887,[4087]
chr3,128271870,128271888,[4196]
chr3,129730790,129730808,[3926]
chr3,129987142,129987160,[4865]
chr3,131057673,131057691,[4739]
chr3,132125575,132125593,[4307]
chr3,133052669,133052687,[3794]
chr3,134255983,134256001,[3994]
chr3,136044155,136044173,[4881]
chr3,138474810,138474828,[4907]
chr3,138854818,138854836,[4870]
chr3,142295046,142295064,[3997]
chr3,142493991,142494010,[4614]
chr3,142618875,142618893,[4099]
chr3,142619864,142619882,[4880]
chr3,143257151,143257169,[4155]
chr3,144050303,144050321,[4303]
chr3,149665651,149665669,[4009]
chr3,152941931,152941949,[4762]
chr3,152952447,152952465,[4147]
chr3,153591704,153591722,[4993]
chr3,153959519,153959537,[4106]
chr3,154958392,154958410,[3838]
chr3,156878317,156878335,[4627]
chr3,157616979,157616997,[3856]
chr3,158768511,158768530,[4010]
chr4,3982595,3982613,[6065]
chr4,3990042,3990061,[5658]
chr4,6475111,6475129,[5465]
chr4,6622282,6622300,[5373]
chr4,6817247,6817265,[6068]
chr4,7443392,7443410,[5316]
chr4,8634537,8634555,[5886]
chr4,8649826,8649844,[5988]
chr4,9771186,9771204,[5488]
chr4,10981371,10981389,[5359]
chr4,11076493,11076511,[6449]
chr4,11146743,11146761,[6604]
chr4,11499036,11499054,[5504]
chr4,12046711,12046729,[5728]
chr4,13519319,13519337,[6556]
chr4,13519734,13519752,[6556]
chr4,15945775,15945793,[6464]
chr4,15986708,15986727,[6373]
chr4,19574999,19575017,[6300]
chr4,19697036,19697054,[5160]
chr4,19932434,19932452,[5529]
chr4,20304168,20304186,[5361]
chr4,20456292,20456310,[5466]
chr4,20456326,20456345,[5466]
chr4,20547303,20547321,[5331]
chr4,21727228,21727246,[6529]
chr4,23404126,23404144,[6267]
chr4,24002521,24002539,[5295]
chr4,24372938,24372956,[6155]
chr4,25338270,25338289,[5492]
chr4,26766627,26766645,[5352]
chr4,26790379,26790397,[5176]
chr4,28969371,28969389,[5121]
chr4,32133032,32133051,[5422]
chr4,32249864,32249882,[5598]
chr4,32342600,32342619,[5675]
chr4,33375639,33375657,[5213]
chr4,35130938,35130956,[5439]
chr4,38629873,38629891,[5199]
chr4,40680484,40680503,[5266]
chr4,41256955,41256973,[5393]
chr4,41341441,41341459,[5756]
chr4,41774326,41774344,[5890]
chr4,42961826,42961844,[5732]
chr4,43038145,43038163,[5319]
chr4,44271436,44271454,[6526]
chr4,44973836,44973854,[6119]
chr4,46761970,46761988,[5135]
chr4,48012823,48012841,[6581]
chr4,51286612,51286630,[5448]
chr4,57903397,57903415,[5197]
chr4,59167989,59168007,[6443]
chr4,59528490,59528508,[6178]
chr4,59654037,59654055,[5226]
chr4,62505798,62505816,[5691]
chr4,62695869,62695887,[5725]
chr4,62734758,62734776,[5102]
chr4,68778065,68778083,[5100]
chr4,70596655,70596673,[6250]
chr4,80231616,80231634,[5512]
chr4,81678932,81678950,[5129]
chr4,83370885,83370903,[5436]
chr4,84305576,84305594,[5817]
chr4,85430630,85430665,[5610]
chr4,85430724,85430742,[5610]
chr4,85548818,85548836,[5497]
chr4,85548955,85548974,[5497]
chr4,86319472,86319490,[5640]
chr4,88867617,88867636,[6042]
chr4,90840193,90840211,[5687]
chr4,91336425,91336462,[5856]
chr4,92560303,92560321,[6075]
chr4,95120661,95120679,[6003]
chr4,98280808,98280826,[5256]
chr4,98282265,98282283,[5902]
chr4,98436673,98436691,[6568]
chr4,98436724,98436743,[6568]
chr4,98436775,98436794,[6568]
chr4,100952956,100952978,[5190]
chr4,101186015,101186033,[5293]
chr4,101217352,101217371,[6207]
chr4,101391855,101391873,[5372]
chr4,102517173,102517191,[6537]
chr4,102636011,102636029,[5541]
chr4,102682366,102682384,[5575]
chr4,103154909,103154927,[5118]
chr4,103169582,103169600,[6382]
chr4,103313580,103313598,[6409]
chr4,103803464,103803482,[6158]
chr4,105333311,105333329,[5892]
chr4,105333486,105333504,[5892]
chr4,106787866,106787884,[5562]
chr4,108071633,108071652,[6263]
chr4,108960641,108960659,[6058]
chr4,108999926,108999944,[6643]
chr4,109202263,109202281,[6286]
chr4,109280392,109280410,[6236]
chr4,116453483,116453501,[5417]
chr4,116626739,116626757,[6632]
chr4,116703966,116703984,[5815]
chr4,117139347,117139365,[5609]
chr4,118409055,118409073,[6497]
chr4,120120244,120120262,[5605]
chr4,120793654,120793673,[5909]
chr4,120925506,120925524,[6590]
chr4,122934316,122934335,[6133]
chr4,123571934,123571952,[6220]
chr4,126194457,126194475,[5274]
chr4,127022511,127022529,[6428]
chr4,127146897,127146915,[5384]
chr4,128735516,128735534,[5915]
chr4,128741014,128741032,[5132]
chr4,129249663,129249681,[6415]
chr4,129570652,129570670,[6465]
chr4,129641604,129641622,[6636]
chr4,129805563,129805581,[5698]
chr4,129828190,129828208,[6273]
chr4,130899940,130899958,[5949]
chr4,132353733,132353752,[5726]
chr4,132659280,132659299,[6425]
chr4,133182631,133182650,[5429]
chr4,133250878,133250896,[5904]
chr4,133278062,133278080,[6597]
chr4,133707360,133707379,[6345]
chr4,133836954,133836972,[6198]
chr4,134370526,134370545,[5516]
chr4,134505225,134505243,[5308]
chr4,135271668,135271686,[5369]
chr4,135483945,135483964,[5411]
chr4,135855554,135855572,[6514]
chr4,136089829,136089847,[5572]
chr4,137367807,137367825,[6441]
chr4,137388755,137388774,[6471]
chr4,137892347,137892365,[5456]
chr4,138914335,138914353,[6498]
chr4,139289526,139289544,[6211]
chr4,139456527,139456545,[5569]
chr4,140601363,140601381,[5937]
chr4,148050465,148050483,[5761]
chr4,149283295,149283313,[5134]
chr4,149658330,149658349,[6276]
chr4,149658538,149658556,[6276]
chr4,149871948,149871966,[5498]
chr4,150339227,150339245,[5712]
chr4,150454166,150454184,[5332]
chr4,150545244,150545262,[6359]
chr4,150565743,150565761,[5227]
chr4,150915463,150915481,[6167]
chr4,150939964,150939982,[5934]
chr4,155162349,155162367,[6261]
chr4,155197869,155197887,[5941]
chr4,155245883,155245901,[6115]
chr4,155831493,155831511,[6448]
chr5,3654483,3654501,[6787]
chr5,3670100,3670119,[7413]
chr5,5014679,5014697,[7621]
chr5,5775631,5775649,[7383]
chr5,7122894,7122912,[7298]
chr5,11144975,11144993,[7390]
chr5,11884373,11884391,[7054]
chr5,12427407,12427425,[7915]
chr5,17605608,17605626,[7373]
chr5,18629675,18629694,[7062]
chr5,18746398,18746416,[8103]
chr5,19444898,19444916,[7254]
chr5,21213142,21213161,[6974]
chr5,22487548,22487566,[7374]
chr5,23386607,23386625,[8223]
chr5,23387410,23387428,[8223]
chr5,23974034,23974052,[6680]
chr5,25478991,25479009,[7794]
chr5,27608688,27608706,[7170]
chr5,28647572,28647590,[8171]
chr5,31516818,31516836,[7916]
chr5,31785295,31785313,[7117]
chr5,31985356,31985374,[6703]
chr5,31985434,31985452,[6703]
chr5,32477628,32477646,[6951]
chr5,32760135,32760153,[7712]
chr5,33392686,33392704,[6807]
chr5,36860500,36860518,[7184]
chr5,36860589,36860608,[7184]
chr5,37066880,37066898,[8127]
chr5,38598800,38598818,[7163]
chr5,39048402,39048420,[7623]
chr5,40017647,40017665,[7493]
chr5,41008059,41008077,[7160]
chr5,41008143,41008161,[7160]
chr5,41008188,41008206,[7160]
chr5,42462158,42462176,[7522]
chr5,44071670,44071688,[7080]
chr5,44862095,44862113,[7420]
chr5,45615829,45615847,[6710]
chr5,45730141,45730159,[7394]
chr5,49630100,49630118,[7082]
chr5,50071873,50071891,[7449]
chr5,50206192,50206211,[6671]
chr5,51069465,51069483,[6670]
chr5,51198101,51198119,[7630]
chr5,51949519,51949537,[7331]
chr5,52189705,52189724,[8251]
chr5,55182880,55182898,[6889]
chr5,55907558,55907576,[6842]
chr5,57519505,57519523,[7356]
chr5,57706313,57706331,[7844]
chr5,58883086,58883104,[6901]
chr5,60868279,60868297,[6788]
chr5,63962713,63962731,[6724]
chr5,64161182,64161200,[8254]
chr5,64684081,64684099,[7954]
chr5,64806077,64806095,[7626]
chr5,65795486,65795504,[7658]
chr5,65856998,65857016,[7789]
chr5,67116592,67116610,[7079]
chr5,70670432,70670450,[7614]
chr5,72161155,72161173,[7974]
chr5,72178726,72178744,[7922]
chr5,72204649,72204668,[7730]
chr5,72340624,72340642,[6960]
chr5,72812001,72812020,[7769]
chr5,72869073,72869091,[7979]
chr5,73286725,73286744,[7316]
chr5,73586162,73586180,[8058]
chr5,74019921,74019939,[7035]
chr5,75640922,75640940,[6959]
chr5,77070219,77070237,[8089]
chr5,79419206,79419225,[7100]
chr5,80520587,80520605,[7067]
chr5,82171383,82171401,[7482]
chr5,86004543,86004561,[7640]
chr5,86037962,86037981,[6706]
chr5,88458523,88458541,[7359]
chr5,88897626,88897644,[8041]
chr5,91697121,91697139,[7135]
chr5,92374986,92375004,[6909]
chr5,97180353,97180371,[6830]
chr5,100728788,100728806,[7173]
chr5,103519227,103519250,[7772]
chr5,105292431,105292449,[7711]
chr5,105701581,105701600,[7158]
chr5,106803155,106803173,[7256]
chr5,107264967,107264985,[7793]
chr5,107960756,107960774,[7786]
chr5,110839078,110839096,[7006]
chr5,110881309,110881327,[7404]
chr5,112287422,112287440,[8209]
chr5,113842325,113842343,[8093]
chr5,114505451,114505469,[7326]
chr5,114897359,114897378,[7760]
chr5,115204008,115204026,[7221]
chr5,115490486,115490504,[8261]
chr5,115490564,115490582,[8261]
chr5,116625530,116625548,[7036]
chr5,118381259,118381277,[7361]
chr5,118604721,118604739,[7673]
chr5,121562520,121562538,[6731]
chr5,122131643,122131661,[8157]
chr5,122228564,122228582,[7740]
chr5,122591392,122591410,[7213]
chr5,122698585,122698603,[7933]
chr5,122833035,122833053,[7526]
chr5,122945861,122945879,[6929]
chr5,123133738,123133756,[7284]
chr5,123244502,123244520,[7487]
chr5,124614741,124614759,[7107]
chr5,124944682,124944700,[8110]
chr5,125466097,125466115,[7803]
chr5,127617525,127617543,[7938]
chr5,127904225,127904243,[7152]
chr5,128588721,128588739,[6812]
chr5,129105944,129105962,[6685]
chr5,129887698,129887716,[7850]
chr5,134236650,134236668,[7864]
chr5,135115494,135115512,[7689]
chr5,137694035,137694053,[6767]
chr5,138603650,138603668,[7068]
chr5,140332297,140332316,[6785]
chr5,140505647,140505665,[8119]
chr5,140638238,140638256,[6692]
chr5,140702485,140702504,[7830]
chr5,141305957,141305975,[7323]
chr5,147331868,147331887,[7050]
chr5,148501235,148501254,[7997]
chr5,148501325,148501343,[7997]
chr5,150186474,150186492,[6859]
chr5,150223730,150223748,[7682]
chr5,150379437,150379455,[7204]
chr6,4167230,4167248,[8471]
chr6,4888762,4888780,[8452]
chr6,5271728,5271746,[8299]
chr6,6754548,6754571,[8386]
chr6,6754673,6754691,[8386]
chr6,8512657,8512675,[8721]
chr6,8735174,8735193,[9483]
chr6,8735502,8735520,[9483]
chr6,12783389,12783407,[8482]
chr6,13070174,13070192,[9558]
chr6,13841330,13841348,[8588]
chr6,14751441,14751459,[8960]
chr6,15322282,15322300,[8725]
chr6,15728452,15728470,[8633]
chr6,17099046,17099064,[8355]
chr6,17259693,17259711,[9162]
chr6,18860547,18860565,[8576]
chr6,21313837,21313855,[8783]
chr6,22395082,22395101,[8353]
chr6,22496023,22496041,[8827]
chr6,24530275,24530294,[8852]
chr6,27289461,27289479,[8344]
chr6,28318880,28318898,[8640]
chr6,28729555,28729573,[8643]
chr6,31233314,31233332,[8701]
chr6,31489992,31490010,[8395]
chr6,32767314,32767332,[8644]
chr6,33307349,33307367,[9390]
chr6,34988149,34988167,[8320]
chr6,37054468,37054486,[9569]
chr6,37054944,37054962,[9569]
chr6,39451268,39451286,[8675]
chr6,41151156,41151174,[9038]
chr6,41216328,41216346,[9436]
chr6,41554280,41554298,[9560]
chr6,47350056,47350074,[8932]
chr6,47561234,47561253,[8879]
chr6,48546631,48546649,[8987]
chr6,48700486,48700504,[8988]
chr6,48718532,48718551,[9046]
chr6,49356548,49356566,[8399]
chr6,50303419,50303438,[9086]
chr6,50455524,50455542,[9603]
chr6,51529319,51529337,[8832]
chr6,51618467,51618485,[8322]
chr6,53700027,53700045,[9208]
chr6,54120103,54120121,[9570]
chr6,54229036,54229054,[9012]
chr6,54705356,54705375,[8494]
chr6,54737470,54737489,[9412]
chr6,56703977,56703995,[9625]
chr6,58759017,58759035,[8796]
chr6,59013960,59013978,[9254]
chr6,61177774,61177792,[8346]
chr6,68581793,68581811,[8409]
chr6,70798416,70798434,[8410]
chr6,70824571,70824589,[9612]
chr6,71593241,71593259,[8458]
chr6,71831583,71831602,[9630]
chr6,73118224,73118242,[8470]
chr6,79291331,79291349,[8423]
chr6,79605061,79605079,[8440]
chr6,81679062,81679080,[8673]
chr6,82921613,82921632,[9529]
chr6,82996952,82996971,[8982]
chr6,82997062,82997080,[8982]
chr6,83457189,83457207,[9640]
chr6,83457323,83457341,[9640]
chr6,83506749,83506768,[9457]
chr6,83688910,83688928,[8469]
chr6,85159219,85159237,[8929]
chr6,87502932,87502950,[9550]
chr6,87829852,87829870,[9151]
chr6,88419616,88419634,[9016]
chr6,93205464,93205482,[8468]
chr6,94967286,94967304,[8759]
chr6,95971966,95971984,[9292]
chr6,97405150,97405168,[8493]
chr6,98085305,98085323,[9020]
chr6,99261638,99261657,[9565]
chr6,99266580,99266599,[9183]
chr6,99328227,99328245,[8937]
chr6,99374636,99374655,[9508]
chr6,99380206,99380224,[9393]
chr6,99394681,99394699,[9551]
chr6,99397832,99397850,[8433]
chr6,99397914,99397932,[8433]
chr6,99719500,99719518,[8332]
chr6,100210411,100210429,[9242]
chr6,108098687,108098705,[9366]
chr6,108113048,108113066,[8886]
chr6,108549432,108549451,[9352]
chr6,108657540,108657558,[8393]
chr6,111108874,111108892,[8613]
chr6,114849226,114849244,[8609]
chr6,115365604,115365622,[9096]
chr6,115405702,115405720,[8717]
chr6,115538816,115538835,[9199]
chr6,115852778,115852797,[9635]
chr6,116056849,116056885,[8683]
chr6,118455689,118455708,[9535]
chr6,119482055,119482073,[9111]
chr6,119541843,119541861,[8414]
chr6,119635439,119635457,[9285]
chr6,119737966,119737984,[8548]
chr6,119903789,119903807,[9076]
chr6,120467149,120467167,[9201]
chr6,121130854,121130872,[9590]
chr6,122761354,122761372,[8554]
chr6,124423358,124423376,[8412]
chr6,124423388,124423406,[8412]
chr6,124740458,124740476,[9599]
chr6,124779750,124779768,[8735]
chr6,125237614,125237632,[8584]
chr6,125381877,125381895,[9093]
chr6,125572953,125572971,[9594]
chr6,127104382,127104400,[8380]
chr6,127372753,127372772,[8661]
chr6,127635037,127635056,[8659]
chr6,129260186,129260205,[9200]
chr6,129283624,129283642,[9273]
chr6,129306873,129306891,[8600]
chr6,129532919,129532937,[9462]
chr6,134898638,134898656,[9619]
chr6,135417839,135417857,[9305]
chr6,136450403,136450422,[9372]
chr6,136744029,136744048,[8781]
chr6,136828508,136828526,[9549]
chr6,136947210,136947229,[9033]
chr6,136978200,136978218,[8314]
chr6,137456675,137456693,[8941]
chr6,139811256,139811274,[8877]
chr6,140514522,140514541,[8795]
chr6,141889599,141889617,[8566]
chr6,142561243,142561262,[8420]
chr6,142659298,142659316,[8405]
chr6,142867470,142867488,[9584]
chr6,142885645,142885663,[9310]
chr6,142942121,142942139,[9280]
chr6,143957204,143957223,[9035]
chr6,143990973,143990992,[8997]
chr6,146636439,146636457,[8645]
chr6,147476284,147476303,[9515]
chr6,147952423,147952441,[8605]
chr6,147999939,147999957,[9459]
chr6,148165431,148165449,[8620]
chr6,149193710,149193729,[9047]
chr7,4685153,4685171,[10955]
chr7,6283467,6283485,[10652]
chr7,11826087,11826105,[10377]
chr7,15922289,15922307,[10982]
chr7,16023659,16023677,[10086]
chr7,16262319,16262337,[9715]
chr7,16322134,16322152,[10104]
chr7,16406112,16406130,[10969]
chr7,16493642,16493660,[9846]
chr7,16682594,16682612,[10689]
chr7,17945363,17945381,[10049]
chr7,19859862,19859880,[9977]
chr7,25107284,25107303,[9714]
chr7,25417160,25417178,[10042]
chr7,25680793,25680811,[10930]
chr7,25774927,25774945,[10595]
chr7,27167082,27167100,[11175]
chr7,27473048,27473066,[11182]
chr7,27591422,27591440,[11209]
chr7,27933622,27933640,[10411]
chr7,28726523,28726541,[10560]
chr7,28823799,28823817,[10456]
chr7,29590553,29590571,[9792]
chr7,30232786,30232805,[9957]
chr7,30609140,30609158,[10508]
chr7,30685330,30685348,[9750]
chr7,30887696,30887714,[10177]
chr7,30940496,30940514,[9883]
chr7,35232536,35232555,[10670]
chr7,35232649,35232667,[10670]
chr7,40966012,40966030,[11076]
chr7,41632341,41632359,[10290]
chr7,41633091,41633109,[11181]
chr7,43465654,43465672,[10430]
chr7,43756369,43756387,[9702]
chr7,44892534,44892552,[10198]
chr7,45715454,45715472,[9898]
chr7,47111830,47111848,[10021]
chr7,48909075,48909093,[10865]
chr7,48916416,48916434,[10953]
chr7,51696618,51696636,[10252]
chr7,51710021,51710039,[9956]
chr7,54414525,54414543,[9693]
chr7,59293400,59293418,[10677]
chr7,62915551,62915569,[10182]
chr7,64042898,64042916,[10922]
chr7,67389957,67389975,[10630]
chr7,67653892,67653910,[9973]
chr7,70995892,70995910,[9691]
chr7,71721581,71721600,[10684]
chr7,71721646,71721664,[10684]
chr7,72408565,72408583,[9899]
chr7,75385252,75385270,[11014]
chr7,75399340,75399358,[10774]
chr7,75420360,75420378,[10110]
chr7,75531338,75531356,[10603]
chr7,75560067,75560085,[9675]
chr7,76237705,76237723,[10996]
chr7,78400826,78400844,[9664]
chr7,80192666,80192684,[10052]
chr7,80404049,80404067,[10349]
chr7,80978798,80978820,[10731]
chr7,83288200,83288218,[10878]
chr7,83412892,83412910,[10795]
chr7,83655638,83655657,[10827]
chr7,84689417,84689436,[11122]
chr7,87288112,87288130,[9773]
chr7,90473848,90473866,[10401]
chr7,94233749,94233767,[10977]
chr7,95884416,95884434,[10264]
chr7,97536803,97536821,[9759]
chr7,97748876,97748894,[11215]
chr7,99674488,99674506,[9982]
chr7,99862995,99863013,[10212]
chr7,99864242,99864260,[10473]
chr7,99889686,99889704,[10813]
chr7,101094874,101094892,[9719]
chr7,101600572,101600590,[11206]
chr7,101869392,101869410,[10111]
chr7,101869509,101869527,[10111]
chr7,101896322,101896341,[10968]
chr7,102284213,102284231,[9661]
chr7,102322779,102322797,[10601]
chr7,104291084,104291102,[10562]
chr7,105399270,105399288,[9748]
chr7,110636422,110636440,[10676]
chr7,112180222,112180240,[10277]
chr7,113372560,113372578,[11017]
chr7,114479926,114479945,[11005]
chr7,115753121,115753139,[10040]
chr7,115753154,115753172,[10040]
chr7,117486675,117486693,[10918]
chr7,118297763,118297781,[10561]
chr7,118305078,118305097,[9810]
chr7,118999592,118999610,[10437]
chr7,119200559,119200577,[9922]
chr7,120688167,120688185,[10859]
chr7,120918631,120918649,[10321]
chr7,122025535,122025553,[10385]
chr7,122159535,122159553,[10098]
chr7,122414585,122414604,[10474]
chr7,123084648,123084666,[10759]
chr7,125544057,125544075,[9669]
chr7,126606561,126606579,[10124]
chr7,126643489,126643507,[10418]
chr7,127181880,127181898,[9887]
chr7,127244087,127244105,[10809]
chr7,128134085,128134103,[9959]
chr7,128633490,128633508,[10850]
chr7,130674145,130674163,[10776]
chr7,131055262,131055281,[10521]
chr7,132785332,132785350,[10476]
chr7,132785415,132785433,[10476]
chr7,133454518,133454536,[10512]
chr7,135520457,135520475,[10150]
chr7,140078846,140078864,[10215]
chr7,141178240,141178258,[9794]
chr7,142353906,142353924,[10519]
chr7,142794840,142794858,[9778]
chr7,143420378,143420396,[10194]
chr7,143649396,143649414,[10716]
chr7,145213716,145213734,[10017]
chr8,3170495,3170513,[12088]
chr8,5864259,5864277,[12366]
chr8,7277199,7277217,[11514]
chr8,7277311,7277330,[11514]
chr8,7615980,7615998,[11570]
chr8,13980264,13980283,[11975]
chr8,14009769,14009787,[11571]
chr8,14954590,14954608,[12120]
chr8,18311616,18311634,[11668]
chr8,18526530,18526548,[11952]
chr8,22124142,22124160,[11961]
chr8,22780578,22780596,[12180]
chr8,24364111,24364129,[11319]
chr8,25948942,25948960,[11454]
chr8,27022366,27022384,[11490]
chr8,27128879,27128897,[12168]
chr8,30971548,30971566,[11705]
chr8,31757308,31757326,[11907]
chr8,32837816,32837834,[11504]
chr8,33492170,33492188,[11587]
chr8,34732254,34732272,[12091]
chr8,34816277,34816296,[11707]
chr8,35123619,35123637,[11615]
chr8,39045642,39045660,[12183]
chr8,40126845,40126864,[11688]
chr8,40443307,40443325,[12031]
chr8,41043580,41043598,[11415]
chr8,46551691,46551709,[12144]
chr8,50908043,50908061,[11508]
chr8,51035410,51035428,[11879]
chr8,51429618,51429636,[11486]
chr8,53144199,53144217,[11657]
chr8,55732813,55732831,[11224]
chr8,56550875,56550893,[12448]
chr8,57520331,57520349,[11251]
chr8,61447366,61447384,[11323]
chr8,61587805,61587823,[12018]
chr8,63565428,63565446,[12411]
chr8,64548467,64548485,[12265]
chr8,64771209,64771227,[12221]
chr8,65064537,65064555,[11370]
chr8,67689205,67689223,[11523]
chr8,70752209,70752228,[11655]
chr8,71272591,71272609,[12329]
chr8,71908740,71908758,[12269]
chr8,72291304,72291322,[11582]
chr8,77209201,77209220,[11663]
chr8,80492846,80492864,[11932]
chr8,81619155,81619174,[11967]
chr8,81649341,81649359,[12167]
chr8,81689031,81689049,[12188]
chr8,81742940,81742958,[12234]
chr8,82011850,82011868,[11740]
chr8,83141511,83141529,[11894]
chr8,83427712,83427730,[11295]
chr8,84073763,84073781,[11850]
chr8,84706551,84706569,[11636]
chr8,84726050,84726068,[11264]
chr8,86048775,86048794,[12036]
chr8,86707818,86707837,[12271]
chr8,90575497,90575516,[11712]
chr8,91082632,91082650,[11949]
chr8,93363638,93363656,[11637]
chr8,94413321,94413339,[12342]
chr8,94478348,94478366,[11455]
chr8,94654661,94654679,[12281]
chr8,96153260,96153279,[11959]
chr8,96216935,96216953,[11448]
chr8,97823417,97823435,[11499]
chr8,97823440,97823458,[11499]
chr8,99286455,99286473,[11676]
chr8,102411956,102411974,[11279]
chr8,102504136,102504154,[11481]
chr8,102681822,102681840,[11903]
chr8,105204715,105204734,[11553]
chr8,105266814,105266832,[11909]
chr8,106007495,106007513,[11678]
chr8,106108514,106108532,[12350]
chr8,107118960,107118978,[11476]
chr8,109777149,109777167,[11871]
chr8,113515119,113515137,[11261]
chr8,114439956,114439974,[12382]
chr8,116587892,116587910,[11777]
chr8,117149078,117149096,[12359]
chr8,117258485,117258503,[12131]
chr8,117548528,117548547,[12253]
chr8,118568177,118568195,[11233]
chr8,119559115,119559133,[12414]
chr8,119897896,119897915,[11640]
chr8,120434163,120434181,[12361]
chr8,121949863,121949882,[12430]
chr8,122918052,122918071,[12159]
chr8,122961360,122961378,[11458]
chr8,123026151,123026169,[11881]
chr8,123043994,123044012,[11856]
chr8,125264901,125264919,[12286]
chr8,125337348,125337367,[12205]
chr8,125462099,125462117,[12093]
chr8,127154029,127154047,[11326]
chr8,127838755,127838773,[11780]
chr8,128473828,128473846,[11977]
chr8,128595082,128595100,[11595]
chr8,128688142,128688160,[11927]
chr9,7873607,7873625,[13867]
chr9,7893431,7893449,[13595]
chr9,7897804,7897822,[13054]
chr9,8017290,8017308,[12749]
chr9,13296488,13296506,[13459]
chr9,14244452,14244470,[13519]
chr9,16018283,16018301,[13210]
chr9,16337148,16337166,[12804]
chr9,17645302,17645320,[13041]
chr9,18105207,18105225,[13034]
chr9,18687674,18687692,[12963]
chr9,22071816,22071834,[13753]
chr9,25191808,25191826,[12657]
chr9,26779491,26779509,[13280]
chr9,29236741,29236759,[12653]
chr9,30927098,30927116,[13498]
chr9,32350379,32350397,[13393]
chr9,32727097,32727122,[13424]
chr9,32728639,32728657,[12881]
chr9,32910343,32910361,[13800]
chr9,32928549,32928568,[13832]
chr9,33036349,33036367,[13631]
chr9,34232932,34232950,[13196]
chr9,35465184,35465202,[12821]
chr9,38806203,38806221,[12675]
chr9,40997282,40997300,[13294]
chr9,41045189,41045208,[13362]
chr9,41609369,41609387,[13162]
chr9,42032858,42032876,[13476]
chr9,42076446,42076464,[13145]
chr9,42838524,42838542,[12702]
chr9,44646078,44646097,[12994]
chr9,44720747,44720765,[13551]
chr9,44987231,44987249,[13834]
chr9,45421453,45421471,[12519]
chr9,45869615,45869633,[13382]
chr9,46127085,46127103,[12853]
chr9,46150294,46150312,[13304]
chr9,50537607,50537625,[12818]
chr9,50699614,50699633,[12646]
chr9,51213940,51213958,[13432]
chr9,51842964,51842982,[13341]
chr9,52160869,52160887,[12887]
chr9,53079541,53079559,[13469]
chr9,53248522,53248540,[13663]
chr9,53356711,53356729,[12773]
chr9,53610557,53610575,[13640]
chr9,56419767,56419785,[13857]
chr9,57769828,57769846,[12986]
chr9,57856501,57856519,[13494]
chr9,57866928,57866946,[13630]
chr9,58710189,58710207,[13178]
chr9,59795382,59795400,[12891]
chr9,61251710,61251728,[13383]
chr9,61679542,61679560,[13495]
chr9,61914940,61914959,[13851]
chr9,62368904,62368923,[13276]
chr9,63873654,63873672,[13511]
chr9,64824868,64824886,[13375]
chr9,64825012,64825031,[13375]
chr9,65202344,65202363,[13816]
chr9,66332266,66332284,[12843]
chr9,66982418,66982436,[13020]
chr9,66982471,66982490,[13020]
chr9,67917020,67917038,[12654]
chr9,67993882,67993900,[12803]
chr9,69034874,69034892,[13733]
chr9,69951439,69951457,[12978]
chr9,70214652,70214670,[12649]
chr9,70496825,70496843,[13757]
chr9,70671713,70671731,[13378]
chr9,70798844,70798862,[12897]
chr9,71606717,71606735,[13234]
chr9,72910467,72910485,[13429]
chr9,74003375,74003393,[13862]
chr9,76277251,76277269,[12604]
chr9,78074162,78074181,[13186]
chr9,80305644,80305662,[13080]
chr9,80332020,80332038,[13247]
chr9,82914185,82914204,[12864]
chr9,84102545,84102563,[12711]
chr9,85730778,85730796,[13321]
chr9,87255308,87255326,[13696]
chr9,87613432,87613450,[12933]
chr9,88329023,88329041,[13760]
chr9,89212418,89212437,[13147]
chr9,89685297,89685315,[12524]
chr9,90605790,90605808,[12858]
chr9,92911467,92911485,[12948]
chr9,96890115,96890133,[13842]
chr9,98333301,98333320,[13004]
chr9,98962512,98962530,[13001]
chr9,100462205,100462223,[12980]
chr9,105131653,105131671,[13484]
chr9,107526771,107526789,[12841]
chr9,107588456,107588475,[13343]
chr9,109168317,109168335,[13021]
chr9,110907595,110907613,[13462]
chr9,112194301,112194320,[12909]
chr9,113358118,113358136,[12699]
chr9,113496411,113496429,[13043]
chr9,113847295,113847313,[12574]
chr9,114417468,114417486,[13064]
chr9,114452015,114452034,[13526]
chr9,115612753,115612771,[13003]
chr9,115612826,115612844,[13003]
chr9,115618089,115618107,[13230]
chr9,116133650,116133668,[13094]
chr9,116229615,116229633,[13035]
chr9,116263879,116263897,[12987]
chr9,116338321,116338339,[13681]
chr9,117146275,117146293,[12603]
chr9,119340479,119340497,[13785]
chr9,119449630,119449648,[12661]
chr9,120777123,120777141,[13655]
chr9,120943844,120943862,[12783]
chr9,121218119,121218137,[13671]
chr9,122226822,122226841,[12934]
chr9,123366933,123366951,[13221]
chr9,124044346,124044365,[12750]
chrX,7638680,7638699,[25410]
chrX,7841190,7841209,[25710]
chrX,8145265,8145283,[25257]
chrX,10848812,10848830,[25283]
chrX,20847951,20847969,[25113]
chrX,40616535,40616553,[25176]
chrX,42511475,42511493,[25513]
chrX,48284454,48284472,[25642]
chrX,51013044,51013063,[25494]
chrX,53033540,53033558,[25486]
chrX,56405899,56405918,[25657]
chrX,56455515,56455534,[25691]
chrX,57054549,57054567,[25255]
chrX,57260941,57260960,[25509]
chrX,59199709,59199727,[25183]
chrX,59584528,59584546,[25216]
chrX,66516600,66516618,[25603]
chrX,73967352,73967370,[25684]
chrX,77509103,77509121,[25533]
chrX,78041853,78041871,[25356]
chrX,80735361,80735379,[25251]
chrX,90716325,90716343,[25337]
chrX,90998279,90998297,[25156]
chrX,95029995,95030013,[25351]
chrX,103592745,103592763,[25374]
chrX,104481809,104481827,[25511]
chrX,104946820,104946838,[25495]
chrX,105070327,105070345,[25580]
chrX,105070440,105070458,[25580]
chrX,105079605,105079623,[25523]
chrX,105801709,105801727,[25411]
chrX,106921233,106921251,[25304]
chrX,107042556,107042574,[25419]
chrX,107236818,107236836,[25426]
chrX,107816107,107816125,[25389]
chrX,118401984,118402002,[25528]
chrX,134804623,134804641,[25291]
chrX,135566398,135566416,[25154]
chrX,136616174,136616193,[25503]
chrX,136646008,136646027,[25168]
chrX,140950888,140950906,[25488]
chrX,144526171,144526190,[25584]
chrX,152249384,152249402,[25295]
chrX,155211142,155211160,[25393]
chrX,159047813,159047831,[25194]
chrX,159254484,159254502,[25265]
chrX,159708202,159708220,[25660]
chrX,167119475,167119494,[25314]
chrX,167799694,167799712,[25605]
