chr,start,end,peaks
chr1,6417656,6417674,[17]
chr1,9798723,9798741,[27]
chr1,13371997,13372015,[40]
chr1,13593378,13593397,[44]
chr1,16029470,16029488,[53]
chr1,16177590,16177608,[56]
chr1,33883182,33883200,[103]
chr1,34545778,34545796,[111]
chr1,35653098,35653116,[117]
chr1,36267409,36267427,[122]
chr1,36267728,36267746,[122]
chr1,36273674,36273692,[123]
chr1,36708938,36708956,[135]
chr1,37419404,37419422,[151]
chr1,38130522,38130540,[160]
chr1,39714299,39714318,[178]
chr1,40618126,40618144,[203]
chr1,42851274,42851292,[205]
chr1,51361529,51361547,[254]
chr1,52035446,52035464,[268]
chr1,52052645,52052663,[270]
chr1,52052816,52052834,[270]
chr1,52375507,52375526,[281]
chr1,53775717,53775735,[299]
chr1,53781780,53781798,[300]
chr1,53782403,53782421,[300]
chr1,53791619,53791637,[302]
chr1,54871469,54871488,[321]
chr1,54914166,54914185,[325]
chr1,56236919,56236937,[337]
chr1,60087647,60087665,[368]
chr1,60745546,60745564,[379]
chr1,60755642,60755660,[380]
chr1,60758524,60758542,[381]
chr1,60760663,60760682,[382]
chr1,60782452,60782470,[385]
chr1,61434648,61434666,[415]
chr1,61434944,61434962,[415]
chr1,63176923,63176941,[421]
chr1,64266337,64266355,[429]
chr1,69644516,69644535,[457]
chr1,69686531,69686550,[465]
chr1,69688258,69688276,[465]
chr1,72254870,72254888,[477]
chr1,75142249,75142268,[498]
chr1,75477272,75477291,[506]
chr1,82803849,82803867,[553]
chr1,82833554,82833572,[557]
chr1,82900896,82900914,[559]
chr1,85687843,85687861,[566]
chr1,85740369,85740387,[569]
chr1,86153406,86153424,[577]
chr1,88553688,88553706,[613]
chr1,88587627,88587646,[615]
chr1,95605481,95605499,[669]
chr1,103899506,103899524,[701]
chr1,106612162,106612181,[720]
chr1,106757808,106757826,[726]
chr1,108209278,108209296,[731]
chr1,111864074,111864092,[742]
chr1,118311344,118311362,[755]
chr1,118311443,118311461,[755]
chr1,118390947,118390965,[758]
chr1,127363896,127363914,[788]
chr1,128611837,128611855,[803]
chr1,128611888,128611907,[803]
chr1,128832120,128832138,[809]
chr1,132010923,132010941,[837]
chr1,133026022,133026040,[845]
chr1,133026050,133026069,[845]
chr1,134063530,134063549,[856]
chr1,134078048,134078066,[858]
chr1,134560035,134560053,[867]
chr1,135670212,135670230,[873]
chr1,135807696,135807714,[875]
chr1,136609010,136609028,[884]
chr1,138125462,138125480,[898]
chr1,138144948,138144967,[901]
chr1,138145126,138145145,[901]
chr1,138166736,138166755,[908]
chr1,138172244,138172262,[909]
chr1,138172263,138172282,[909]
chr1,138291842,138291861,[920]
chr1,138298233,138298251,[921]
chr1,138327259,138327278,[924]
chr1,138542766,138542784,[930]
chr1,144267620,144267638,[971]
chr1,144272990,144273008,[972]
chr1,144306632,144306651,[975]
chr1,144306728,144306746,[975]
chr1,144499655,144499673,[978]
chr1,144500081,144500099,[978]
chr1,146595569,146595587,[985]
chr1,150465511,150465529,[995]
chr1,151457199,151457217,[1003]
chr1,152289465,152289483,[1013]
chr1,152766351,152766369,[1015]
chr1,153614398,153614416,[1026]
chr1,155159311,155159329,[1046]
chr1,155159537,155159555,[1046]
chr1,155172987,155173005,[1047]
chr1,155173128,155173146,[1047]
chr1,155173337,155173355,[1047]
chr1,155173383,155173401,[1047]
chr1,157077233,157077251,[1063]
chr1,160041891,160041909,[1074]
chr1,160307000,160307019,[1084]
chr1,160397441,160397459,[1085]
chr1,161767112,161767130,[1101]
chr1,161894290,161894308,[1109]
chr1,161903287,161903306,[1110]
chr1,162207278,162207296,[1113]
chr1,162727186,162727204,[1116]
chr1,164008836,164008854,[1124]
chr1,164076735,164076753,[1129]
chr1,164131250,164131268,[1130]
chr1,165193541,165193560,[1149]
chr1,165643490,165643508,[1154]
chr1,165841536,165841554,[1166]
chr1,166410014,166410032,[1173]
chr1,171412777,171412795,[1199]
chr1,173398823,173398841,[1230]
chr1,173440778,173440796,[1234]
chr1,173657472,173657490,[1241]
chr1,176986304,176986322,[1256]
chr1,179802548,179802566,[1282]
chr1,180304813,180304831,[1288]
chr1,181229271,181229289,[1317]
chr1,183180149,183180171,[1337]
chr1,183238065,183238083,[1339]
chr1,184061807,184061825,[1350]
chr1,184074698,184074716,[1352]
chr1,184074838,184074856,[1352]
chr1,184845323,184845341,[1358]
chr1,186562569,186562587,[1363]
chr1,191409780,191409798,[1376]
chr1,193193968,193193986,[1390]
chr10,5194699,5194717,[1409]
chr10,5979424,5979442,[1414]
chr10,6980583,6980601,[1415]
chr10,6982030,6982048,[1416]
chr10,6982527,6982546,[1416]
chr10,7863453,7863471,[1430]
chr10,8517079,8517097,[1434]
chr10,8640991,8641009,[1435]
chr10,12813872,12813890,[1448]
chr10,12923334,12923352,[1454]
chr10,13966892,13966910,[1463]
chr10,14043516,14043534,[1468]
chr10,14044636,14044654,[1468]
chr10,19009211,19009229,[1501]
chr10,19116942,19116961,[1507]
chr10,19504697,19504716,[1519]
chr10,19577827,19577845,[1521]
chr10,20000725,20000743,[1533]
chr10,21234963,21234981,[1546]
chr10,21235865,21235883,[1546]
chr10,21535855,21535873,[1552]
chr10,26520636,26520654,[1581]
chr10,28594023,28594041,[1587]
chr10,30802502,30802520,[1597]
chr10,33950456,33950474,[1604]
chr10,39023352,39023370,[1625]
chr10,39733287,39733305,[1639]
chr10,40163543,40163561,[1643]
chr10,40372733,40372751,[1650]
chr10,40386305,40386323,[1651]
chr10,40420334,40420352,[1653]
chr10,40882184,40882202,[1658]
chr10,42862142,42862160,[1686]
chr10,44268906,44268924,[1697]
chr10,44957872,44957890,[1705]
chr10,51727289,51727307,[1715]
chr10,53595996,53596014,[1721]
chr10,57743739,57743758,[1738]
chr10,58370379,58370397,[1746]
chr10,58371863,58371881,[1747]
chr10,58446622,58446640,[1750]
chr10,59975504,59975522,[1760]
chr10,61145972,61145990,[1767]
chr10,61148095,61148113,[1768]
chr10,61452338,61452356,[1771]
chr10,61520175,61520193,[1772]
chr10,62506648,62506667,[1779]
chr10,62507588,62507606,[1779]
chr10,63243525,63243544,[1794]
chr10,66559484,66559502,[1803]
chr10,66864546,66864565,[1804]
chr10,67184590,67184608,[1812]
chr10,67184627,67184646,[1812]
chr10,67459035,67459053,[1817]
chr10,67998447,67998465,[1830]
chr10,68241237,68241255,[1844]
chr10,72654940,72654959,[1872]
chr10,74676718,74676736,[1877]
chr10,75212734,75212752,[1879]
chr10,76031940,76031958,[1903]
chr10,77537023,77537041,[1914]
chr10,78605312,78605330,[1929]
chr10,80676515,80676533,[1967]
chr10,81017348,81017366,[1976]
chr10,81352201,81352219,[1989]
chr10,81384224,81384242,[1992]
chr10,81502586,81502604,[1996]
chr10,82580603,82580621,[2004]
chr10,83719108,83719126,[2016]
chr10,85162631,85162649,[2022]
chr10,85410865,85410883,[2024]
chr10,88730959,88730977,[2042]
chr10,90558172,90558190,[2051]
chr10,93452180,93452199,[2078]
chr10,95699125,95699143,[2106]
chr10,95814949,95814967,[2109]
chr10,95940013,95940032,[2112]
chr10,96409539,96409557,[2126]
chr10,96609542,96609560,[2136]
chr10,96694066,96694084,[2144]
chr10,96724524,96724542,[2147]
chr10,96786949,96786967,[2148]
chr10,96787317,96787335,[2148]
chr10,96822498,96822516,[2149]
chr10,97535405,97535423,[2152]
chr10,98776090,98776109,[2159]
chr10,98785589,98785607,[2161]
chr10,98788490,98788508,[2162]
chr10,99127916,99127934,[2172]
chr10,99242081,99242099,[2177]
chr10,110745420,110745438,[2202]
chr10,111008241,111008259,[2206]
chr10,112861212,112861230,[2220]
chr10,116477314,116477332,[2233]
chr10,116949167,116949185,[2239]
chr10,116949773,116949792,[2239]
chr10,117625811,117625829,[2245]
chr10,117952899,117952918,[2263]
chr10,118406889,118406908,[2271]
chr10,118870263,118870281,[2281]
chr10,122194237,122194255,[2312]
chr10,122758409,122758427,[2318]
chr10,123197754,123197772,[2327]
chr10,127642343,127642362,[2354]
chr10,128080854,128080872,[2362]
chr10,128212028,128212047,[2365]
chr11,4246796,4246814,[2416]
chr11,4247487,4247505,[2416]
chr11,4814000,4814018,[2426]
chr11,5216021,5216039,[2431]
chr11,6000955,6000973,[2443]
chr11,6559272,6559290,[2459]
chr11,6568493,6568512,[2461]
chr11,6679980,6679998,[2463]
chr11,11569082,11569100,[2482]
chr11,11569830,11569849,[2482]
chr11,11836799,11836817,[2496]
chr11,12291615,12291633,[2498]
chr11,14142839,14142857,[2501]
chr11,20315961,20315979,[2522]
chr11,21175205,21175223,[2541]
chr11,21219482,21219501,[2543]
chr11,22846814,22846832,[2551]
chr11,28399013,28399031,[2573]
chr11,28484040,28484058,[2574]
chr11,29139483,29139501,[2576]
chr11,31279367,31279385,[2591]
chr11,32126136,32126154,[2606]
chr11,32226198,32226216,[2607]
chr11,32535834,32535852,[2614]
chr11,32801543,32801561,[2624]
chr11,34047735,34047753,[2628]
chr11,34763685,34763703,[2632]
chr11,38188851,38188869,[2641]
chr11,38189078,38189096,[2641]
chr11,41915616,41915634,[2650]
chr11,46252142,46252160,[2675]
chr11,46373013,46373031,[2681]
chr11,49204646,49204665,[2701]
chr11,49982948,49982966,[2708]
chr11,50377473,50377492,[2714]
chr11,52314984,52315002,[2740]
chr11,54151000,54151018,[2758]
chr11,54151554,54151572,[2758]
chr11,54500439,54500457,[2762]
chr11,54522831,54522849,[2763]
chr11,54569323,54569341,[2766]
chr11,58167924,58167942,[2803]
chr11,60084984,60085002,[2825]
chr11,67051821,67051840,[2873]
chr11,68430704,68430722,[2878]
chr11,69682292,69682310,[2908]
chr11,74838808,74838827,[2957]
chr11,75338443,75338461,[2966]
chr11,76038200,76038219,[2984]
chr11,76406736,76406754,[2987]
chr11,77051977,77051995,[2991]
chr11,77372117,77372135,[2995]
chr11,77685380,77685398,[3000]
chr11,78060335,78060353,[3007]
chr11,78175177,78175195,[3010]
chr11,78509393,78509411,[3016]
chr11,79130466,79130484,[3029]
chr11,79641311,79641329,[3038]
chr11,79962636,79962654,[3041]
chr11,82952616,82952634,[3062]
chr11,86586320,86586338,[3088]
chr11,87937928,87937946,[3127]
chr11,90242120,90242138,[3152]
chr11,90257165,90257183,[3154]
chr11,90637971,90637989,[3157]
chr11,92022401,92022419,[3159]
chr11,94719386,94719404,[3169]
chr11,96504725,96504743,[3192]
chr11,98000873,98000891,[3221]
chr11,98470771,98470789,[3229]
chr11,98513908,98513927,[3237]
chr11,99162733,99162751,[3258]
chr11,99238700,99238718,[3263]
chr11,100824800,100824818,[3278]
chr11,100847038,100847056,[3281]
chr11,104382096,104382114,[3337]
chr11,104610128,104610146,[3342]
chr11,105180519,105180537,[3350]
chr11,107027502,107027520,[3381]
chr11,107458494,107458512,[3389]
chr11,107459315,107459333,[3389]
chr11,107547542,107547560,[3393]
chr11,107547601,107547619,[3393]
chr11,108216324,108216342,[3395]
chr11,109419780,109419798,[3409]
chr11,109432182,109432200,[3411]
chr11,109560815,109560833,[3416]
chr11,110125210,110125228,[3419]
chr11,113174218,113174237,[3427]
chr11,115771366,115771384,[3457]
chr11,116081014,116081032,[3463]
chr11,117071941,117071959,[3481]
chr11,117871624,117871642,[3505]
chr12,4417712,4417730,[3583]
chr12,4592195,4592213,[3584]
chr12,11230232,11230250,[3606]
chr12,16006932,16006951,[3623]
chr12,25241868,25241886,[3665]
chr12,34533263,34533281,[3712]
chr12,34533411,34533429,[3712]
chr12,35755424,35755443,[3723]
chr12,35896970,35896988,[3725]
chr12,36155751,36155769,[3731]
chr12,36156890,36156908,[3731]
chr12,40038680,40038698,[3736]
chr12,42405633,42405651,[3745]
chr12,44203577,44203595,[3749]
chr12,44203634,44203652,[3749]
chr12,51865076,51865094,[3762]
chr12,55488943,55488961,[3786]
chr12,55493214,55493232,[3787]
chr12,59218859,59218877,[3798]
chr12,69447212,69447230,[3837]
chr12,69447921,69447939,[3837]
chr12,69530217,69530235,[3842]
chr12,69616057,69616075,[3845]
chr12,70477860,70477879,[3855]
chr12,71047445,71047464,[3866]
chr12,71048013,71048032,[3866]
chr12,71048103,71048121,[3866]
chr12,73123487,73123506,[3874]
chr12,73164949,73164968,[3876]
chr12,73611253,73611271,[3888]
chr12,73647002,73647020,[3892]
chr12,73887883,73887901,[3904]
chr12,73888516,73888534,[3904]
chr12,73888602,73888621,[3904]
chr12,73908861,73908879,[3905]
chr12,76379699,76379717,[3920]
chr12,78568990,78569008,[3934]
chr12,79296579,79296598,[3940]
chr12,79381532,79381550,[3941]
chr12,79444789,79444813,[3944]
chr12,79628109,79628127,[3946]
chr12,80069123,80069141,[3952]
chr12,80462986,80463005,[3957]
chr12,80794936,80794955,[3961]
chr12,82189845,82189863,[3976]
chr12,84223273,84223291,[3995]
chr12,84417179,84417197,[4000]
chr12,85427808,85427827,[4013]
chr12,85973815,85973833,[4026]
chr12,87265904,87265922,[4044]
chr12,88470183,88470201,[4049]
chr12,98268201,98268220,[4070]
chr12,99393048,99393067,[4077]
chr12,101084168,101084186,[4110]
chr12,101084263,101084281,[4110]
chr12,102702597,102702615,[4126]
chr12,102878794,102878812,[4131]
chr12,107125961,107125979,[4156]
chr12,107126159,107126177,[4156]
chr12,107127663,107127682,[4157]
chr12,107146273,107146291,[4161]
chr12,107184732,107184751,[4163]
chr12,107645573,107645591,[4169]
chr12,107720849,107720867,[4170]
chr12,107937766,107937784,[4179]
chr12,107977696,107977715,[4181]
chr12,108645019,108645037,[4193]
chr12,108646110,108646128,[4194]
chr12,109077059,109077077,[4201]
chr12,110496016,110496034,[4211]
chr12,110845908,110845926,[4217]
chr12,111589087,111589105,[4226]
chr12,111732499,111732517,[4229]
chr12,113074404,113074422,[4244]
chr12,113187669,113187687,[4248]
chr12,114990819,114990838,[4253]
chr13,3525319,3525337,[4282]
chr13,3537134,3537152,[4284]
chr13,6647994,6648012,[4305]
chr13,9440090,9440108,[4313]
chr13,13471419,13471437,[4326]
chr13,16869760,16869778,[4342]
chr13,19242740,19242758,[4354]
chr13,24445802,24445820,[4408]
chr13,24602727,24602745,[4413]
chr13,24614136,24614155,[4414]
chr13,24639470,24639488,[4417]
chr13,28417492,28417510,[4431]
chr13,30174607,30174625,[4445]
chr13,30682111,30682129,[4447]
chr13,30742590,30742608,[4449]
chr13,30913901,30913919,[4462]
chr13,32211799,32211817,[4466]
chr13,32211958,32211976,[4466]
chr13,34096123,34096141,[4478]
chr13,37006371,37006389,[4488]
chr13,37308182,37308200,[4490]
chr13,37751195,37751213,[4495]
chr13,40922546,40922564,[4505]
chr13,41249446,41249464,[4509]
chr13,42050200,42050219,[4515]
chr13,42293388,42293406,[4517]
chr13,43240341,43240359,[4521]
chr13,43479832,43479850,[4529]
chr13,46737693,46737711,[4570]
chr13,48979212,48979230,[4581]
chr13,51757419,51757437,[4601]
chr13,52862142,52862160,[4621]
chr13,52862211,52862229,[4621]
chr13,52918233,52918251,[4624]
chr13,53377774,53377792,[4630]
chr13,55444492,55444510,[4644]
chr13,55634728,55634746,[4649]
chr13,56151673,56151691,[4654]
chr13,56704346,56704365,[4659]
chr13,57866800,57866818,[4663]
chr13,57867242,57867260,[4663]
chr13,58214522,58214540,[4668]
chr13,59572342,59572360,[4676]
chr13,59572462,59572480,[4676]
chr13,59705062,59705080,[4680]
chr13,59840975,59840994,[4683]
chr13,59841011,59841030,[4683]
chr13,60322135,60322153,[4684]
chr13,62470011,62470029,[4692]
chr13,62470201,62470220,[4692]
chr13,63141064,63141082,[4696]
chr13,64370644,64370662,[4713]
chr13,73603665,73603683,[4747]
chr13,74349926,74349945,[4754]
chr13,75103032,75103050,[4759]
chr13,78253418,78253436,[4769]
chr13,78426794,78426812,[4770]
chr13,81657096,81657114,[4780]
chr13,81657460,81657478,[4780]
chr13,85505727,85505745,[4798]
chr13,90089956,90089974,[4813]
chr13,91509698,91509716,[4823]
chr13,91680248,91680266,[4827]
chr13,92830417,92830435,[4832]
chr13,93624338,93624356,[4841]
chr13,95375466,95375484,[4848]
chr13,95684974,95684993,[4853]
chr13,97138322,97138340,[4871]
chr13,97761994,97762012,[4878]
chr13,97899615,97899633,[4879]
chr13,100866680,100866698,[4897]
chr13,104179233,104179252,[4922]
chr13,107056288,107056306,[4946]
chr13,107831471,107831489,[4951]
chr13,107891542,107891561,[4952]
chr13,109842876,109842895,[4967]
chr13,110829551,110829569,[4975]
chr13,111179708,111179726,[4978]
chr13,111867407,111867425,[4985]
chr13,111936095,111936113,[4986]
chr13,112002920,112002939,[4990]
chr13,112398170,112398189,[4996]
chr13,112440402,112440431,[5001]
chr13,112469852,112469870,[5004]
chr13,113870370,113870388,[5019]
chr13,114151082,114151100,[5020]
chr13,117048422,117048440,[5030]
chr13,117209865,117209883,[5033]
chr13,117210428,117210447,[5033]
chr13,117211110,117211128,[5033]
chr13,117220170,117220188,[5036]
chr13,117221564,117221582,[5036]
chr13,119462895,119462913,[5046]
chr14,14042818,14042836,[5064]
chr14,16677995,16678013,[5082]
chr14,18238597,18238615,[5085]
chr14,19962326,19962344,[5089]
chr14,19969491,19969509,[5090]
chr14,20546735,20546753,[5102]
chr14,21032297,21032315,[5111]
chr14,27339426,27339444,[5147]
chr14,29968897,29968915,[5160]
chr14,31337155,31337174,[5174]
chr14,31661898,31661916,[5184]
chr14,34123055,34123073,[5196]
chr14,34123120,34123138,[5196]
chr14,36952989,36953008,[5206]
chr14,39198162,39198180,[5213]
chr14,40930238,40930256,[5219]
chr14,44988299,44988318,[5229]
chr14,45102563,45102581,[5233]
chr14,47105533,47105551,[5243]
chr14,51892175,51892193,[5273]
chr14,54216980,54216999,[5295]
chr14,54222024,54222043,[5296]
chr14,54617990,54618008,[5312]
chr14,54641487,54641505,[5313]
chr14,56959097,56959115,[5343]
chr14,57408980,57408999,[5345]
chr14,58073919,58073937,[5362]
chr14,60744836,60744854,[5381]
chr14,61778883,61778901,[5395]
chr14,62762070,62762089,[5399]
chr14,64930626,64930644,[5411]
chr14,64930997,64931015,[5411]
chr14,66228906,66228924,[5428]
chr14,66229398,66229416,[5428]
chr14,70065647,70065665,[5450]
chr14,70284395,70284413,[5457]
chr14,70798334,70798352,[5468]
chr14,73088232,73088250,[5474]
chr14,73088263,73088281,[5474]
chr14,73389137,73389155,[5488]
chr14,73525318,73525337,[5492]
chr14,73584488,73584506,[5494]
chr14,74848355,74848373,[5497]
chr14,75178570,75178589,[5503]
chr14,75445750,75445768,[5507]
chr14,78384538,78384556,[5526]
chr14,79326900,79326918,[5541]
chr14,80908288,80908307,[5557]
chr14,82608728,82608746,[5559]
chr14,84682494,84682512,[5562]
chr14,84768925,84768943,[5563]
chr14,85266487,85266505,[5566]
chr14,101477925,101477943,[5592]
chr14,101640912,101640930,[5596]
chr14,103093446,103093464,[5606]
chr14,103093738,103093756,[5606]
chr14,103649779,103649798,[5611]
chr14,105296310,105296328,[5618]
chr14,118982775,118982793,[5646]
chr14,119007725,119007743,[5647]
chr14,120274486,120274504,[5649]
chr14,120274720,120274738,[5649]
chr14,121880585,121880603,[5661]
chr14,121917092,121917110,[5666]
chr15,5237389,5237407,[5707]
chr15,5813450,5813468,[5723]
chr15,5813509,5813531,[5723]
chr15,6600838,6600856,[5734]
chr15,6600860,6600878,[5734]
chr15,8667266,8667284,[5745]
chr15,8667393,8667411,[5745]
chr15,9574514,9574532,[5753]
chr15,9581026,9581044,[5754]
chr15,12010879,12010897,[5765]
chr15,12117173,12117191,[5766]
chr15,12117231,12117249,[5766]
chr15,25227978,25227997,[5785]
chr15,25740411,25740429,[5787]
chr15,25949153,25949171,[5793]
chr15,27680518,27680536,[5802]
chr15,27724892,27724910,[5803]
chr15,27725734,27725752,[5803]
chr15,29423001,29423019,[5814]
chr15,35529633,35529651,[5837]
chr15,36364188,36364206,[5846]
chr15,41832642,41832660,[5883]
chr15,43477690,43477708,[5890]
chr15,47775399,47775417,[5902]
chr15,53127801,53127819,[5923]
chr15,53127841,53127859,[5923]
chr15,53157705,53157724,[5926]
chr15,53328140,53328158,[5932]
chr15,55829192,55829211,[5941]
chr15,55848448,55848466,[5944]
chr15,58888488,58888507,[5971]
chr15,59106211,59106229,[5976]
chr15,60102130,60102148,[5999]
chr15,61439632,61439651,[6009]
chr15,61981961,61981979,[6015]
chr15,62165366,62165384,[6018]
chr15,62824203,62824221,[6035]
chr15,64313342,64313360,[6053]
chr15,64313453,64313471,[6053]
chr15,66789930,66789949,[6065]
chr15,66861280,66861298,[6074]
chr15,66861721,66861740,[6074]
chr15,70453612,70453630,[6089]
chr15,70453731,70453749,[6089]
chr15,71256596,71256614,[6090]
chr15,73118260,73118278,[6093]
chr15,73149828,73149846,[6096]
chr15,73169401,73169419,[6098]
chr15,74920835,74920853,[6107]
chr15,75909405,75909423,[6116]
chr15,76317391,76317409,[6125]
chr15,77800405,77800423,[6144]
chr15,78391052,78391070,[6153]
chr15,80562249,80562268,[6191]
chr15,80897235,80897254,[6207]
chr15,80948747,80948765,[6209]
chr15,81045738,81045756,[6212]
chr15,83602623,83602653,[6242]
chr15,83919639,83919657,[6243]
chr15,89076005,89076023,[6267]
chr15,90224117,90224136,[6279]
chr15,93959742,93959760,[6291]
chr15,94493969,94493987,[6294]
chr15,96566216,96566234,[6303]
chr15,97246849,97246867,[6311]
chr15,97246908,97246926,[6311]
chr15,97356421,97356439,[6313]
chr15,97362525,97362544,[6314]
chr15,97429446,97429464,[6319]
chr15,97463271,97463289,[6322]
chr15,97467872,97467890,[6323]
chr15,97836804,97836822,[6333]
chr15,99393910,99393928,[6357]
chr15,100060773,100060792,[6366]
chr15,100182196,100182214,[6367]
chr15,103258357,103258375,[6412]
chr16,11177652,11177670,[6461]
chr16,11501135,11501154,[6467]
chr16,13027284,13027302,[6471]
chr16,20611122,20611141,[6526]
chr16,21232862,21232880,[6528]
chr16,22466934,22466952,[6538]
chr16,23144468,23144486,[6545]
chr16,23227498,23227516,[6551]
chr16,23989789,23989807,[6563]
chr16,24212947,24212965,[6570]
chr16,24213259,24213277,[6570]
chr16,24539019,24539037,[6580]
chr16,28775302,28775320,[6594]
chr16,32062245,32062264,[6618]
chr16,32068109,32068127,[6619]
chr16,32332018,32332036,[6631]
chr16,36071011,36071030,[6664]
chr16,36666203,36666222,[6667]
chr16,37437335,37437353,[6675]
chr16,37867675,37867694,[6677]
chr16,38131682,38131701,[6679]
chr16,41025291,41025309,[6695]
chr16,44495871,44495889,[6714]
chr16,45025207,45025225,[6729]
chr16,45223089,45223108,[6734]
chr16,45223754,45223772,[6734]
chr16,45347885,45347903,[6737]
chr16,46009148,46009166,[6748]
chr16,46009598,46009617,[6748]
chr16,46010868,46010887,[6748]
chr16,48595185,48595203,[6758]
chr16,48786323,48786341,[6764]
chr16,49937696,49937714,[6781]
chr16,49938118,49938137,[6781]
chr16,52056230,52056248,[6800]
chr16,52143067,52143085,[6808]
chr16,55838275,55838293,[6832]
chr16,56030334,56030353,[6839]
chr16,56076387,56076405,[6841]
chr16,56932543,56932561,[6843]
chr16,57585277,57585295,[6853]
chr16,64800447,64800465,[6880]
chr16,64800540,64800558,[6880]
chr16,64836106,64836124,[6881]
chr16,64836332,64836351,[6881]
chr16,75903516,75903534,[6906]
chr16,85193889,85193907,[6949]
chr16,89774190,89774209,[6961]
chr16,89774293,89774312,[6961]
chr16,90934901,90934920,[6974]
chr16,91044679,91044697,[6976]
chr16,91352170,91352188,[6982]
chr16,91461791,91461809,[6991]
chr16,91466185,91466203,[6993]
chr16,91484662,91484688,[6995]
chr16,92786587,92786605,[7012]
chr16,92825388,92825406,[7019]
chr16,94332122,94332140,[7032]
chr16,94332383,94332401,[7032]
chr16,94525924,94525942,[7037]
chr16,95894174,95894192,[7062]
chr16,95901616,95901634,[7064]
chr16,97262614,97262632,[7069]
chr17,3679147,3679165,[7078]
chr17,3679169,3679187,[7078]
chr17,4624134,4624152,[7079]
chr17,4778597,4778615,[7081]
chr17,4907113,4907132,[7082]
chr17,4907409,4907427,[7082]
chr17,4907588,4907606,[7082]
chr17,5249350,5249368,[7089]
chr17,5813531,5813549,[7097]
chr17,6778467,6778486,[7104]
chr17,7927767,7927785,[7117]
chr17,8128309,8128327,[7121]
chr17,12623242,12623260,[7135]
chr17,12915879,12915897,[7145]
chr17,16739921,16739939,[7158]
chr17,24960202,24960220,[7229]
chr17,29437649,29437667,[7308]
chr17,29494530,29494548,[7310]
chr17,29769116,29769134,[7315]
chr17,29973466,29973484,[7316]
chr17,31011757,31011776,[7329]
chr17,31295785,31295803,[7340]
chr17,32424578,32424596,[7359]
chr17,32536400,32536419,[7360]
chr17,32536478,32536496,[7360]
chr17,33951370,33951388,[7378]
chr17,34171457,34171476,[7387]
chr17,34589618,34589636,[7391]
chr17,35165524,35165543,[7407]
chr17,35354208,35354226,[7418]
chr17,43699529,43699547,[7465]
chr17,44328516,44328534,[7467]
chr17,45573528,45573546,[7481]
chr17,46160884,46160902,[7484]
chr17,47923601,47923620,[7519]
chr17,48426010,48426028,[7525]
chr17,50484220,50484238,[7535]
chr17,51735455,51735473,[7540]
chr17,51880224,51880242,[7548]
chr17,51893154,51893172,[7549]
chr17,52150571,52150590,[7557]
chr17,52449015,52449033,[7561]
chr17,56627559,56627577,[7597]
chr17,65929389,65929407,[7640]
chr17,66101789,66101807,[7645]
chr17,66102393,66102411,[7645]
chr17,67194532,67194551,[7649]
chr17,69025311,69025329,[7651]
chr17,69025542,69025560,[7651]
chr17,70973302,70973320,[7662]
chr17,72965775,72965794,[7678]
chr17,73175983,73176001,[7696]
chr17,73815070,73815088,[7703]
chr17,74429140,74429158,[7712]
chr17,77344267,77344285,[7719]
chr17,83645075,83645093,[7766]
chr17,83646978,83646996,[7767]
chr17,84163165,84163183,[7779]
chr17,84330796,84330814,[7789]
chr17,84352141,84352159,[7791]
chr17,85170708,85170726,[7805]
chr17,86757846,86757865,[7814]
chr17,87283322,87283340,[7825]
chr17,88057846,88057864,[7832]
chr17,88123939,88123957,[7837]
chr17,88441505,88441523,[7840]
chr18,5688494,5688513,[7867]
chr18,6515453,6515471,[7874]
chr18,6764890,6764908,[7875]
chr18,10726740,10726758,[7887]
chr18,20958581,20958599,[7905]
chr18,20958928,20958946,[7905]
chr18,31788865,31788883,[7935]
chr18,32598440,32598458,[7945]
chr18,32945798,32945817,[7949]
chr18,32990878,32990896,[7953]
chr18,37814500,37814518,[7991]
chr18,37815253,37815271,[7991]
chr18,38407826,38407844,[7999]
chr18,38420047,38420065,[8000]
chr18,42274924,42274942,[8021]
chr18,49091133,49091151,[8039]
chr18,49980064,49980083,[8043]
chr18,54902886,54902904,[8057]
chr18,56455630,56455648,[8066]
chr18,56469052,56469070,[8067]
chr18,58784699,58784717,[8082]
chr18,60952764,60952782,[8092]
chr18,65405526,65405544,[8120]
chr18,65415526,65415544,[8121]
chr18,66321530,66321548,[8127]
chr18,67931981,67931999,[8141]
chr18,68227658,68227677,[8150]
chr18,68686961,68686979,[8153]
chr18,68969277,68969296,[8156]
chr18,71658434,71658452,[8164]
chr18,75277985,75278003,[8184]
chr18,75278443,75278461,[8184]
chr18,75353991,75354009,[8188]
chr18,75367124,75367142,[8189]
chr18,75368132,75368150,[8189]
chr18,75419746,75419764,[8194]
chr18,79258145,79258163,[8220]
chr18,79905363,79905381,[8226]
chr18,80200848,80200866,[8229]
chr18,80718540,80718558,[8238]
chr18,81568664,81568682,[8245]
chr18,82511855,82511873,[8251]
chr18,82765654,82765673,[8256]
chr18,84951508,84951526,[8268]
chr19,3325343,3325361,[8286]
chr19,3890405,3890423,[8291]
chr19,4052250,4052268,[8296]
chr19,4145129,4145147,[8304]
chr19,5877852,5877870,[8353]
chr19,6126535,6126554,[8359]
chr19,8770930,8770949,[8388]
chr19,8819197,8819216,[8392]
chr19,8898703,8898721,[8398]
chr19,9054828,9054846,[8406]
chr19,9939050,9939068,[8414]
chr19,10556066,10556085,[8419]
chr19,10732039,10732057,[8424]
chr19,10739745,10739763,[8425]
chr19,10740289,10740307,[8425]
chr19,10777175,10777193,[8429]
chr19,11435990,11436008,[8448]
chr19,11485107,11485125,[8456]
chr19,11497013,11497031,[8458]
chr19,11505572,11505590,[8459]
chr19,11518322,11518341,[8461]
chr19,11533971,11533989,[8462]
chr19,14588132,14588150,[8481]
chr19,16231588,16231606,[8490]
chr19,18618973,18618992,[8497]
chr19,21737389,21737407,[8507]
chr19,28009938,28009956,[8532]
chr19,28677659,28677677,[8535]
chr19,29210410,29210428,[8541]
chr19,30043768,30043786,[8562]
chr19,31210792,31210811,[8566]
chr19,32123213,32123231,[8570]
chr19,32197252,32197270,[8575]
chr19,32937060,32937079,[8589]
chr19,34288880,34288898,[8601]
chr19,34307353,34307371,[8603]
chr19,36834986,36835004,[8618]
chr19,36996196,36996215,[8620]
chr19,37376786,37376804,[8622]
chr19,40589648,40589666,[8642]
chr19,46620090,46620108,[8698]
chr19,47538893,47538911,[8715]
chr19,47795224,47795242,[8718]
chr19,48576214,48576232,[8723]
chr19,51178613,51178631,[8724]
chr19,51178950,51178968,[8724]
chr19,53460451,53460469,[8748]
chr19,57095777,57095796,[8781]
chr19,57119652,57119670,[8785]
chr19,57356894,57356912,[8790]
chr19,59315276,59315294,[8799]
chr19,60756833,60756851,[8812]
chr2,3728103,3728121,[8832]
chr2,4652555,4652573,[8838]
chr2,5950714,5950732,[8847]
chr2,6021884,6021903,[8848]
chr2,8896900,8896918,[8863]
chr2,9520663,9520681,[8866]
chr2,9593876,9593894,[8868]
chr2,9681455,9681473,[8871]
chr2,11161648,11161667,[8885]
chr2,11635451,11635469,[8908]
chr2,11653133,11653151,[8912]
chr2,13558558,13558576,[8929]
chr2,13794407,13794426,[8935]
chr2,15055843,15055861,[8939]
chr2,18065183,18065202,[8950]
chr2,18958053,18958072,[8960]
chr2,22784366,22784385,[8978]
chr2,25535006,25535025,[9015]
chr2,26352165,26352183,[9023]
chr2,27404414,27404432,[9036]
chr2,29629253,29629271,[9051]
chr2,29936011,29936029,[9057]
chr2,30129098,30129117,[9063]
chr2,30547641,30547659,[9068]
chr2,31088531,31088549,[9081]
chr2,31108375,31108393,[9082]
chr2,32151653,32151671,[9103]
chr2,32495859,32495878,[9112]
chr2,35169001,35169030,[9139]
chr2,35169230,35169248,[9139]
chr2,35201390,35201408,[9140]
chr2,38512041,38512059,[9157]
chr2,43737852,43737871,[9173]
chr2,44923263,44923281,[9181]
chr2,47418462,47418480,[9187]
chr2,48477070,48477088,[9194]
chr2,52224305,52224323,[9205]
chr2,57117928,57117946,[9222]
chr2,58140624,58140643,[9229]
chr2,58179820,58179838,[9234]
chr2,59469387,59469405,[9238]
chr2,60256624,60256642,[9246]
chr2,60774997,60775015,[9249]
chr2,61483843,61483861,[9257]
chr2,62352166,62352184,[9264]
chr2,65001232,65001250,[9269]
chr2,65347494,65347513,[9275]
chr2,68289189,68289207,[9281]
chr2,69885006,69885024,[9298]
chr2,70836043,70836061,[9303]
chr2,72114078,72114097,[9318]
chr2,72144908,72144926,[9319]
chr2,73385463,73385481,[9331]
chr2,73484507,73484525,[9338]
chr2,73716272,73716290,[9341]
chr2,73775885,73775903,[9342]
chr2,73856396,73856414,[9343]
chr2,75073224,75073243,[9347]
chr2,78960865,78960884,[9370]
chr2,79010147,79010166,[9376]
chr2,79248623,79248641,[9384]
chr2,79270564,79270582,[9387]
chr2,85036922,85036940,[9409]
chr2,89017048,89017066,[9411]
chr2,91954093,91954111,[9438]
chr2,92255483,92255501,[9443]
chr2,92442915,92442933,[9446]
chr2,93186887,93186905,[9449]
chr2,93454739,93454758,[9454]
chr2,101756818,101756836,[9473]
chr2,102896072,102896090,[9486]
chr2,103012822,103012840,[9492]
chr2,103652782,103652800,[9497]
chr2,104455366,104455384,[9504]
chr2,112238718,112238736,[9520]
chr2,112284888,112284906,[9522]
chr2,117433345,117433363,[9546]
chr2,118479981,118480000,[9549]
chr2,119046932,119046951,[9555]
chr2,119239357,119239375,[9558]
chr2,119239404,119239422,[9558]
chr2,122028167,122028185,[9587]
chr2,122652295,122652313,[9597]
chr2,124695900,124695918,[9601]
chr2,125859341,125859359,[9611]
chr2,126597640,126597659,[9615]
chr2,126673313,126673332,[9618]
chr2,127208830,127208848,[9625]
chr2,127252388,127252406,[9627]
chr2,127927915,127927933,[9636]
chr2,128128129,128128147,[9643]
chr2,128158541,128158560,[9645]
chr2,128393056,128393074,[9653]
chr2,128395750,128395768,[9654]
chr2,128422740,128422759,[9657]
chr2,133393103,133393121,[9701]
chr2,143916613,143916631,[9723]
chr2,144369473,144369491,[9726]
chr2,144600393,144600411,[9729]
chr2,147860701,147860719,[9739]
chr2,147861201,147861219,[9739]
chr2,150136359,150136377,[9742]
chr2,152775576,152775594,[9760]
chr2,152775613,152775631,[9760]
chr2,152848486,152848504,[9763]
chr2,153345169,153345187,[9775]
chr2,153350957,153350975,[9776]
chr2,154658252,154658270,[9787]
chr2,155079498,155079516,[9791]
chr2,155553307,155553325,[9797]
chr2,157119331,157119349,[9814]
chr2,161109786,161109804,[9848]
chr2,161512130,161512148,[9849]
chr2,164544682,164544700,[9872]
chr2,166031729,166031748,[9888]
chr2,168229696,168229715,[9923]
chr2,173077051,173077069,[9956]
chr2,173452168,173452186,[9967]
chr2,173583389,173583407,[9971]
chr2,178941102,178941120,[9983]
chr2,181319499,181319517,[9995]
chr3,8665329,8665347,[10013]
chr3,8667868,8667886,[10014]
chr3,9677319,9677337,[10024]
chr3,9984027,9984045,[10030]
chr3,10703766,10703784,[10033]
chr3,16184843,16184861,[10042]
chr3,19258644,19258662,[10050]
chr3,19258921,19258939,[10050]
chr3,20142146,20142164,[10061]
chr3,20142535,20142554,[10061]
chr3,20222828,20222846,[10064]
chr3,21953275,21953293,[10071]
chr3,21965639,21965657,[10073]
chr3,22116348,22116366,[10079]
chr3,27154103,27154122,[10087]
chr3,27921065,27921083,[10092]
chr3,30378141,30378159,[10097]
chr3,30601189,30601207,[10098]
chr3,31056943,31056961,[10103]
chr3,31096489,31096507,[10106]
chr3,33956500,33956518,[10119]
chr3,37724164,37724182,[10150]
chr3,37753541,37753559,[10152]
chr3,51339925,51339943,[10188]
chr3,51342953,51342971,[10189]
chr3,52262760,52262779,[10201]
chr3,52499197,52499215,[10209]
chr3,52878024,52878042,[10223]
chr3,59230115,59230133,[10255]
chr3,59702799,59702817,[10261]
chr3,59744155,59744174,[10262]
chr3,60414006,60414024,[10264]
chr3,60474573,60474591,[10267]
chr3,60495775,60495793,[10272]
chr3,60503738,60503757,[10273]
chr3,61123206,61123224,[10284]
chr3,63976009,63976027,[10294]
chr3,65961813,65961831,[10307]
chr3,65962064,65962082,[10307]
chr3,65975605,65975623,[10308]
chr3,68794437,68794455,[10321]
chr3,69481952,69481971,[10336]
chr3,70930719,70930737,[10339]
chr3,79274907,79274925,[10359]
chr3,84956881,84956900,[10383]
chr3,86845546,86845564,[10394]
chr3,88510242,88510260,[10416]
chr3,91637867,91637885,[10460]
chr3,91696265,91696283,[10461]
chr3,91779741,91779759,[10462]
chr3,91905105,91905123,[10463]
chr3,95972384,95972402,[10509]
chr3,96557028,96557047,[10515]
chr3,100688138,100688156,[10550]
chr3,103377685,103377703,[10585]
chr3,103753160,103753178,[10590]
chr3,103753858,103753876,[10590]
chr3,103781022,103781040,[10592]
chr3,103809932,103809950,[10595]
chr3,103863232,103863250,[10600]
chr3,103887903,103887922,[10603]
chr3,107037098,107037116,[10642]
chr3,107206244,107206263,[10648]
chr3,115971487,115971505,[10705]
chr3,115972688,115972706,[10705]
chr3,116279245,116279263,[10708]
chr3,116327423,116327441,[10709]
chr3,119766072,119766090,[10716]
chr3,121639855,121639873,[10727]
chr3,126597808,126597827,[10744]
chr3,129554314,129554332,[10759]
chr3,129987142,129987160,[10764]
chr3,130902370,130902388,[10773]
chr3,130946679,130946697,[10776]
chr3,131057673,131057691,[10783]
chr3,131114336,131114354,[10785]
chr3,131140295,131140313,[10788]
chr3,132125575,132125593,[10796]
chr3,135692321,135692340,[10822]
chr3,136044155,136044173,[10825]
chr3,138474228,138474246,[10847]
chr3,138474810,138474828,[10847]
chr3,138854818,138854836,[10851]
chr3,142493991,142494010,[10864]
chr3,142563138,142563157,[10871]
chr3,142618875,142618893,[10875]
chr3,142619864,142619882,[10875]
chr3,152941931,152941949,[10911]
chr3,153591704,153591722,[10916]
chr3,156878317,156878335,[10925]
chr4,6803916,6803934,[10944]
chr4,6817247,6817265,[10945]
chr4,6931121,6931139,[10952]
chr4,8649826,8649844,[10972]
chr4,8926298,8926316,[10985]
chr4,11146743,11146761,[10995]
chr4,11404644,11404662,[11000]
chr4,13519319,13519337,[11010]
chr4,13519734,13519752,[11010]
chr4,15986708,15986727,[11024]
chr4,19574999,19575017,[11033]
chr4,19697036,19697054,[11034]
chr4,21727228,21727246,[11044]
chr4,23404126,23404144,[11049]
chr4,32163963,32163981,[11071]
chr4,32249864,32249882,[11077]
chr4,32342600,32342619,[11085]
chr4,40239354,40239372,[11130]
chr4,40876414,40876432,[11142]
chr4,41774326,41774344,[11153]
chr4,42961826,42961844,[11155]
chr4,43026050,43026068,[11156]
chr4,44271436,44271454,[11176]
chr4,44973836,44973854,[11179]
chr4,48012823,48012841,[11213]
chr4,59167989,59168007,[11253]
chr4,59528490,59528508,[11266]
chr4,62505798,62505816,[11281]
chr4,62695869,62695887,[11287]
chr4,84305164,84305182,[11356]
chr4,84305206,84305224,[11356]
chr4,84305576,84305594,[11356]
chr4,88867617,88867636,[11395]
chr4,92560303,92560321,[11406]
chr4,95050364,95050382,[11414]
chr4,98436673,98436691,[11432]
chr4,98436724,98436743,[11432]
chr4,98436775,98436794,[11432]
chr4,99829656,99829675,[11437]
chr4,101186015,101186033,[11444]
chr4,101213387,101213405,[11448]
chr4,101217352,101217371,[11449]
chr4,102517173,102517191,[11463]
chr4,102682366,102682384,[11466]
chr4,102990323,102990341,[11469]
chr4,103169582,103169600,[11473]
chr4,103313580,103313598,[11476]
chr4,103803464,103803482,[11477]
chr4,106787866,106787884,[11484]
chr4,108071633,108071652,[11497]
chr4,108999926,108999944,[11509]
chr4,109202263,109202281,[11513]
chr4,109280392,109280410,[11514]
chr4,109670841,109670859,[11516]
chr4,116626739,116626757,[11549]
chr4,116703966,116703984,[11551]
chr4,118409055,118409073,[11574]
chr4,120793654,120793673,[11587]
chr4,120925506,120925524,[11590]
chr4,122934316,122934335,[11603]
chr4,123571934,123571952,[11607]
chr4,127022511,127022529,[11643]
chr4,128735516,128735534,[11651]
chr4,129249663,129249681,[11659]
chr4,129570652,129570670,[11665]
chr4,129641604,129641622,[11670]
chr4,129828190,129828208,[11679]
chr4,130899940,130899958,[11684]
chr4,132353733,132353752,[11700]
chr4,132659280,132659299,[11707]
chr4,133182631,133182650,[11719]
chr4,133250878,133250896,[11721]
chr4,133278062,133278080,[11722]
chr4,133278405,133278423,[11722]
chr4,133707360,133707379,[11729]
chr4,133836954,133836972,[11738]
chr4,135240826,135240844,[11769]
chr4,135855554,135855572,[11780]
chr4,136081417,136081435,[11793]
chr4,136089829,136089847,[11794]
chr4,137367807,137367825,[11807]
chr4,137388755,137388774,[11808]
chr4,138914335,138914353,[11820]
chr4,139289526,139289544,[11824]
chr4,140601363,140601381,[11830]
chr4,147941634,147941653,[11874]
chr4,149137843,149137861,[11888]
chr4,149658330,149658349,[11897]
chr4,149658538,149658556,[11897]
chr4,150545244,150545262,[11915]
chr4,150565743,150565761,[11918]
chr4,150809394,150809412,[11922]
chr4,150915463,150915481,[11924]
chr4,155197869,155197887,[11961]
chr4,155245883,155245901,[11965]
chr4,155831493,155831511,[11974]
chr5,3670100,3670119,[12001]
chr5,8676215,8676233,[12028]
chr5,18746398,18746416,[12056]
chr5,23386607,23386625,[12083]
chr5,23387410,23387428,[12083]
chr5,25478991,25479009,[12110]
chr5,28647572,28647590,[12122]
chr5,31516818,31516836,[12144]
chr5,37066880,37066898,[12206]
chr5,39048402,39048420,[12212]
chr5,40017647,40017665,[12215]
chr5,44862095,44862113,[12233]
chr5,45668662,45668681,[12237]
chr5,45729570,45729588,[12238]
chr5,45730141,45730159,[12238]
chr5,50071873,50071891,[12244]
chr5,52189705,52189724,[12247]
chr5,52190912,52190930,[12247]
chr5,54100774,54100792,[12263]
chr5,57706313,57706331,[12272]
chr5,62745528,62745546,[12290]
chr5,62816328,62816346,[12296]
chr5,62854405,62854424,[12297]
chr5,64161182,64161200,[12304]
chr5,64684081,64684099,[12317]
chr5,64806077,64806095,[12322]
chr5,65795486,65795504,[12342]
chr5,65856998,65857016,[12344]
chr5,70670432,70670450,[12368]
chr5,72161155,72161173,[12372]
chr5,72178726,72178744,[12373]
chr5,72204649,72204668,[12374]
chr5,72812001,72812020,[12380]
chr5,72869073,72869091,[12382]
chr5,73134059,73134078,[12386]
chr5,73286725,73286744,[12389]
chr5,73586162,73586180,[12392]
chr5,77070219,77070237,[12413]
chr5,86004543,86004561,[12444]
chr5,88553693,88553712,[12456]
chr5,88897626,88897644,[12461]
chr5,103519227,103519250,[12535]
chr5,103755056,103755074,[12537]
chr5,104572125,104572143,[12542]
chr5,105292431,105292449,[12551]
chr5,105520403,105520421,[12561]
chr5,105642391,105642410,[12564]
chr5,107264967,107264985,[12577]
chr5,107960756,107960774,[12592]
chr5,109557853,109557872,[12607]
chr5,110881309,110881327,[12626]
chr5,112273752,112273771,[12638]
chr5,112287422,112287440,[12640]
chr5,113772241,113772259,[12645]
chr5,113842325,113842343,[12650]
chr5,114505451,114505469,[12658]
chr5,114897359,114897378,[12667]
chr5,115490486,115490504,[12681]
chr5,115490564,115490582,[12681]
chr5,122131643,122131661,[12731]
chr5,122228564,122228582,[12735]
chr5,122289139,122289157,[12741]
chr5,122698585,122698603,[12753]
chr5,123133738,123133756,[12768]
chr5,124036920,124036938,[12781]
chr5,124628745,124628763,[12792]
chr5,124944682,124944700,[12793]
chr5,125466097,125466115,[12799]
chr5,125466152,125466170,[12799]
chr5,127617525,127617543,[12802]
chr5,129887698,129887716,[12810]
chr5,134236650,134236668,[12823]
chr5,135115494,135115512,[12842]
chr5,138116575,138116594,[12880]
chr5,140322331,140322349,[12910]
chr5,140505647,140505665,[12912]
chr5,148501235,148501254,[12984]
chr5,148501325,148501343,[12984]
chr5,150223730,150223748,[13008]
chr6,8512657,8512675,[13043]
chr6,8512992,8513011,[13043]
chr6,8735174,8735193,[13047]
chr6,8735502,8735520,[13047]
chr6,13070174,13070192,[13059]
chr6,15728452,15728470,[13066]
chr6,24530275,24530294,[13095]
chr6,30301084,30301102,[13116]
chr6,30336843,30336861,[13118]
chr6,30337663,30337681,[13118]
chr6,31489992,31490010,[13139]
chr6,33307349,33307367,[13142]
chr6,37054468,37054486,[13162]
chr6,37054944,37054962,[13162]
chr6,37607183,37607201,[13164]
chr6,41151156,41151174,[13203]
chr6,41216328,41216346,[13206]
chr6,41554280,41554298,[13209]
chr6,47350056,47350074,[13227]
chr6,47789052,47789070,[13232]
chr6,48546631,48546649,[13244]
chr6,48700486,48700504,[13250]
chr6,48718532,48718551,[13252]
chr6,50455524,50455542,[13271]
chr6,53700027,53700045,[13284]
chr6,54229036,54229054,[13286]
chr6,54737470,54737489,[13292]
chr6,56703977,56703995,[13305]
chr6,56705021,56705040,[13305]
chr6,58759017,58759035,[13321]
chr6,58832302,58832320,[13323]
chr6,59013960,59013978,[13326]
chr6,70805183,70805202,[13370]
chr6,70824571,70824589,[13372]
chr6,71831583,71831602,[13381]
chr6,82921613,82921632,[13415]
chr6,82996952,82996971,[13416]
chr6,82997062,82997080,[13416]
chr6,83457189,83457207,[13429]
chr6,83457323,83457341,[13429]
chr6,83506749,83506768,[13430]
chr6,87502932,87502950,[13466]
chr6,87534989,87535008,[13469]
chr6,87829852,87829870,[13474]
chr6,88419616,88419634,[13481]
chr6,94672909,94672927,[13509]
chr6,95971966,95971984,[13519]
chr6,97148347,97148365,[13521]
chr6,98085305,98085323,[13530]
chr6,99013138,99013156,[13533]
chr6,99261638,99261657,[13545]
chr6,99266580,99266599,[13547]
chr6,99328227,99328245,[13553]
chr6,99374636,99374655,[13555]
chr6,99380206,99380224,[13556]
chr6,99394681,99394699,[13558]
chr6,99397832,99397850,[13559]
chr6,99397914,99397932,[13559]
chr6,108098687,108098705,[13587]
chr6,108549432,108549451,[13596]
chr6,108657540,108657558,[13599]
chr6,114921022,114921040,[13631]
chr6,115365604,115365622,[13634]
chr6,115538816,115538835,[13635]
chr6,115852778,115852797,[13640]
chr6,118455689,118455708,[13657]
chr6,119482055,119482073,[13662]
chr6,119635439,119635457,[13665]
chr6,120467149,120467167,[13684]
chr6,121130854,121130872,[13693]
chr6,124740458,124740476,[13727]
chr6,125222647,125222665,[13744]
chr6,125237614,125237632,[13746]
chr6,125572953,125572971,[13751]
chr6,129260186,129260205,[13796]
chr6,129283624,129283642,[13799]
chr6,129284273,129284291,[13799]
chr6,129306671,129306690,[13801]
chr6,129306873,129306891,[13801]
chr6,134898638,134898656,[13827]
chr6,135417839,135417857,[13836]
chr6,136450403,136450422,[13839]
chr6,136828508,136828526,[13850]
chr6,136930585,136930603,[13851]
chr6,136947210,136947229,[13854]
chr6,137456675,137456693,[13857]
chr6,137735891,137735909,[13858]
chr6,140709143,140709161,[13866]
chr6,140709235,140709253,[13866]
chr6,142867470,142867488,[13874]
chr6,142885645,142885663,[13876]
chr6,142942121,142942139,[13884]
chr6,143957204,143957223,[13897]
chr6,146636439,146636457,[13926]
chr6,147476284,147476303,[13934]
chr6,149193710,149193729,[13941]
chr7,4685153,4685171,[13961]
chr7,6283467,6283485,[13974]
chr7,12992168,12992186,[13984]
chr7,15922289,15922307,[13992]
chr7,16406112,16406130,[14009]
chr7,16682594,16682612,[14014]
chr7,25281524,25281542,[14081]
chr7,25680793,25680811,[14086]
chr7,25774927,25774945,[14092]
chr7,27167082,27167100,[14098]
chr7,27472381,27472399,[14103]
chr7,27473048,27473066,[14103]
chr7,27591422,27591440,[14109]
chr7,27933622,27933640,[14114]
chr7,30170398,30170416,[14148]
chr7,30609140,30609158,[14159]
chr7,30887696,30887714,[14163]
chr7,35232536,35232555,[14182]
chr7,35232649,35232667,[14182]
chr7,40966012,40966030,[14204]
chr7,41632341,41632359,[14208]
chr7,41633091,41633109,[14208]
chr7,47111830,47111848,[14269]
chr7,48909075,48909093,[14273]
chr7,48916416,48916434,[14274]
chr7,59293400,59293418,[14303]
chr7,64042898,64042916,[14317]
chr7,64391792,64391810,[14325]
chr7,67950189,67950207,[14338]
chr7,67950290,67950309,[14338]
chr7,73556254,73556272,[14369]
chr7,73593124,73593142,[14372]
chr7,75385252,75385270,[14382]
chr7,75399340,75399358,[14384]
chr7,75576143,75576162,[14391]
chr7,75586825,75586843,[14393]
chr7,76237705,76237723,[14421]
chr7,80404049,80404067,[14445]
chr7,83655638,83655657,[14494]
chr7,84689417,84689436,[14502]
chr7,97748876,97748894,[14542]
chr7,99862995,99863013,[14571]
chr7,99889686,99889704,[14572]
chr7,101600572,101600590,[14598]
chr7,102322487,102322506,[14607]
chr7,102322779,102322797,[14607]
chr7,104291084,104291102,[14616]
chr7,105399270,105399288,[14622]
chr7,109987126,109987144,[14642]
chr7,110636422,110636440,[14652]
chr7,112179980,112179998,[14662]
chr7,112180222,112180240,[14662]
chr7,113372560,113372578,[14670]
chr7,114094588,114094606,[14678]
chr7,114146463,114146481,[14682]
chr7,114479926,114479945,[14688]
chr7,117486675,117486693,[14703]
chr7,118297763,118297781,[14709]
chr7,118999592,118999610,[14715]
chr7,120688167,120688185,[14723]
chr7,120918631,120918649,[14725]
chr7,123084648,123084666,[14737]
chr7,125192055,125192073,[14747]
chr7,126643489,126643507,[14774]
chr7,127031677,127031696,[14788]
chr7,127031708,127031727,[14788]
chr7,127088657,127088675,[14791]
chr7,127113026,127113044,[14794]
chr7,128633490,128633508,[14830]
chr7,130674145,130674163,[14840]
chr7,132785332,132785350,[14855]
chr7,132785415,132785433,[14855]
chr8,3170495,3170513,[14926]
chr8,4313324,4313342,[14935]
chr8,4313379,4313397,[14935]
chr8,5864259,5864277,[14944]
chr8,14954590,14954608,[14986]
chr8,14989721,14989739,[14990]
chr8,22780578,22780596,[15015]
chr8,27022366,27022384,[15043]
chr8,27128879,27128897,[15046]
chr8,34143948,34143967,[15064]
chr8,34150257,34150276,[15066]
chr8,34806723,34806741,[15079]
chr8,34816277,34816296,[15080]
chr8,35123619,35123637,[15083]
chr8,39045642,39045660,[15104]
chr8,40443307,40443325,[15108]
chr8,46551691,46551709,[15136]
chr8,56550875,56550893,[15161]
chr8,61587805,61587823,[15182]
chr8,63565428,63565446,[15186]
chr8,64548467,64548485,[15188]
chr8,64771209,64771227,[15190]
chr8,71272591,71272609,[15237]
chr8,71908740,71908758,[15252]
chr8,81615325,81615343,[15311]
chr8,81615569,81615588,[15311]
chr8,81619155,81619174,[15312]
chr8,81649341,81649359,[15314]
chr8,81689031,81689049,[15316]
chr8,81768963,81768981,[15324]
chr8,83740649,83740667,[15337]
chr8,85071433,85071451,[15382]
chr8,86048775,86048794,[15390]
chr8,86707818,86707837,[15396]
chr8,91082632,91082650,[15418]
chr8,93363638,93363656,[15422]
chr8,94413321,94413339,[15430]
chr8,94654661,94654679,[15437]
chr8,96153260,96153279,[15454]
chr8,99286455,99286473,[15459]
chr8,105266814,105266832,[15472]
chr8,107118960,107118978,[15502]
chr8,109777149,109777167,[15515]
chr8,114439956,114439974,[15548]
chr8,114453106,114453124,[15549]
chr8,116587892,116587910,[15570]
chr8,117149078,117149096,[15580]
chr8,117255940,117255958,[15583]
chr8,117258485,117258503,[15584]
chr8,119559115,119559133,[15590]
chr8,120434163,120434181,[15605]
chr8,121949863,121949882,[15622]
chr8,122918052,122918071,[15632]
chr8,123014134,123014153,[15639]
chr8,123026151,123026169,[15640]
chr8,123027072,123027090,[15641]
chr8,123032456,123032474,[15642]
chr8,123033994,123034013,[15642]
chr8,123037461,123037479,[15643]
chr8,123043994,123044012,[15644]
chr8,125012568,125012586,[15667]
chr8,125264901,125264919,[15670]
chr8,125337348,125337367,[15671]
chr8,126583887,126583905,[15681]
chr8,126589791,126589810,[15682]
chr8,128473828,128473846,[15711]
chr8,128595082,128595100,[15721]
chr8,128688142,128688160,[15722]
chr9,7873607,7873625,[15739]
chr9,7893431,7893449,[15740]
chr9,7897804,7897822,[15741]
chr9,8017290,8017308,[15743]
chr9,13296488,13296506,[15750]
chr9,14244452,14244470,[15767]
chr9,16337148,16337166,[15791]
chr9,21169104,21169122,[15815]
chr9,22071816,22071834,[15835]
chr9,26779491,26779509,[15857]
chr9,32350379,32350397,[15867]
chr9,32697341,32697360,[15886]
chr9,32719697,32719716,[15890]
chr9,32727097,32727122,[15892]
chr9,32728639,32728657,[15892]
chr9,32910343,32910361,[15903]
chr9,32927062,32927081,[15905]
chr9,32928549,32928568,[15906]
chr9,33036349,33036367,[15910]
chr9,40997282,40997300,[15936]
chr9,41118849,41118867,[15944]
chr9,41119036,41119054,[15944]
chr9,42032858,42032876,[15950]
chr9,42076446,42076464,[15951]
chr9,44646078,44646097,[15983]
chr9,44720747,44720765,[15984]
chr9,44987231,44987249,[15996]
chr9,51213940,51213958,[16047]
chr9,51842964,51842982,[16051]
chr9,53248522,53248540,[16055]
chr9,53610557,53610575,[16057]
chr9,56090377,56090395,[16070]
chr9,56419767,56419785,[16075]
chr9,57769828,57769846,[16102]
chr9,57856501,57856519,[16104]
chr9,57866928,57866946,[16105]
chr9,58253630,58253648,[16108]
chr9,58710189,58710207,[16110]
chr9,61251710,61251728,[16124]
chr9,61679542,61679560,[16130]
chr9,61914940,61914959,[16135]
chr9,62368904,62368923,[16146]
chr9,64824868,64824886,[16168]
chr9,64825012,64825031,[16168]
chr9,65195611,65195629,[16172]
chr9,65202344,65202363,[16173]
chr9,66883243,66883261,[16203]
chr9,66982418,66982436,[16209]
chr9,66982471,66982490,[16209]
chr9,69034874,69034892,[16214]
chr9,70496825,70496843,[16229]
chr9,71606717,71606735,[16237]
chr9,74002668,74002687,[16261]
chr9,74003375,74003393,[16261]
chr9,75414197,75414215,[16269]
chr9,78074162,78074181,[16287]
chr9,79793793,79793812,[16299]
chr9,80305644,80305662,[16306]
chr9,80332020,80332038,[16309]
chr9,85730778,85730796,[16325]
chr9,88329023,88329041,[16335]
chr9,89212418,89212437,[16347]
chr9,89915928,89915949,[16350]
chr9,94537787,94537806,[16360]
chr9,96890115,96890133,[16394]
chr9,98333301,98333320,[16400]
chr9,105131653,105131671,[16430]
chr9,107335503,107335521,[16451]
chr9,107588456,107588475,[16455]
chr9,107888383,107888402,[16461]
chr9,110907595,110907613,[16497]
chr9,114417468,114417486,[16512]
chr9,114452015,114452034,[16516]
chr9,114640542,114640560,[16518]
chr9,115612753,115612771,[16534]
chr9,115612826,115612844,[16534]
chr9,115618089,115618107,[16535]
chr9,116133650,116133668,[16540]
chr9,116263879,116263897,[16553]
chr9,116338321,116338339,[16556]
chr9,118390095,118390113,[16562]
chr9,120777123,120777141,[16584]
chr9,121218119,121218137,[16586]
chr9,121278033,121278052,[16587]
chr9,121455464,121455482,[16588]
chr9,123366933,123366951,[16613]
chrX,7841190,7841209,[16648]
chrX,48284454,48284472,[16735]
chrX,51013044,51013063,[16747]
chrX,56405899,56405918,[16756]
chrX,73967352,73967370,[16786]
chrX,77509103,77509121,[16797]
chrX,105070327,105070345,[16867]
chrX,105801709,105801727,[16869]
chrX,107042556,107042574,[16877]
chrX,107090443,107090462,[16878]
chrX,136616174,136616193,[16938]
chrX,144526171,144526190,[16957]
chrX,155211142,155211160,[16976]
chrX,159708202,159708220,[16992]
chrX,167799694,167799712,[17022]
