chr,h_h_start,h_h_end,closest_TnG_start,closest_TnG_end,tng_alignment,distance_to_closest_TnG
chr1,6417656,6417674,6417733,6417756,1,59
chr1,9798723,9798741,9798859,9798902,1,118
chr1,13371997,13372015,13371878,13371920,0,-77
chr1,13593378,13593397,13593430,13593453,0,33
chr1,16029470,16029488,16029459,16029505,1,0
chr1,16177590,16177608,16029459,16029505,0,-148085
chr1,33883182,33883200,33883168,33883188,1,0
chr1,34545778,34545796,34545766,34545782,1,0
chr1,35653098,35653116,35653180,35653200,0,64
chr1,36267409,36267427,36267385,36267424,1,0
chr1,36267728,36267746,36267891,36267926,0,145
chr1,36273674,36273692,36267891,36267926,1,-5748
chr1,36708938,36708956,36797749,36797772,0,88793
chr1,37419404,37419422,37430562,37430585,0,11140
chr1,38130522,38130540,38130414,38130445,0,-77
chr1,39714299,39714318,39714285,39714324,1,0
chr1,40618126,40618144,40618463,40618486,1,319
chr1,42851274,42851292,43098359,43098374,1,247067
chr1,51361529,51361547,51361394,51361417,0,-112
chr1,52035446,52035464,52035410,52035425,1,-21
chr1,52052645,52052663,52052630,52052661,1,0
chr1,52052816,52052834,52052799,52052822,1,0
chr1,52375507,52375526,52375207,52375227,1,-280
chr1,53775717,53775735,53775745,53775772,1,10
chr1,53781780,53781798,53781972,53781987,1,174
chr1,53782403,53782421,53782391,53782416,1,0
chr1,53791619,53791637,53797351,53797368,1,5714
chr1,54871469,54871488,54871461,54871477,1,0
chr1,54914166,54914185,54914060,54914117,1,-49
chr1,56236919,56236937,56236925,56236959,1,0
chr1,60087647,60087665,60087630,60087653,1,0
chr1,60745546,60745564,60746091,60746121,0,527
chr1,60755642,60755660,60755455,60755472,1,-170
chr1,60758524,60758542,60758463,60758486,0,-38
chr1,60760663,60760682,60760429,60760446,1,-217
chr1,60782452,60782470,60782444,60782464,1,0
chr1,61434648,61434666,61434904,61434925,0,238
chr1,61434944,61434962,61434904,61434925,1,-19
chr1,63176923,63176941,63176891,63176906,1,-17
chr1,64266337,64266355,64266367,64266382,1,12
chr1,69644516,69644535,69644385,69644400,0,-116
chr1,69686531,69686550,69686503,69686544,1,0
chr1,69688258,69688276,69688386,69688401,1,110
chr1,72254870,72254888,72254531,72254547,0,-323
chr1,75142249,75142268,75125382,75125419,1,-16830
chr1,75477272,75477291,75521284,75521299,0,43993
chr1,82803849,82803867,82803846,82803862,1,0
chr1,82833554,82833572,82833458,82833524,1,-30
chr1,82900896,82900914,82900844,82900871,1,-25
chr1,85687843,85687861,85686564,85686580,0,-1263
chr1,85740369,85740387,85740361,85740382,1,0
chr1,86153406,86153424,86153361,86153376,1,-30
chr1,88553688,88553706,88578250,88578279,0,24544
chr1,88587627,88587646,88587843,88587866,1,197
chr1,95605481,95605499,95655317,95655340,1,49818
chr1,103899506,103899524,103899376,103899397,0,-109
chr1,106612162,106612181,106612171,106612205,1,0
chr1,106757808,106757826,106757849,106757864,0,23
chr1,108209278,108209296,108209453,108209473,0,157
chr1,111864074,111864092,112457481,112457549,0,593389
chr1,118311344,118311362,118311653,118311676,1,291
chr1,118311443,118311461,118311653,118311676,1,192
chr1,118390947,118390965,118390972,118390996,0,7
chr1,127363896,127363914,127322742,127322775,1,-41121
chr1,128611837,128611855,128611499,128611538,1,-299
chr1,128611888,128611907,128611499,128611538,1,-350
chr1,128832120,128832138,128832126,128832141,1,0
chr1,132010923,132010941,132011170,132011193,0,229
chr1,133026022,133026040,133025522,133025544,1,-478
chr1,133026050,133026069,133025522,133025544,1,-506
chr1,134063530,134063549,134065658,134065684,1,2109
chr1,134078048,134078066,134078135,134078150,0,69
chr1,134560035,134560053,134361625,134361645,0,-198390
chr1,135670212,135670230,135670291,135670329,0,61
chr1,135807696,135807714,135670291,135670329,1,-137367
chr1,136609010,136609028,136608914,136608958,0,-52
chr1,138125462,138125480,138125461,138125484,1,0
chr1,138144948,138144967,138144937,138144958,1,0
chr1,138145126,138145145,138145234,138145272,0,89
chr1,138166736,138166755,138166814,138166858,1,59
chr1,138172244,138172262,138172089,138172109,0,-135
chr1,138172263,138172282,138172089,138172109,0,-154
chr1,138291842,138291861,138292081,138292096,1,220
chr1,138298233,138298251,138298526,138298585,1,275
chr1,138327259,138327278,138327265,138327280,1,0
chr1,138542766,138542784,138542749,138542783,1,0
chr1,144267620,144267638,144267460,144267500,1,-120
chr1,144272990,144273008,144272981,144273001,1,0
chr1,144306632,144306651,144306641,144306658,1,0
chr1,144306728,144306746,144306737,144306760,1,0
chr1,144499655,144499673,144499616,144499641,1,-14
chr1,144500081,144500099,144500078,144500093,1,0
chr1,146595569,146595587,146595565,146595582,1,0
chr1,150465511,150465529,150465479,150465495,1,-16
chr1,151457199,151457217,151457061,151457084,1,-115
chr1,152289465,152289483,152243661,152243677,0,-45788
chr1,152766351,152766369,152903117,152903133,0,136748
chr1,153614398,153614416,153614401,153614445,1,0
chr1,155159311,155159329,155159525,155159542,0,196
chr1,155159537,155159555,155159525,155159542,1,0
chr1,155172987,155173005,155172825,155172861,1,-126
chr1,155173128,155173146,155172825,155172861,1,-267
chr1,155173337,155173355,155172825,155172861,1,-476
chr1,155173383,155173401,155172825,155172861,1,-522
chr1,157077233,157077251,157039300,157039318,0,-37915
chr1,160041891,160041909,160042451,160042471,0,542
chr1,160307000,160307019,160306914,160306929,0,-71
chr1,160397441,160397459,160397412,160397439,0,-2
chr1,161767112,161767130,161767124,161767144,1,0
chr1,161894290,161894308,161903280,161903297,0,8972
chr1,161903287,161903306,161903280,161903297,1,0
chr1,162207278,162207296,162207271,162207313,1,0
chr1,162727186,162727204,162727254,162727270,1,50
chr1,164008836,164008854,164008842,164008863,1,0
chr1,164076735,164076753,164077084,164077112,0,331
chr1,164131250,164131268,164131382,164131397,1,114
chr1,165193541,165193560,165193631,165193651,1,71
chr1,165643490,165643508,165643396,165643434,1,-56
chr1,165841536,165841554,165841496,165841549,1,0
chr1,166410014,166410032,166410301,166410324,1,269
chr1,171412777,171412795,171412931,171412965,0,136
chr1,173398823,173398841,173398929,173398951,0,88
chr1,173440778,173440796,173441028,173441051,0,232
chr1,173657472,173657490,173657352,173657388,0,-84
chr1,176986304,176986322,176993453,176993476,0,7131
chr1,179802548,179802566,179802550,179802583,1,0
chr1,180304813,180304831,180314169,180314189,0,9338
chr1,181229271,181229289,181228408,181228423,1,-848
chr1,183180149,183180171,183180107,183180164,1,0
chr1,183238065,183238083,183238040,183238055,0,-10
chr1,184061807,184061825,184061799,184061820,1,0
chr1,184074698,184074716,184074707,184074724,1,0
chr1,184074838,184074856,184074815,184074875,1,0
chr1,184845323,184845341,184845158,184845173,1,-150
chr1,186562569,186562587,186562647,186562670,1,60
chr1,191409780,191409798,191409938,191409961,1,140
chr1,193193968,193193986,193193951,193194006,1,0
chr10,5194699,5194717,5195043,5195064,1,326
chr10,5979424,5979442,5979431,5979451,1,0
chr10,6980583,6980601,6980393,6980408,0,-175
chr10,6982030,6982048,6982014,6982046,1,0
chr10,6982527,6982546,6982508,6982528,0,0
chr10,7863453,7863471,7863010,7863059,0,-394
chr10,8517079,8517097,8517050,8517091,1,0
chr10,8640991,8641009,8641110,8641133,0,101
chr10,12813872,12813890,12813749,12813772,1,-100
chr10,12923334,12923352,12923343,12923372,1,0
chr10,13966892,13966910,13966440,13966478,0,-414
chr10,14043516,14043534,14044000,14044015,1,466
chr10,14044636,14044654,14044751,14044768,0,97
chr10,19009211,19009229,19009347,19009374,0,118
chr10,19116942,19116961,19116954,19116974,1,0
chr10,19504697,19504716,19504575,19504590,0,-107
chr10,19577827,19577845,19578315,19578331,0,470
chr10,20000725,20000743,20000249,20000277,1,-448
chr10,21234963,21234981,21234975,21234991,1,0
chr10,21235865,21235883,21235873,21235890,1,0
chr10,21535855,21535873,21546385,21546413,0,10512
chr10,26520636,26520654,26520561,26520578,0,-58
chr10,28594023,28594041,28594402,28594423,0,361
chr10,30802502,30802520,30811099,30811119,1,8579
chr10,33950456,33950474,33950614,33950639,1,140
chr10,39023352,39023370,39023329,39023352,0,0
chr10,39733287,39733305,39733411,39733431,1,106
chr10,40163543,40163561,40163354,40163383,1,-160
chr10,40372733,40372751,40372742,40372759,1,0
chr10,40386305,40386323,40372742,40372759,0,-13546
chr10,40420334,40420352,40420426,40420447,0,74
chr10,40882184,40882202,40882091,40882108,1,-76
chr10,42862142,42862160,42862052,42862075,1,-67
chr10,44268906,44268924,44268990,44269011,0,66
chr10,44957872,44957890,44957881,44957898,1,0
chr10,51727289,51727307,51727512,51727532,1,205
chr10,53595996,53596014,53596179,53596220,0,165
chr10,57743739,57743758,57743717,57743756,1,0
chr10,58370379,58370397,58370386,58370414,1,0
chr10,58371863,58371881,58371734,58371757,1,-106
chr10,58446622,58446640,58447621,58447644,0,981
chr10,59975504,59975522,59974955,59974972,1,-532
chr10,61145972,61145990,61145978,61146001,1,0
chr10,61148095,61148113,61148058,61148110,1,0
chr10,61452338,61452356,61453220,61453237,0,864
chr10,61520175,61520193,61520184,61520201,1,0
chr10,62506648,62506667,62506622,62506661,1,0
chr10,62507588,62507606,62507454,62507478,1,-110
chr10,63243525,63243544,63243535,63243585,1,0
chr10,66559484,66559502,66559643,66559660,0,141
chr10,66864546,66864565,66864535,66864556,1,0
chr10,67184590,67184608,67184581,67184601,1,0
chr10,67184627,67184646,67184581,67184601,1,-26
chr10,67459035,67459053,67459014,67459037,1,0
chr10,67998447,67998465,68035770,68035785,0,37305
chr10,68241237,68241255,68241109,68241143,0,-94
chr10,72654940,72654959,72733739,72733759,0,78780
chr10,74676718,74676736,74676409,74676437,1,-281
chr10,75212734,75212752,75212942,75212962,1,190
chr10,76031940,76031958,76031946,76031981,1,0
chr10,77537023,77537041,77537028,77537044,1,0
chr10,78605312,78605330,78605333,78605429,1,3
chr10,80676515,80676533,80677167,80677184,0,634
chr10,81017348,81017366,81017356,81017389,1,0
chr10,81352201,81352219,81351734,81351751,0,-450
chr10,81384224,81384242,81384149,81384174,1,-50
chr10,81502586,81502604,81502572,81502598,1,0
chr10,82580603,82580621,82580586,82580631,1,0
chr10,83719108,83719126,83719139,83719160,1,13
chr10,85162631,85162649,85162637,85162657,1,0
chr10,85410865,85410883,85410857,85410872,1,0
chr10,88730959,88730977,88730990,88731006,0,13
chr10,90558172,90558190,90558041,90558056,0,-116
chr10,93452180,93452199,93452678,93452698,0,479
chr10,95699125,95699143,95699133,95699154,1,0
chr10,95814949,95814967,95815305,95815325,0,338
chr10,95940013,95940032,95940135,95940151,0,103
chr10,96409539,96409557,96409407,96409488,0,-51
chr10,96609542,96609560,96609443,96609484,0,-58
chr10,96694066,96694084,96694102,96694125,0,18
chr10,96724524,96724542,96725235,96725252,1,693
chr10,96786949,96786967,96786938,96786961,1,0
chr10,96787317,96787335,96787601,96787645,0,266
chr10,96822498,96822516,96822768,96822785,0,252
chr10,97535405,97535423,97535743,97535763,1,320
chr10,98776090,98776109,98776058,98776102,1,0
chr10,98785589,98785607,98785540,98785568,1,-21
chr10,98788490,98788508,98788577,98788598,0,69
chr10,99127916,99127934,99127360,99127375,0,-541
chr10,99242081,99242099,99241186,99241201,0,-880
chr10,110745420,110745438,110891071,110891091,1,145633
chr10,111008241,111008259,111008276,111008321,0,17
chr10,112861212,112861230,112861224,112861239,1,0
chr10,116477314,116477332,116477322,116477339,1,0
chr10,116949167,116949185,116949495,116949510,1,310
chr10,116949773,116949792,116949495,116949510,0,-263
chr10,117625811,117625829,117625924,117625949,1,95
chr10,117952899,117952918,117952717,117952737,0,-162
chr10,118406889,118406908,118406882,118406897,1,0
chr10,118870263,118870281,118867592,118867651,1,-2612
chr10,122194237,122194255,122652340,122652361,0,458085
chr10,122758409,122758427,122758527,122758556,1,100
chr10,123197754,123197772,123196204,123196234,0,-1520
chr10,127642343,127642362,127642283,127642300,1,-43
chr10,128080854,128080872,128080869,128080909,0,0
chr10,128212028,128212047,128212020,128212040,1,0
chr11,4246796,4246814,4246802,4246825,1,0
chr11,4247487,4247505,4247104,4247136,0,-351
chr11,4814000,4814018,4814012,4814027,1,0
chr11,5216021,5216039,5215533,5215564,0,-457
chr11,6000955,6000973,6152999,6153022,1,152026
chr11,6559272,6559290,6553933,6553948,1,-5324
chr11,6568493,6568512,6568505,6568528,1,0
chr11,6679980,6679998,6679993,6680059,1,0
chr11,11569082,11569100,11569271,11569287,1,171
chr11,11569830,11569849,11569271,11569287,0,-543
chr11,11836799,11836817,11836835,11836858,0,18
chr11,12291615,12291633,12291514,12291541,1,-74
chr11,14142839,14142857,13288338,13288372,0,-854467
chr11,20315961,20315979,20315966,20315987,1,0
chr11,21175205,21175223,21175087,21175110,0,-95
chr11,21219482,21219501,21220973,21220988,0,1472
chr11,22846814,22846832,22847002,22847019,1,170
chr11,28399013,28399031,28399024,28399040,1,0
chr11,28484040,28484058,28484321,28484337,0,263
chr11,29139483,29139501,29139488,29139509,1,0
chr11,31279367,31279385,31279268,31279294,0,-73
chr11,32126136,32126154,32126204,32126245,0,50
chr11,32226198,32226216,32126467,32126484,0,-99714
chr11,32535834,32535852,32535718,32535759,0,-75
chr11,32801543,32801561,32801744,32801759,1,183
chr11,34047735,34047753,34047074,34047095,1,-640
chr11,34763685,34763703,34763691,34763720,1,0
chr11,38188851,38188869,38189087,38189104,1,218
chr11,38189078,38189096,38189087,38189104,1,0
chr11,41915616,41915634,41915623,41915643,1,0
chr11,46252142,46252160,46252418,46252439,0,258
chr11,46373013,46373031,46373014,46373030,0,0
chr11,49204646,49204665,49204639,49204656,1,0
chr11,49982948,49982966,49982976,49983011,1,10
chr11,50377473,50377492,50377481,50377496,1,0
chr11,52314984,52315002,52314989,52315010,1,0
chr11,54151000,54151018,54437229,54437251,0,286211
chr11,54151554,54151572,54437229,54437251,0,285657
chr11,54500439,54500457,54500259,54500289,1,-150
chr11,54522831,54522849,54522424,54522455,1,-376
chr11,54569323,54569341,54569171,54569186,1,-137
chr11,58167924,58167942,58167935,58167960,1,0
chr11,60084984,60085002,60084960,60085010,1,0
chr11,67051821,67051840,67051917,67051941,1,77
chr11,68430704,68430722,68431023,68431043,0,301
chr11,69682292,69682310,69682273,69682330,1,0
chr11,74838808,74838827,74839266,74839289,1,439
chr11,75338443,75338461,75338629,75338670,1,168
chr11,76038200,76038219,76037785,76037813,0,-387
chr11,76406736,76406754,76406975,76406992,0,221
chr11,77051977,77051995,77051938,77051970,1,-7
chr11,77372117,77372135,77372137,77372167,1,2
chr11,77685380,77685398,77685385,77685421,1,0
chr11,78060335,78060353,78060708,78060737,0,355
chr11,78175177,78175195,78175149,78175186,1,0
chr11,78509393,78509411,78509399,78509428,1,0
chr11,79130466,79130484,79023302,79023343,0,-107123
chr11,79641311,79641329,79641231,79641254,1,-57
chr11,79962636,79962654,79962634,79962649,1,0
chr11,82952616,82952634,82947947,82947997,1,-4619
chr11,86586320,86586338,86586676,86586711,1,338
chr11,87937928,87937946,87937913,87937934,0,0
chr11,90242120,90242138,90238706,90238751,0,-3369
chr11,90257165,90257183,90257170,90257186,1,0
chr11,90637971,90637989,90637452,90637475,1,-496
chr11,92022401,92022419,92022380,92022397,0,-4
chr11,94719386,94719404,94698192,94698212,1,-21174
chr11,96504725,96504743,96469815,96469838,1,-34887
chr11,98000873,98000891,98001159,98001183,1,268
chr11,98470771,98470789,98469753,98469773,0,-998
chr11,98513908,98513927,98513832,98513855,1,-53
chr11,99162733,99162751,99155521,99155538,1,-7195
chr11,99238700,99238718,99238851,99238874,0,133
chr11,100824800,100824818,100824845,100824869,1,27
chr11,100847038,100847056,100846911,100846961,0,-77
chr11,104382096,104382114,104425048,104425068,0,42934
chr11,104610128,104610146,104610124,104610139,1,0
chr11,105180519,105180537,105180521,105180541,1,0
chr11,107027502,107027520,107027613,107027634,0,93
chr11,107458494,107458512,107463963,107463986,1,5451
chr11,107459315,107459333,107463963,107463986,1,4630
chr11,107547542,107547560,107470308,107470329,0,-77213
chr11,107547601,107547619,107470308,107470329,0,-77272
chr11,108216324,108216342,108248401,108248424,1,32059
chr11,109419780,109419798,109419686,109419707,1,-73
chr11,109432182,109432200,109432030,109432053,1,-129
chr11,109560815,109560833,109472838,109472899,0,-87916
chr11,110125210,110125228,110125215,110125240,1,0
chr11,113174218,113174237,113684241,113684267,1,510004
chr11,115771366,115771384,115771328,115771358,1,-8
chr11,116081014,116081032,116080997,116081026,1,0
chr11,117071941,117071959,117071879,117071953,1,0
chr11,117871624,117871642,117872729,117872752,0,1087
chr12,4417712,4417730,4417734,4417761,1,4
chr12,4592195,4592213,4593597,4593659,0,1384
chr12,11230232,11230250,11230347,11230374,1,97
chr12,16006932,16006951,16008052,16008067,1,1101
chr12,25241868,25241886,24600581,24600601,1,-641267
chr12,34533263,34533281,34533140,34533156,0,-107
chr12,34533411,34533429,34533140,34533156,0,-255
chr12,35755424,35755443,35755305,35755330,0,-94
chr12,35896970,35896988,35896976,35896991,1,0
chr12,36155751,36155769,36155785,36155812,1,16
chr12,36156890,36156908,36155785,36155812,0,-1078
chr12,40038680,40038698,40038685,40038702,1,0
chr12,42405633,42405651,42405624,42405646,1,0
chr12,44203577,44203595,44203597,44203612,1,2
chr12,44203634,44203652,44203597,44203612,0,-22
chr12,51865076,51865094,51865349,51865364,1,255
chr12,55488943,55488961,55489453,55489487,1,492
chr12,55493214,55493232,55493218,55493263,1,0
chr12,59218859,59218877,59219460,59219489,1,583
chr12,69447212,69447230,69447673,69447697,0,443
chr12,69447921,69447939,69447699,69447714,1,-207
chr12,69530217,69530235,69530039,69530074,0,-143
chr12,69616057,69616075,69616066,69616085,1,0
chr12,70477860,70477879,70477576,70477599,1,-261
chr12,71047445,71047464,71047435,71047458,1,0
chr12,71048013,71048032,71048020,71048040,1,0
chr12,71048103,71048121,71048093,71048113,1,0
chr12,73123487,73123506,73123510,73123525,0,4
chr12,73164949,73164968,73165278,73165301,0,310
chr12,73611253,73611271,73610313,73610343,1,-910
chr12,73647002,73647020,73647005,73647040,1,0
chr12,73887883,73887901,73889068,73889083,1,1167
chr12,73888516,73888534,73889068,73889083,1,534
chr12,73888602,73888621,73889068,73889083,1,447
chr12,73908861,73908879,73908367,73908382,1,-479
chr12,76379699,76379717,76379680,76379722,1,0
chr12,78568990,78569008,78568825,78568856,0,-134
chr12,79296579,79296598,79296566,79296593,1,0
chr12,79381532,79381550,79381580,79381618,0,30
chr12,79444789,79444813,79444781,79444801,1,0
chr12,79628109,79628127,79628189,79628206,1,62
chr12,80069123,80069141,80108803,80108843,1,39662
chr12,80462986,80463005,80462964,80462988,0,0
chr12,80794936,80794955,80794943,80794975,1,0
chr12,82189845,82189863,82166465,82166504,1,-23341
chr12,84223273,84223291,84222978,84222995,0,-278
chr12,84417179,84417197,84409203,84409258,0,-7921
chr12,85427808,85427827,85427815,85427838,1,0
chr12,85973815,85973833,86046065,86046082,1,72232
chr12,87265904,87265922,87265734,87265787,0,-117
chr12,88470183,88470201,87265734,87265787,0,-1204396
chr12,98268201,98268220,98269738,98269755,1,1518
chr12,99393048,99393067,99393060,99393080,1,0
chr12,101084168,101084186,101084158,101084203,1,0
chr12,101084263,101084281,101084244,101084279,1,0
chr12,102702597,102702615,102702610,102702625,1,0
chr12,102878794,102878812,102878861,102878895,0,49
chr12,107125961,107125979,107125940,107125958,0,-3
chr12,107126159,107126177,107125987,107126002,0,-157
chr12,107127663,107127682,107125987,107126002,0,-1661
chr12,107146273,107146291,107146800,107146824,0,509
chr12,107184732,107184751,107184500,107184527,1,-205
chr12,107645573,107645591,107645744,107645771,1,153
chr12,107720849,107720867,107720854,107720875,1,0
chr12,107937766,107937784,107937774,107937789,1,0
chr12,107977696,107977715,107977705,107977728,1,0
chr12,108645019,108645037,108646352,108646372,1,1315
chr12,108646110,108646128,108646352,108646372,1,224
chr12,109077059,109077077,109245200,109245223,1,168123
chr12,110496016,110496034,110496009,110496026,1,0
chr12,110845908,110845926,110845910,110845959,1,0
chr12,111589087,111589105,111589079,111589096,1,0
chr12,111732499,111732517,111732434,111732469,1,-30
chr12,113074404,113074422,113074223,113074261,1,-143
chr12,113187669,113187687,113075336,113075359,0,-112310
chr12,114990819,114990838,113994778,113994795,0,-996024
chr13,3525319,3525337,3525322,3525356,1,0
chr13,3537134,3537152,3537136,3537166,1,0
chr13,6647994,6648012,6647479,6647508,0,-486
chr13,9440090,9440108,9011727,9011756,0,-428334
chr13,13471419,13471437,13471310,13471333,1,-86
chr13,16869760,16869778,16869717,16869749,1,-11
chr13,19242740,19242758,19242458,19242485,0,-255
chr13,24445802,24445820,24445683,24445728,1,-74
chr13,24602727,24602745,24602805,24602822,1,60
chr13,24614136,24614155,24614145,24614168,1,0
chr13,24639470,24639488,24639761,24639781,1,273
chr13,28417492,28417510,28417261,28417284,0,-208
chr13,30174607,30174625,30174596,30174613,1,0
chr13,30682111,30682129,30747614,30747630,0,65485
chr13,30742590,30742608,30747614,30747630,0,5006
chr13,30913901,30913919,30914055,30914075,0,136
chr13,32211799,32211817,32211714,32211729,1,-70
chr13,32211958,32211976,32211963,32211985,1,0
chr13,34096123,34096141,34096062,34096125,0,0
chr13,37006371,37006389,37007624,37007647,0,1235
chr13,37308182,37308200,37312522,37312537,0,4322
chr13,37751195,37751213,37751480,37751501,0,267
chr13,40922546,40922564,40922731,40922760,0,167
chr13,41249446,41249464,41249498,41249513,0,34
chr13,42050200,42050219,42050212,42050246,1,0
chr13,42293388,42293406,42293048,42293075,1,-313
chr13,43240341,43240359,43240544,43240567,0,185
chr13,43479832,43479850,43479817,43479848,1,0
chr13,46737693,46737711,46737384,46737426,1,-267
chr13,48979212,48979230,48979198,48979218,1,0
chr13,51757419,51757437,51757392,51757417,0,-2
chr13,52862142,52862160,52862174,52862189,0,14
chr13,52862211,52862229,52862174,52862189,1,-22
chr13,52918233,52918251,52914773,52914796,0,-3437
chr13,53377774,53377792,53377779,53377796,1,0
chr13,55444492,55444510,55443963,55443979,1,-513
chr13,55634728,55634746,55640770,55640785,0,6024
chr13,56151673,56151691,56136020,56136040,1,-15633
chr13,56704346,56704365,56507396,56507416,1,-196930
chr13,57866800,57866818,57866809,57866841,1,0
chr13,57867242,57867260,57866809,57866841,0,-401
chr13,58214522,58214540,58214932,58214955,1,392
chr13,59572342,59572360,59572352,59572380,1,0
chr13,59572462,59572480,59572352,59572380,0,-82
chr13,59705062,59705080,59705048,59705068,1,0
chr13,59840975,59840994,59840818,59840853,1,-122
chr13,59841011,59841030,59841172,59841211,1,142
chr13,60322135,60322153,60322186,60322209,1,33
chr13,62470011,62470029,62470076,62470097,0,47
chr13,62470201,62470220,62470304,62470324,1,84
chr13,63141064,63141082,63141293,63141310,0,211
chr13,64370644,64370662,64367465,64367486,0,-3158
chr13,73603665,73603683,73603841,73603861,1,158
chr13,74349926,74349945,74350436,74350459,0,491
chr13,75103032,75103050,75103024,75103045,1,0
chr13,78253418,78253436,78253578,78253607,0,142
chr13,78426794,78426812,78253813,78253836,0,-172958
chr13,81657096,81657114,81658152,81658181,1,1038
chr13,81657460,81657478,81658152,81658181,1,674
chr13,85505727,85505745,85505716,85505733,1,0
chr13,90089956,90089974,89570724,89570739,1,-519217
chr13,91509698,91509716,91509790,91509810,0,74
chr13,91680248,91680266,91680254,91680280,1,0
chr13,92830417,92830435,92830406,92830432,1,0
chr13,93624338,93624356,93624266,93624282,1,-56
chr13,95375466,95375484,95375798,95375815,1,314
chr13,95684974,95684993,95684922,95684938,1,-36
chr13,97138322,97138340,97138295,97138312,1,-10
chr13,97761994,97762012,97899436,97899476,0,137424
chr13,97899615,97899633,97899607,97899624,1,0
chr13,100866680,100866698,100866721,100866744,0,23
chr13,104179233,104179252,104178553,104178577,1,-656
chr13,107056288,107056306,107056269,107056296,1,0
chr13,107831471,107831489,107825901,107825918,0,-5553
chr13,107891542,107891561,107897284,107897299,0,5723
chr13,109842876,109842895,109843179,109843202,0,284
chr13,110829551,110829569,110829537,110829558,1,0
chr13,111179708,111179726,111065179,111065208,1,-114500
chr13,111867407,111867425,111867319,111867335,0,-72
chr13,111936095,111936113,111977726,111977741,1,41613
chr13,112002920,112002939,112002191,112002207,0,-713
chr13,112398170,112398189,112398665,112398682,1,476
chr13,112440402,112440431,112440401,112440416,1,0
chr13,112469852,112469870,112469839,112469875,1,0
chr13,113870370,113870388,113870266,113870312,0,-58
chr13,114151082,114151100,114151579,114151602,1,479
chr13,117048422,117048440,117048589,117048604,1,149
chr13,117209865,117209883,117209856,117209911,1,0
chr13,117210428,117210447,117210240,117210263,1,-165
chr13,117211110,117211128,117211099,117211116,1,0
chr13,117220170,117220188,117220179,117220202,1,0
chr13,117221564,117221582,117221525,117221542,0,-22
chr13,119462895,119462913,119462807,119462862,1,-33
chr14,14042818,14042836,14042904,14042963,0,68
chr14,16677995,16678013,16677982,16678008,1,0
chr14,18238597,18238615,18187131,18187155,0,-51442
chr14,19962326,19962344,19962764,19962787,1,420
chr14,19969491,19969509,19969229,19969244,0,-247
chr14,20546735,20546753,20546694,20546711,0,-24
chr14,21032297,21032315,21078609,21078634,0,46294
chr14,27339426,27339444,27338376,27338395,0,-1031
chr14,29968897,29968915,29967926,29967954,0,-943
chr14,31337155,31337174,31399404,31399431,1,62230
chr14,31661898,31661916,31669630,31669653,1,7714
chr14,34123055,34123073,34122875,34122892,1,-163
chr14,34123120,34123138,34122875,34122892,1,-228
chr14,36952989,36953008,36952955,36952975,0,-14
chr14,39198162,39198180,39198465,39198510,1,285
chr14,40930238,40930256,40930218,40930246,1,0
chr14,44988299,44988318,44988275,44988311,1,0
chr14,45102563,45102581,45102347,45102363,0,-200
chr14,47105533,47105551,47105183,47105235,1,-298
chr14,51892175,51892193,51892116,51892190,1,0
chr14,54216980,54216999,54217043,54217075,1,44
chr14,54222024,54222043,54222081,54222096,0,38
chr14,54617990,54618008,54618154,54618177,0,146
chr14,54641487,54641505,54618757,54618807,1,-22680
chr14,56959097,56959115,56959026,56959058,1,-39
chr14,57408980,57408999,57409139,57409159,0,140
chr14,58073919,58073937,58073775,58073790,1,-129
chr14,60744836,60744854,60744624,60744660,1,-176
chr14,61778883,61778901,61778602,61778622,0,-261
chr14,62762070,62762089,62837302,62837318,0,75213
chr14,64930626,64930644,64930618,64930638,1,0
chr14,64930997,64931015,64931002,64931035,1,0
chr14,66228906,66228924,66228993,66229016,1,69
chr14,66229398,66229416,66229360,66229383,1,-15
chr14,70065647,70065665,70148126,70148168,1,82461
chr14,70284395,70284413,70284432,70284468,1,19
chr14,70798334,70798352,70799100,70799116,0,748
chr14,73088232,73088250,73088300,73088325,1,50
chr14,73088263,73088281,73088300,73088325,1,19
chr14,73389137,73389155,73389033,73389083,1,-54
chr14,73525318,73525337,73525336,73525353,1,0
chr14,73584488,73584506,73584541,73584569,0,35
chr14,74848355,74848373,74847706,74847733,0,-622
chr14,75178570,75178589,75187137,75187152,0,8548
chr14,75445750,75445768,75516335,75516376,0,70567
chr14,78384538,78384556,78357010,78357025,0,-27513
chr14,79326900,79326918,79326939,79326968,1,21
chr14,80908288,80908307,80908072,80908087,0,-201
chr14,82608728,82608746,82608711,82608734,1,0
chr14,84682494,84682512,84682479,84682503,1,0
chr14,84768925,84768943,84768870,84768886,0,-39
chr14,85266487,85266505,85266604,85266637,0,99
chr14,101477925,101477943,101477902,101477925,0,0
chr14,101640912,101640930,101510808,101510837,0,-130075
chr14,103093446,103093464,103093534,103093554,1,70
chr14,103093738,103093756,103093534,103093554,0,-184
chr14,103649779,103649798,103649747,103649762,1,-17
chr14,105296310,105296328,105296280,105296325,1,0
chr14,118982775,118982793,118982933,118982949,0,140
chr14,119007725,119007743,119007761,119007797,1,18
chr14,120274486,120274504,120274424,120274454,0,-32
chr14,120274720,120274738,120274703,120274726,1,0
chr14,121880585,121880603,121880705,121880733,0,102
chr14,121917092,121917110,121915475,121915510,0,-1582
chr15,5237389,5237407,5237103,5237118,0,-271
chr15,5813450,5813468,5813522,5813548,1,54
chr15,5813509,5813531,5813522,5813548,1,0
chr15,6600838,6600856,6600880,6600907,1,24
chr15,6600860,6600878,6600880,6600907,1,2
chr15,8667266,8667284,8667255,8667278,1,0
chr15,8667393,8667411,8667279,8667300,0,-93
chr15,9574514,9574532,9574548,9574574,1,16
chr15,9581026,9581044,9581303,9581333,0,259
chr15,12010879,12010897,12011196,12011230,1,299
chr15,12117173,12117191,12117191,12117206,0,0
chr15,12117231,12117249,12117191,12117206,1,-25
chr15,25227978,25227997,25227575,25227602,0,-376
chr15,25740411,25740429,25817316,25817331,0,76887
chr15,25949153,25949171,25897755,25897778,1,-51375
chr15,27680518,27680536,27680531,27680548,1,0
chr15,27724892,27724910,27725063,27725083,1,153
chr15,27725734,27725752,27725600,27725615,0,-119
chr15,29423001,29423019,29594106,29594128,0,171087
chr15,35529633,35529651,35529429,35529482,1,-151
chr15,36364188,36364206,36364129,36364153,1,-35
chr15,41832642,41832660,41830785,41830802,1,-1840
chr15,43477690,43477708,43812155,43812172,1,334447
chr15,47775399,47775417,47775380,47775410,1,0
chr15,53127801,53127819,53100925,53100948,1,-26853
chr15,53127841,53127859,53100925,53100948,1,-26893
chr15,53157705,53157724,53157697,53157717,1,0
chr15,53328140,53328158,53328067,53328082,0,-58
chr15,55829192,55829211,55828940,55828964,1,-228
chr15,55848448,55848466,55848925,55848972,1,459
chr15,58888488,58888507,58872519,58872546,0,-15942
chr15,59106211,59106229,59081932,59081957,0,-24254
chr15,60102130,60102148,60101824,60101849,0,-281
chr15,61439632,61439651,61439641,61439658,1,0
chr15,61981961,61981979,61981804,61981827,1,-134
chr15,62165366,62165384,62165358,62165378,1,0
chr15,62824203,62824221,62824413,62824436,1,192
chr15,64313342,64313360,64313292,64313316,1,-26
chr15,64313453,64313471,64313292,64313316,1,-137
chr15,66789930,66789949,66789842,66789865,0,-65
chr15,66861280,66861298,66861124,66861144,1,-136
chr15,66861721,66861740,66861597,66861618,1,-103
chr15,70453612,70453630,70453743,70453758,1,113
chr15,70453731,70453749,70453743,70453758,1,0
chr15,71256596,71256614,71256610,71256633,1,0
chr15,73118260,73118278,73140185,73140208,1,21907
chr15,73149828,73149846,73150206,73150273,1,360
chr15,73169401,73169419,73169531,73169579,0,112
chr15,74920835,74920853,74920819,74920848,1,0
chr15,75909405,75909423,75940516,75940537,1,31093
chr15,76317391,76317409,76317322,76317357,0,-34
chr15,77800405,77800423,77805525,77805553,0,5102
chr15,78391052,78391070,78391043,78391059,1,0
chr15,80562249,80562268,80562283,80562299,1,15
chr15,80897235,80897254,80897203,80897248,1,0
chr15,80948747,80948765,80947873,80947918,1,-829
chr15,81045738,81045756,81044117,81044167,1,-1571
chr15,83602623,83602653,83603345,83603390,0,692
chr15,83919639,83919657,83919644,83919661,1,0
chr15,89076005,89076023,89131421,89131445,1,55398
chr15,90224117,90224136,90224119,90224135,0,0
chr15,93959742,93959760,93959732,93959772,1,0
chr15,94493969,94493987,94494137,94494160,1,150
chr15,96566216,96566234,96566196,96566222,1,0
chr15,97246849,97246867,97246830,97246857,1,0
chr15,97246908,97246926,97246920,97246937,1,0
chr15,97356421,97356439,97356412,97356438,1,0
chr15,97362525,97362544,97362512,97362535,1,0
chr15,97429446,97429464,97429538,97429558,1,74
chr15,97463271,97463289,97463298,97463315,0,9
chr15,97467872,97467890,97468144,97468161,0,254
chr15,97836804,97836822,97836685,97836708,1,-96
chr15,99393910,99393928,99393816,99393868,0,-42
chr15,100060773,100060792,100060932,100060972,1,140
chr15,100182196,100182214,100227456,100227477,1,45242
chr15,103258357,103258375,103165553,103165570,1,-92787
chr16,11177652,11177670,11177664,11177679,1,0
chr16,11501135,11501154,11688114,11688129,1,186960
chr16,13027284,13027302,13027303,13027341,0,1
chr16,20611122,20611141,20425790,20425841,0,-185281
chr16,21232862,21232880,21689234,21689263,1,456354
chr16,22466934,22466952,22466857,22466882,0,-52
chr16,23144468,23144486,23144247,23144408,0,-60
chr16,23227498,23227516,23227298,23227313,1,-185
chr16,23989789,23989807,23989826,23989849,0,19
chr16,24212947,24212965,24213316,24213354,1,351
chr16,24213259,24213277,24213316,24213354,1,39
chr16,24539019,24539037,24539315,24539330,1,278
chr16,28775302,28775320,28775581,28775604,1,261
chr16,32062245,32062264,32062030,32062084,1,-161
chr16,32068109,32068127,32067891,32067947,1,-162
chr16,32332018,32332036,32332246,32332262,0,210
chr16,36071011,36071030,36040924,36040940,1,-30071
chr16,36666203,36666222,36666193,36666217,1,0
chr16,37437335,37437353,37437303,37437361,1,0
chr16,37867675,37867694,37867646,37867687,1,0
chr16,38131682,38131701,38131691,38131712,1,0
chr16,41025291,41025309,41025419,41025434,0,110
chr16,44495871,44495889,44363923,44363943,1,-131928
chr16,45025207,45025225,45025500,45025515,0,275
chr16,45223089,45223108,45222944,45222967,0,-122
chr16,45223754,45223772,45224010,45224047,0,238
chr16,45347885,45347903,45347894,45347912,1,0
chr16,46009148,46009166,46009219,46009234,0,53
chr16,46009598,46009617,46009607,46009636,1,0
chr16,46010868,46010887,46010774,46010797,0,-71
chr16,48595185,48595203,48595171,48595188,1,0
chr16,48786323,48786341,48788630,48788645,0,2289
chr16,49937696,49937714,49938083,49938128,0,369
chr16,49938118,49938137,49938083,49938128,1,0
chr16,52056230,52056248,52056312,52056327,1,64
chr16,52143067,52143085,52143047,52143077,1,0
chr16,55838275,55838293,55838277,55838309,1,0
chr16,56030334,56030353,56030356,56030396,1,3
chr16,56076387,56076405,56076432,56076479,0,27
chr16,56932543,56932561,56932546,56932581,1,0
chr16,57585277,57585295,57585184,57585207,0,-70
chr16,64800447,64800465,64800435,64800451,1,0
chr16,64800540,64800558,64800435,64800451,1,-89
chr16,64836106,64836124,64836023,64836046,0,-60
chr16,64836332,64836351,64836376,64836397,1,25
chr16,75903516,75903534,75903177,75903192,1,-324
chr16,85193889,85193907,85193903,85193919,1,0
chr16,89774190,89774209,89774789,89774826,0,580
chr16,89774293,89774312,89774789,89774826,0,477
chr16,90934901,90934920,90935033,90935056,1,113
chr16,91044679,91044697,91073888,91073904,0,29191
chr16,91352170,91352188,91373810,91373851,0,21622
chr16,91461791,91461809,91461959,91461974,1,150
chr16,91466185,91466203,91466185,91466220,1,0
chr16,91484662,91484688,91476313,91476336,1,-8326
chr16,92786587,92786605,92818505,92818544,1,31900
chr16,92825388,92825406,92825556,92825571,1,150
chr16,94332122,94332140,94313186,94313229,1,-18893
chr16,94332383,94332401,94313186,94313229,1,-19154
chr16,94525924,94525942,94525167,94525209,0,-715
chr16,95894174,95894192,95893775,95893795,1,-379
chr16,95901616,95901634,95901736,95901765,0,102
chr16,97262614,97262632,97262542,97262559,0,-55
chr17,3679147,3679165,3679138,3679153,1,0
chr17,3679169,3679187,3679138,3679153,1,-16
chr17,4624134,4624152,4624139,4624156,1,0
chr17,4778597,4778615,4778602,4778619,1,0
chr17,4907113,4907132,4906996,4907024,1,-89
chr17,4907409,4907427,4907352,4907372,1,-37
chr17,4907588,4907606,4907693,4907716,0,87
chr17,5249350,5249368,5249346,5249363,1,0
chr17,5813531,5813549,5813404,5813427,1,-104
chr17,6778467,6778486,6778552,6778575,1,66
chr17,7927767,7927785,7928113,7928128,1,328
chr17,8128309,8128327,8147200,8147221,1,18873
chr17,12623242,12623260,12623225,12623254,1,0
chr17,12915879,12915897,12915747,12915762,1,-117
chr17,16739921,16739939,16739958,16739986,0,19
chr17,24960202,24960220,24961027,24961050,1,807
chr17,29437649,29437667,29429289,29429342,0,-8307
chr17,29494530,29494548,29494535,29494550,1,0
chr17,29769116,29769134,29769600,29769615,0,466
chr17,29973466,29973484,29973449,29973478,1,0
chr17,31011757,31011776,31012288,31012375,0,512
chr17,31295785,31295803,31295407,31295430,1,-355
chr17,32424578,32424596,32402676,32402696,0,-21882
chr17,32536400,32536419,32402676,32402696,0,-133704
chr17,32536478,32536496,32402676,32402696,0,-133782
chr17,33951370,33951388,33908841,33908857,0,-42513
chr17,34171457,34171476,34171468,34171484,1,0
chr17,34589618,34589636,34603625,34603641,0,13989
chr17,35165524,35165543,35185762,35185777,0,20219
chr17,35354208,35354226,35353855,35353872,0,-336
chr17,43699529,43699547,43699532,43699561,1,0
chr17,44328516,44328534,44654374,44654397,1,325840
chr17,45573528,45573546,45619736,45619767,0,46190
chr17,46160884,46160902,46556534,46556551,1,395632
chr17,47923601,47923620,47923418,47923451,0,-150
chr17,48426010,48426028,48425808,48425824,1,-186
chr17,50484220,50484238,50484139,50484155,1,-65
chr17,51735455,51735473,51735596,51735616,0,123
chr17,51880224,51880242,51880266,51880286,0,24
chr17,51893154,51893172,51893128,51893156,1,0
chr17,52150571,52150590,52150576,52150600,1,0
chr17,52449015,52449033,52448967,52448997,0,-18
chr17,56627559,56627577,56585806,56585842,0,-41717
chr17,65929389,65929407,65929350,65929373,0,-16
chr17,66101789,66101807,66101784,66101799,1,0
chr17,66102393,66102411,66102385,66102441,1,0
chr17,67194532,67194551,66123404,66123422,0,-1071110
chr17,69025311,69025329,69025276,69025320,1,0
chr17,69025542,69025560,69025608,69025628,1,48
chr17,70973302,70973320,70973912,70973929,0,592
chr17,72965775,72965794,72966183,72966216,0,389
chr17,73175983,73176001,73175850,73175865,0,-118
chr17,73815070,73815088,73813243,73813264,1,-1806
chr17,74429140,74429158,74429149,74429167,1,0
chr17,77344267,77344285,77344320,77344338,0,35
chr17,83645075,83645093,83646672,83646703,0,1579
chr17,83646978,83646996,83647054,83647071,0,58
chr17,84163165,84163183,84163176,84163192,1,0
chr17,84330796,84330814,84330802,84330822,1,0
chr17,84352141,84352159,84333256,84333276,1,-18865
chr17,85170708,85170726,85170712,85170735,0,0
chr17,86757846,86757865,86757698,86757718,0,-128
chr17,87283322,87283340,87283757,87283777,0,417
chr17,88057846,88057864,88057941,88057964,1,77
chr17,88123939,88123957,88123985,88124027,0,28
chr17,88441505,88441523,88440095,88440125,1,-1380
chr18,5688494,5688513,5688478,5688493,1,-1
chr18,6515453,6515471,6515455,6515483,1,0
chr18,6764890,6764908,6764744,6764760,1,-130
chr18,10726740,10726758,10727204,10727221,1,446
chr18,20958581,20958599,20957302,20957339,1,-1242
chr18,20958928,20958946,20957302,20957339,1,-1589
chr18,31788865,31788883,31788871,31788916,1,0
chr18,32598440,32598458,32598459,32598496,1,1
chr18,32945798,32945817,32945865,32945907,0,48
chr18,32990878,32990896,32979626,32979647,1,-11231
chr18,37814500,37814518,37814753,37814769,0,235
chr18,37815253,37815271,37815212,37815235,1,-18
chr18,38407826,38407844,38407817,38407832,1,0
chr18,38420047,38420065,38419928,38419955,0,-92
chr18,42274924,42274942,42274823,42274844,0,-80
chr18,49091133,49091151,49090981,49091002,0,-131
chr18,49980064,49980083,49979689,49979720,0,-344
chr18,54902886,54902904,54902868,54902898,1,0
chr18,56455630,56455648,56455463,56455506,1,-124
chr18,56469052,56469070,56469057,56469086,1,0
chr18,58784699,58784717,58784747,58784770,1,30
chr18,60952764,60952782,60843987,60844012,1,-108752
chr18,65405526,65405544,65405527,65405543,0,0
chr18,65415526,65415544,65414871,65414896,0,-630
chr18,66321530,66321548,66321341,66321362,0,-168
chr18,67931981,67931999,67934278,67934295,0,2279
chr18,68227658,68227677,68228242,68228259,0,565
chr18,68686961,68686979,68686950,68686974,1,0
chr18,68969277,68969296,68969269,68969284,1,0
chr18,71658434,71658452,71658233,71658248,0,-186
chr18,75277985,75278003,75321866,75321918,1,43863
chr18,75278443,75278461,75321866,75321918,1,43405
chr18,75353991,75354009,75366867,75366890,1,12858
chr18,75367124,75367142,75366867,75366890,0,-234
chr18,75368132,75368150,75368127,75368147,1,0
chr18,75419746,75419764,75419733,75419759,1,0
chr18,79258145,79258163,79258408,79258430,0,245
chr18,79905363,79905381,79905376,79905391,1,0
chr18,80200848,80200866,80200813,80200830,1,-18
chr18,80718540,80718558,80718613,80718636,0,55
chr18,81568664,81568682,81429799,81429815,0,-138849
chr18,82511855,82511873,82511775,82511806,1,-49
chr18,82765654,82765673,82765608,82765658,0,0
chr18,84951508,84951526,84874177,84874197,0,-77311
chr19,3325343,3325361,3325280,3325295,1,-48
chr19,3890405,3890423,3890402,3890417,1,0
chr19,4052250,4052268,4052288,4052303,0,20
chr19,4145129,4145147,4145135,4145164,1,0
chr19,5877852,5877870,5877952,5877967,0,82
chr19,6126535,6126554,6126527,6126542,1,0
chr19,8770930,8770949,8758024,8758039,1,-12891
chr19,8819197,8819216,8819116,8819139,1,-58
chr19,8898703,8898721,8888723,8888746,0,-9957
chr19,9054828,9054846,9054786,9054801,0,-27
chr19,9939050,9939068,9916254,9916384,1,-22666
chr19,10556066,10556085,10606214,10606237,0,50129
chr19,10732039,10732057,10732004,10732020,0,-19
chr19,10739745,10739763,10739901,10739917,1,138
chr19,10740289,10740307,10740116,10740140,1,-149
chr19,10777175,10777193,10777311,10777327,0,118
chr19,11435990,11436008,11436109,11436133,0,101
chr19,11485107,11485125,11485141,11485161,0,16
chr19,11497013,11497031,11497125,11497184,0,94
chr19,11505572,11505590,11505454,11505475,0,-97
chr19,11518322,11518341,11518313,11518328,1,0
chr19,11533971,11533989,11534108,11534125,1,119
chr19,14588132,14588150,14588062,14588087,0,-45
chr19,16231588,16231606,16231378,16231394,0,-194
chr19,18618973,18618992,18619048,18619089,1,56
chr19,21737389,21737407,21737874,21737891,0,467
chr19,28009938,28009956,28009940,28009965,1,0
chr19,28677659,28677677,28677409,28677424,0,-235
chr19,29210410,29210428,29194568,29194602,1,-15808
chr19,30043768,30043786,30043750,30043794,1,0
chr19,31210792,31210811,31210802,31210830,1,0
chr19,32123213,32123231,32123202,32123225,1,0
chr19,32197252,32197270,32197112,32197153,1,-99
chr19,32937060,32937079,33053349,33053365,0,116270
chr19,34288880,34288898,34288758,34288787,0,-93
chr19,34307353,34307371,34306653,34306673,1,-680
chr19,36834986,36835004,36834972,36834997,1,0
chr19,36996196,36996215,36996008,36996036,1,-160
chr19,37376786,37376804,37376846,37376869,0,42
chr19,40589648,40589666,40589654,40589675,1,0
chr19,46620090,46620108,46613063,46613102,1,-6988
chr19,47538893,47538911,47488150,47488165,1,-50728
chr19,47795224,47795242,47795184,47795216,0,-8
chr19,48576214,48576232,48576262,48576303,1,30
chr19,51178613,51178631,51178654,51178673,1,23
chr19,51178950,51178968,51178962,51178985,1,0
chr19,53460451,53460469,53460459,53460480,1,0
chr19,57095777,57095796,57095377,57095418,1,-359
chr19,57119652,57119670,57119310,57119330,0,-322
chr19,57356894,57356912,57355785,57355820,0,-1074
chr19,59315276,59315294,59315364,59315384,1,70
chr19,60756833,60756851,60755710,60755744,0,-1089
chr2,3728103,3728121,3731041,3731078,0,2920
chr2,4652555,4652573,4652481,4652498,0,-57
chr2,5950714,5950732,6021653,6021669,1,70921
chr2,6021884,6021903,6021979,6021999,0,76
chr2,8896900,8896918,9116751,9116768,1,219833
chr2,9520663,9520681,9520415,9520430,0,-233
chr2,9593876,9593894,9594076,9594099,0,182
chr2,9681455,9681473,9681545,9681568,1,72
chr2,11161648,11161667,11161565,11161603,0,-45
chr2,11635451,11635469,11635124,11635153,0,-298
chr2,11653133,11653151,11653273,11653289,1,122
chr2,13558558,13558576,13558485,13558501,0,-57
chr2,13794407,13794426,13792403,13792439,0,-1968
chr2,15055843,15055861,15056029,15056045,1,168
chr2,18065183,18065202,18063671,18063688,1,-1495
chr2,18958053,18958072,18957893,18957921,0,-132
chr2,22784366,22784385,22784385,22784422,0,0
chr2,25535006,25535025,25535114,25535130,1,89
chr2,26352165,26352183,26352199,26352220,0,16
chr2,27404414,27404432,27539727,27539778,1,135295
chr2,29629253,29629271,29629207,29629230,1,-23
chr2,29936011,29936029,29935935,29935991,0,-20
chr2,30129098,30129117,30129104,30129119,1,0
chr2,30547641,30547659,30547393,30547410,1,-231
chr2,31088531,31088549,31088491,31088515,0,-16
chr2,31108375,31108393,31108628,31108651,1,235
chr2,32151653,32151671,32151694,32151729,0,23
chr2,32495859,32495878,32495865,32495880,1,0
chr2,35169001,35169030,35169126,35169141,1,96
chr2,35169230,35169248,35169126,35169141,0,-89
chr2,35201390,35201408,35169126,35169141,0,-32249
chr2,38512041,38512059,38118419,38118439,0,-393602
chr2,43737852,43737871,43737842,43737865,1,0
chr2,44923263,44923281,44923523,44923553,0,242
chr2,47418462,47418480,47418474,47418523,1,0
chr2,48477070,48477088,48477005,48477028,0,-42
chr2,52224305,52224323,52223829,52223867,1,-438
chr2,57117928,57117946,57117956,57117971,0,10
chr2,58140624,58140643,58140868,58140899,1,225
chr2,58179820,58179838,58179756,58179779,0,-41
chr2,59469387,59469405,59469338,59469359,1,-28
chr2,60256624,60256642,60256563,60256578,1,-46
chr2,60774997,60775015,60775009,60775026,1,0
chr2,61483843,61483861,61484209,61484243,1,348
chr2,62352166,62352184,62352126,62352141,1,-25
chr2,65001232,65001250,65181131,65181146,0,179881
chr2,65347494,65347513,65347651,65347674,0,138
chr2,68289189,68289207,68382575,68382595,1,93368
chr2,69885006,69885024,69885010,69885048,1,0
chr2,70836043,70836061,70836050,70836070,1,0
chr2,72114078,72114097,72114550,72114573,0,453
chr2,72144908,72144926,72145144,72145199,1,218
chr2,73385463,73385481,73385447,73385462,0,-1
chr2,73484507,73484525,73484514,73484529,1,0
chr2,73716272,73716290,73716600,73716623,1,310
chr2,73775885,73775903,73775860,73775875,1,-10
chr2,73856396,73856414,73856404,73856441,1,0
chr2,75073224,75073243,75073290,75073305,0,47
chr2,78960865,78960884,78960629,78960658,0,-207
chr2,79010147,79010166,79005344,79005368,0,-4779
chr2,79248623,79248641,79248693,79248718,0,52
chr2,79270564,79270582,79254522,79254581,0,-15983
chr2,85036922,85036940,85036934,85036951,1,0
chr2,89017048,89017066,89017125,89017141,0,59
chr2,91954093,91954111,91954083,91954098,1,0
chr2,92255483,92255501,92255497,92255513,1,0
chr2,92442915,92442933,92442955,92443098,0,22
chr2,93186887,93186905,93187146,93187169,0,241
chr2,93454739,93454758,93454159,93454200,0,-539
chr2,101756818,101756836,101756504,101756524,0,-294
chr2,102896072,102896090,102895951,102896041,1,-31
chr2,103012822,103012840,103013109,103013158,1,269
chr2,103652782,103652800,103652854,103652878,0,54
chr2,104455366,104455384,104455603,104455622,1,219
chr2,112238718,112238736,112238884,112238905,1,148
chr2,112284888,112284906,112266564,112266596,1,-18292
chr2,117433345,117433363,117417561,117417584,1,-15761
chr2,118479981,118480000,118480039,118480063,1,39
chr2,119046932,119046951,119046604,119046627,0,-305
chr2,119239357,119239375,119239362,119239407,1,0
chr2,119239404,119239422,119239362,119239407,0,0
chr2,122028167,122028185,122180454,122180492,1,152269
chr2,122652295,122652313,122630383,122630417,1,-21878
chr2,124695900,124695918,124695883,124695906,1,0
chr2,125859341,125859359,125859537,125859554,0,178
chr2,126597640,126597659,126636754,126636777,1,39095
chr2,126673313,126673332,126673198,126673213,1,-100
chr2,127208830,127208848,127207856,127207918,1,-912
chr2,127252388,127252406,127252397,127252414,1,0
chr2,127927915,127927933,127928128,127928145,1,195
chr2,128128129,128128147,128127224,128127244,1,-885
chr2,128158541,128158560,128158658,128158707,0,98
chr2,128393056,128393074,128393091,128393120,1,17
chr2,128395750,128395768,128395795,128395816,1,27
chr2,128422740,128422759,128396512,128396541,0,-26199
chr2,133393103,133393121,133392841,133392870,1,-233
chr2,143916613,143916631,143914535,143914565,0,-2048
chr2,144369473,144369491,144555721,144555744,1,186230
chr2,144600393,144600411,144555721,144555744,0,-44649
chr2,147860701,147860719,147860505,147860542,1,-159
chr2,147861201,147861219,147861180,147861197,1,-4
chr2,150136359,150136377,150307169,150307196,0,170792
chr2,152775576,152775594,152775657,152775691,0,63
chr2,152775613,152775631,152775657,152775691,0,26
chr2,152848486,152848504,152848516,152848536,0,12
chr2,153345169,153345187,153345773,153345794,0,586
chr2,153350957,153350975,153351502,153351542,0,527
chr2,154658252,154658270,154658362,154658379,1,92
chr2,155079498,155079516,155079667,155079687,1,151
chr2,155553307,155553325,155552867,155552899,0,-408
chr2,157119331,157119349,157119540,157119566,1,191
chr2,161109786,161109804,161108960,161108975,0,-811
chr2,161512130,161512148,161108960,161108975,0,-403155
chr2,164544682,164544700,164545026,164545043,0,326
chr2,166031729,166031748,166031797,166031812,0,49
chr2,168229696,168229715,168229705,168229726,1,0
chr2,173077051,173077069,173077046,173077063,1,0
chr2,173452168,173452186,173462734,173462759,1,10548
chr2,173583389,173583407,173583401,173583416,1,0
chr2,178941102,178941120,179977244,179977263,0,1036124
chr2,181319499,181319517,181319507,181319528,1,0
chr3,8665329,8665347,8665332,8665364,1,0
chr3,8667868,8667886,8667963,8668004,0,77
chr3,9677319,9677337,9677325,9677348,1,0
chr3,9984027,9984045,9984038,9984065,1,0
chr3,10703766,10703784,10703677,10703717,1,-49
chr3,16184843,16184861,16184839,16184862,1,0
chr3,19258644,19258662,19258602,19258625,0,-19
chr3,19258921,19258939,19258957,19258975,1,18
chr3,20142146,20142164,20142129,20142144,0,-2
chr3,20142535,20142554,20142772,20142792,1,218
chr3,20222828,20222846,20222857,20222882,0,11
chr3,21953275,21953293,21953748,21953805,1,455
chr3,21965639,21965657,21965801,21965824,1,144
chr3,22116348,22116366,22143175,22143202,0,26809
chr3,27154103,27154122,27154083,27154106,1,0
chr3,27921065,27921083,27921037,27921064,0,-1
chr3,30378141,30378159,30600340,30600357,1,222181
chr3,30601189,30601207,30601154,30601169,1,-20
chr3,31056943,31056961,31056952,31056985,1,0
chr3,31096489,31096507,31096441,31096458,1,-31
chr3,33956500,33956518,33956623,33956640,1,105
chr3,37724164,37724182,37724559,37724574,0,377
chr3,37753541,37753559,37753431,37753457,1,-84
chr3,51339925,51339943,51339909,51339937,1,0
chr3,51342953,51342971,51342305,51342328,0,-625
chr3,52262760,52262779,52262777,52262804,1,0
chr3,52499197,52499215,52499202,52499218,1,0
chr3,52878024,52878042,52878697,52878720,0,655
chr3,59230115,59230133,59230128,59230177,1,0
chr3,59702799,59702817,59702629,59702652,1,-147
chr3,59744155,59744174,59744649,59744664,1,475
chr3,60414006,60414024,60414080,60414135,0,56
chr3,60474573,60474591,60474857,60474894,0,266
chr3,60495775,60495793,60495811,60495831,1,18
chr3,60503738,60503757,60503728,60503811,0,0
chr3,61123206,61123224,61123315,61123331,1,91
chr3,63976009,63976027,63975824,63975878,0,-131
chr3,65961813,65961831,65961964,65961987,0,133
chr3,65962064,65962082,65961964,65961987,1,-77
chr3,65975605,65975623,65975597,65975617,1,0
chr3,68794437,68794455,68794192,68794221,1,-216
chr3,69481952,69481971,69481738,69481770,1,-182
chr3,70930719,70930737,69482192,69482215,1,-1448504
chr3,79274907,79274925,79274912,79274929,1,0
chr3,84956881,84956900,84956806,84956898,1,0
chr3,86845546,86845564,86845496,86845511,0,-35
chr3,88510242,88510260,88510677,88510700,1,417
chr3,91637867,91637885,91637679,91637695,0,-172
chr3,91696265,91696283,91638106,91638122,1,-58143
chr3,91779741,91779759,91779375,91779390,1,-351
chr3,91905105,91905123,91905564,91905598,0,441
chr3,95972384,95972402,95972275,95972317,0,-67
chr3,96557028,96557047,96556981,96557022,1,-6
chr3,100688138,100688156,100688140,100688165,1,0
chr3,103377685,103377703,103377386,103377418,1,-267
chr3,103753160,103753178,103753248,103753349,0,70
chr3,103753858,103753876,103753834,103753861,1,0
chr3,103781022,103781040,103780919,103780948,0,-74
chr3,103809932,103809950,103802655,103802696,0,-7236
chr3,103863232,103863250,103863207,103863247,1,0
chr3,103887903,103887922,103887708,103887735,0,-168
chr3,107037098,107037116,107038506,107038532,0,1390
chr3,107206244,107206263,107206237,107206258,1,0
chr3,115971487,115971505,115971583,115971599,1,78
chr3,115972688,115972706,115972868,115972889,0,162
chr3,116279245,116279263,116327287,116327304,1,48024
chr3,116327423,116327441,116327287,116327304,0,-119
chr3,119766072,119766090,119766058,119766082,1,0
chr3,121639855,121639873,121639299,121639320,0,-535
chr3,126597808,126597827,126589733,126589754,0,-8054
chr3,129554314,129554332,129554283,129554306,1,-8
chr3,129987142,129987160,129987145,129987174,1,0
chr3,130902370,130902388,130902360,130902383,1,0
chr3,130946679,130946697,130936867,130936951,1,-9728
chr3,131057673,131057691,131057279,131057350,1,-323
chr3,131114336,131114354,131114377,131114402,1,23
chr3,131140295,131140313,131139679,131139694,0,-601
chr3,132125575,132125593,132125534,132125550,1,-25
chr3,135692321,135692340,135690385,135690412,1,-1909
chr3,136044155,136044173,136044143,136044176,1,0
chr3,138474228,138474246,138474260,138474283,1,14
chr3,138474810,138474828,138474815,138474832,1,0
chr3,138854818,138854836,138854917,138854947,0,81
chr3,142493991,142494010,142493903,142493920,0,-71
chr3,142563138,142563157,142563152,142563168,1,0
chr3,142618875,142618893,142618871,142618891,1,0
chr3,142619864,142619882,142619913,142619976,1,31
chr3,152941931,152941949,152942292,152942307,0,343
chr3,153591704,153591722,153591485,153591501,1,-203
chr3,156878317,156878335,156878303,156878323,1,0
chr4,6803916,6803934,6803755,6803778,1,-138
chr4,6817247,6817265,6803755,6803778,1,-13469
chr4,6931121,6931139,6931152,6931171,1,13
chr4,8649826,8649844,8649776,8649792,0,-34
chr4,8926298,8926316,8926429,8926449,1,113
chr4,11146743,11146761,11146625,11146650,0,-93
chr4,11404644,11404662,11404656,11404673,1,0
chr4,13519319,13519337,13519292,13519351,1,0
chr4,13519734,13519752,13519730,13519747,1,0
chr4,15986708,15986727,15986700,15986716,1,0
chr4,19574999,19575017,19574875,19574952,0,-47
chr4,19697036,19697054,19697124,19697147,1,70
chr4,21727228,21727246,21727133,21727155,0,-73
chr4,23404126,23404144,23404217,23404234,0,73
chr4,32163963,32163981,32164821,32164836,1,840
chr4,32249864,32249882,32249449,32249487,1,-377
chr4,32342600,32342619,32342613,32342634,1,0
chr4,40239354,40239372,40218724,40218744,1,-20610
chr4,40876414,40876432,40876300,40876361,1,-53
chr4,41774326,41774344,41124741,41124758,1,-649568
chr4,42961826,42961844,42962025,42962049,1,181
chr4,43026050,43026068,43026039,43026056,1,0
chr4,44271436,44271454,44271127,44271142,0,-294
chr4,44973836,44973854,45011428,45011454,1,37574
chr4,48012823,48012841,48012462,48012485,1,-338
chr4,59167989,59168007,59167118,59167142,1,-847
chr4,59528490,59528508,59528327,59528342,0,-148
chr4,62505798,62505816,62505618,62505634,1,-164
chr4,62695869,62695887,62695881,62695904,1,0
chr4,84305164,84305182,84305403,84305418,0,221
chr4,84305206,84305224,84305403,84305418,0,179
chr4,84305576,84305594,84305440,84305460,1,-116
chr4,88867617,88867636,88867820,88867845,1,184
chr4,92560303,92560321,92560230,92560263,0,-40
chr4,95050364,95050382,95050209,95050235,1,-129
chr4,98436673,98436691,98436559,98436582,0,-91
chr4,98436724,98436743,98436559,98436582,0,-142
chr4,98436775,98436794,98436559,98436582,0,-193
chr4,99829656,99829675,100269850,100269870,1,440175
chr4,101186015,101186033,101185903,101185920,0,-95
chr4,101213387,101213405,101213393,101213416,1,0
chr4,101217352,101217371,101217361,101217408,1,0
chr4,102517173,102517191,102516907,102516957,1,-216
chr4,102682366,102682384,102574152,102574187,1,-108179
chr4,102990323,102990341,102990451,102990474,1,110
chr4,103169582,103169600,103169588,103169616,1,0
chr4,103313580,103313598,103215641,103215689,1,-97891
chr4,103803464,103803482,103803895,103803918,1,413
chr4,106787866,106787884,106794143,106794158,0,6259
chr4,108071633,108071652,108071783,108071811,1,131
chr4,108999926,108999944,108999923,108999960,1,0
chr4,109202263,109202281,109137945,109137961,1,-64302
chr4,109280392,109280410,109279948,109279964,1,-428
chr4,109670841,109670859,109670837,109670868,1,0
chr4,116626739,116626757,116626735,116626758,0,0
chr4,116703966,116703984,116720407,116720422,0,16423
chr4,118409055,118409073,118408970,118409000,0,-55
chr4,120793654,120793673,120793466,120793489,0,-165
chr4,120925506,120925524,120925477,120925504,1,-2
chr4,122934316,122934335,122933824,122933847,0,-469
chr4,123571934,123571952,123572526,123572543,1,574
chr4,127022511,127022529,127061290,127061346,0,38761
chr4,128735516,128735534,128711662,128711687,1,-23829
chr4,129249663,129249681,129249643,129249676,1,0
chr4,129570652,129570670,129570643,129570663,1,0
chr4,129641604,129641622,129641577,129641613,1,0
chr4,129828190,129828208,129828368,129828396,0,160
chr4,130899940,130899958,130902670,130902708,0,2712
chr4,132353733,132353752,132353856,132353879,1,104
chr4,132659280,132659299,132659673,132659726,0,374
chr4,133182631,133182650,133182636,133182659,1,0
chr4,133250878,133250896,133278074,133278094,1,27178
chr4,133278062,133278080,133278074,133278094,1,0
chr4,133278405,133278423,133278394,133278417,1,0
chr4,133707360,133707379,133707399,133707416,1,20
chr4,133836954,133836972,133836889,133836961,1,0
chr4,135240826,135240844,135240740,135240755,0,-71
chr4,135855554,135855572,135855495,135855526,0,-28
chr4,136081417,136081435,136089123,136089140,1,7688
chr4,136089829,136089847,136089323,136089343,1,-486
chr4,137367807,137367825,137367811,137367857,1,0
chr4,137388755,137388774,137388739,137388754,1,-1
chr4,138914335,138914353,138914071,138914088,1,-247
chr4,139289526,139289544,139352270,139352290,0,62726
chr4,140601363,140601381,140699385,140699406,1,98004
chr4,147941634,147941653,147940635,147940658,0,-976
chr4,149137843,149137861,149137860,149137877,1,0
chr4,149658330,149658349,149663927,149663964,1,5578
chr4,149658538,149658556,149663927,149663964,1,5371
chr4,150545244,150545262,150545071,150545094,1,-150
chr4,150565743,150565761,150566219,150566239,0,458
chr4,150809394,150809412,150808934,150808954,1,-440
chr4,150915463,150915481,150915455,150915478,1,0
chr4,155197869,155197887,155197874,155197897,1,0
chr4,155245883,155245901,155245798,155245836,0,-47
chr4,155831493,155831511,155831101,155831122,0,-371
chr5,3670100,3670119,3669957,3669990,1,-110
chr5,8676215,8676233,8676204,8676231,1,0
chr5,18746398,18746416,18746188,18746229,0,-169
chr5,23386607,23386625,23386660,23386675,0,35
chr5,23387410,23387428,23386660,23386675,1,-735
chr5,25478991,25479009,25478977,25478996,1,0
chr5,28647572,28647590,28647577,28647611,1,0
chr5,31516818,31516836,31516537,31516572,1,-246
chr5,37066880,37066898,37067398,37067424,0,500
chr5,39048402,39048420,39048414,39048432,1,0
chr5,40017647,40017665,40017656,40017679,1,0
chr5,44862095,44862113,44862246,44862276,0,133
chr5,45668662,45668681,45668651,45668695,1,0
chr5,45729570,45729588,45729587,45729607,0,0
chr5,45730141,45730159,45730163,45730186,0,4
chr5,50071873,50071891,50071876,50071926,1,0
chr5,52189705,52189724,52189507,52189524,0,-181
chr5,52190912,52190930,52190835,52190858,0,-54
chr5,54100774,54100792,54100937,54100957,0,145
chr5,57706313,57706331,57706294,57706340,1,0
chr5,62745528,62745546,62745596,62745611,0,50
chr5,62816328,62816346,62815891,62815906,0,-422
chr5,62854405,62854424,62854358,62854380,1,-25
chr5,64161182,64161200,64161103,64161126,1,-56
chr5,64684081,64684099,64684344,64684361,0,245
chr5,64806077,64806095,64803858,64803878,1,-2199
chr5,65795486,65795504,65765467,65765487,1,-29999
chr5,65856998,65857016,65857097,65857121,0,81
chr5,70670432,70670450,70670440,70670456,1,0
chr5,72161155,72161173,72161185,72161206,1,12
chr5,72178726,72178744,72178845,72178868,0,101
chr5,72204649,72204668,72204664,72204696,1,0
chr5,72812001,72812020,72811895,72811927,1,-74
chr5,72869073,72869091,72868907,72868923,1,-150
chr5,73134059,73134078,73133725,73133746,1,-313
chr5,73286725,73286744,73286796,73286817,1,52
chr5,73586162,73586180,73586723,73586738,1,543
chr5,77070219,77070237,77070139,77070168,1,-51
chr5,86004543,86004561,86004295,86004320,0,-223
chr5,88553693,88553712,88553959,88553979,1,247
chr5,88897626,88897644,88897900,88897915,1,256
chr5,103519227,103519250,103519688,103519744,0,438
chr5,103755056,103755074,103754753,103754768,1,-288
chr5,104572125,104572143,104572029,104572053,1,-72
chr5,105292431,105292449,105292363,105292387,1,-44
chr5,105520403,105520421,105518252,105518272,1,-2131
chr5,105642391,105642410,105642370,105642399,1,0
chr5,107264967,107264985,107264975,107265026,1,0
chr5,107960756,107960774,107961239,107961255,1,465
chr5,109557853,109557872,109558627,109558644,1,755
chr5,110881309,110881327,110881290,110881317,1,0
chr5,112273752,112273771,112273672,112273724,0,-28
chr5,112287422,112287440,112287450,112287467,1,10
chr5,113772241,113772259,113773699,113773722,0,1440
chr5,113842325,113842343,113842328,113842357,1,0
chr5,114505451,114505469,114505590,114505613,1,121
chr5,114897359,114897378,114896677,114896735,0,-624
chr5,115490486,115490504,115490440,115490469,1,-17
chr5,115490564,115490582,115490602,115490617,0,20
chr5,122131643,122131661,122131649,122131664,1,0
chr5,122228564,122228582,122228544,122228577,1,0
chr5,122289139,122289157,122289081,122289122,1,-17
chr5,122698585,122698603,122698714,122698747,1,111
chr5,123133738,123133756,123133860,123133883,0,104
chr5,124036920,124036938,124036430,124036453,1,-467
chr5,124628745,124628763,124628756,124628779,1,0
chr5,124944682,124944700,124944668,124944691,1,0
chr5,125466097,125466115,125466117,125466138,1,2
chr5,125466152,125466170,125466164,125466181,1,0
chr5,127617525,127617543,127617750,127617793,1,207
chr5,129887698,129887716,129887684,129887709,1,0
chr5,134236650,134236668,134236639,134236655,1,0
chr5,135115494,135115512,135134393,135134424,1,18881
chr5,138116575,138116594,138116734,138116761,1,140
chr5,140322331,140322349,140322294,140322337,1,0
chr5,140505647,140505665,140505111,140505145,1,-502
chr5,148501235,148501254,148501502,148501517,0,248
chr5,148501325,148501343,148501502,148501517,0,159
chr5,150223730,150223748,150118284,150118346,0,-105384
chr6,8512657,8512675,8511440,8511455,1,-1202
chr6,8512992,8513011,8511440,8511455,1,-1537
chr6,8735174,8735193,8735208,8735243,1,15
chr6,8735502,8735520,8735484,8735499,0,-3
chr6,13070174,13070192,13070456,13070476,1,264
chr6,15728452,15728470,15728464,15728487,1,0
chr6,24530275,24530294,24530155,24530180,0,-95
chr6,30301084,30301102,30299938,30299972,0,-1112
chr6,30336843,30336861,30337458,30337504,0,597
chr6,30337663,30337681,30337648,30337665,1,0
chr6,31489992,31490010,31400104,31400127,1,-89865
chr6,33307349,33307367,33307338,33307388,1,0
chr6,37054468,37054486,37054524,37054541,0,38
chr6,37054944,37054962,37054956,37054985,1,0
chr6,37607183,37607201,37607023,37607046,0,-137
chr6,41151156,41151174,41151129,41151165,1,0
chr6,41216328,41216346,41216341,41216361,1,0
chr6,41554280,41554298,41553678,41553695,1,-585
chr6,47350056,47350074,47350061,47350146,1,0
chr6,47789052,47789070,47788654,47788681,0,-371
chr6,48546631,48546649,48546462,48546477,0,-154
chr6,48700486,48700504,48700472,48700500,1,0
chr6,48718532,48718551,48726253,48726268,1,7702
chr6,50455524,50455542,50417336,50417385,1,-38139
chr6,53700027,53700045,53700053,53700074,0,8
chr6,54229036,54229054,54229037,54229072,1,0
chr6,54737470,54737489,54738132,54738147,1,643
chr6,56703977,56703995,56703889,56703912,1,-65
chr6,56705021,56705040,56703889,56703912,1,-1109
chr6,58759017,58759035,58831080,58831130,1,72045
chr6,58832302,58832320,58832367,58832384,0,47
chr6,59013960,59013978,59013967,59013987,1,0
chr6,70805183,70805202,70805160,70805199,1,0
chr6,70824571,70824589,70824540,70824563,0,-8
chr6,71831583,71831602,71831978,71831998,0,376
chr6,82921613,82921632,82921713,82921736,0,81
chr6,82996952,82996971,82997052,82997067,0,81
chr6,82997062,82997080,82997052,82997067,1,0
chr6,83457189,83457207,83441439,83441463,1,-15726
chr6,83457323,83457341,83441439,83441463,1,-15860
chr6,83506749,83506768,83506366,83506389,1,-360
chr6,87502932,87502950,87503013,87503036,1,63
chr6,87534989,87535008,87535639,87535660,0,631
chr6,87829852,87829870,87829838,87829861,1,0
chr6,88419616,88419634,88419672,88419695,1,38
chr6,94672909,94672927,94672917,94672935,1,0
chr6,95971966,95971984,95971926,95971946,1,-20
chr6,97148347,97148365,97178377,97178394,1,30012
chr6,98085305,98085323,98085317,98085337,1,0
chr6,99013138,99013156,99013428,99013457,1,272
chr6,99261638,99261657,99261622,99261670,1,0
chr6,99266580,99266599,99266525,99266545,0,-35
chr6,99328227,99328245,99328423,99328446,0,178
chr6,99374636,99374655,99374747,99374767,0,92
chr6,99380206,99380224,99380219,99380234,1,0
chr6,99394681,99394699,99394496,99394516,0,-165
chr6,99397832,99397850,99397624,99397645,0,-187
chr6,99397914,99397932,99397624,99397645,0,-269
chr6,108098687,108098705,108098553,108098597,0,-90
chr6,108549432,108549451,108553262,108553285,0,3811
chr6,108657540,108657558,108657549,108657566,1,0
chr6,114921022,114921040,114921028,114921064,1,0
chr6,115365604,115365622,115365419,115365440,1,-164
chr6,115538816,115538835,115601565,115601588,1,62730
chr6,115852778,115852797,115852616,115852633,1,-145
chr6,118455689,118455708,118454913,118454962,0,-727
chr6,119482055,119482073,119482039,119482070,1,0
chr6,119635439,119635457,119635388,119635414,0,-25
chr6,120467149,120467167,120466797,120466832,1,-317
chr6,121130854,121130872,121130646,121130666,0,-188
chr6,124740458,124740476,124741190,124741205,0,714
chr6,125222647,125222665,125222525,125222548,1,-99
chr6,125237614,125237632,125237352,125237375,0,-239
chr6,125572953,125572971,125572939,125572965,1,0
chr6,129260186,129260205,129259978,129260006,1,-180
chr6,129283624,129283642,129283141,129283161,0,-463
chr6,129284273,129284291,129284114,129284153,1,-120
chr6,129306671,129306690,129307016,129307045,1,326
chr6,129306873,129306891,129307016,129307045,1,125
chr6,134898638,134898656,134898264,134898313,0,-325
chr6,135417839,135417857,135364614,135364631,0,-53208
chr6,136450403,136450422,136450014,136450037,1,-366
chr6,136828508,136828526,136804621,136804641,1,-23867
chr6,136930585,136930603,136931254,136931277,0,651
chr6,136947210,136947229,136947234,136947251,0,5
chr6,137456675,137456693,137456667,137456684,1,0
chr6,137735891,137735909,137456667,137456684,1,-279207
chr6,140709143,140709161,140709148,140709202,1,0
chr6,140709235,140709253,140709148,140709202,0,-33
chr6,142867470,142867488,142867459,142867483,1,0
chr6,142885645,142885663,142885616,142885636,1,-9
chr6,142942121,142942139,142942213,142942236,1,74
chr6,143957204,143957223,143868203,143868218,0,-88986
chr6,146636439,146636457,146636419,146636452,1,0
chr6,147476284,147476303,147475675,147475692,1,-592
chr6,149193710,149193729,149188435,149188455,1,-5255
chr7,4685153,4685171,4685650,4685671,0,479
chr7,6283467,6283485,6283252,6283272,1,-195
chr7,12992168,12992186,12992434,12992449,0,248
chr7,15922289,15922307,16045924,16045939,1,123617
chr7,16406112,16406130,16400731,16400746,0,-5366
chr7,16682594,16682612,16681846,16681861,0,-733
chr7,25281524,25281542,25205887,25205913,0,-75611
chr7,25680793,25680811,25681145,25681162,0,334
chr7,25774927,25774945,25781189,25781230,0,6244
chr7,27167082,27167100,27167268,27167285,1,168
chr7,27472381,27472399,27472352,27472435,1,0
chr7,27473048,27473066,27473073,27473112,1,7
chr7,27591422,27591440,27591476,27591504,1,36
chr7,27933622,27933640,28169199,28169237,1,235559
chr7,30170398,30170416,30170309,30170332,1,-66
chr7,30609140,30609158,30609175,30609198,0,17
chr7,30887696,30887714,30955636,30955659,1,67922
chr7,35232536,35232555,35232566,35232589,1,11
chr7,35232649,35232667,35232566,35232589,0,-60
chr7,40966012,40966030,40965971,40966025,1,0
chr7,41632341,41632359,41632353,41632368,1,0
chr7,41633091,41633109,41632387,41632403,0,-688
chr7,47111830,47111848,47111822,47111839,1,0
chr7,48909075,48909093,48909227,48909286,1,134
chr7,48916416,48916434,48909227,48909286,0,-7130
chr7,59293400,59293418,58712435,58712452,0,-580948
chr7,64042898,64042916,64043323,64043338,0,407
chr7,64391792,64391810,64392452,64392475,0,642
chr7,67950189,67950207,67950106,67950126,1,-63
chr7,67950290,67950309,67950346,67950369,0,37
chr7,73556254,73556272,73556226,73556249,0,-5
chr7,73593124,73593142,73593089,73593137,1,0
chr7,75385252,75385270,75385244,75385261,1,0
chr7,75399340,75399358,75399486,75399509,1,128
chr7,75576143,75576162,75576135,75576155,1,0
chr7,75586825,75586843,75586946,75586963,1,103
chr7,76237705,76237723,76237839,76237873,1,116
chr7,80404049,80404067,80416948,80416972,1,12881
chr7,83655638,83655657,83655886,83655915,0,229
chr7,84689417,84689436,84689234,84689254,1,-163
chr7,97748876,97748894,97748811,97748890,1,0
chr7,99862995,99863013,99863000,99863023,1,0
chr7,99889686,99889704,99863158,99863179,0,-26507
chr7,101600572,101600590,101600330,101600350,1,-222
chr7,102322487,102322506,102322243,102322266,1,-221
chr7,102322779,102322797,102322792,102322809,1,0
chr7,104291084,104291102,104291115,104291146,0,13
chr7,105399270,105399288,105399269,105399341,0,0
chr7,109987126,109987144,109987054,109987091,1,-35
chr7,110636422,110636440,110636468,110636484,1,28
chr7,112179980,112179998,112180164,112180200,1,166
chr7,112180222,112180240,112180164,112180200,0,-22
chr7,113372560,113372578,113372552,113372569,1,0
chr7,114094588,114094606,114094312,114094333,0,-255
chr7,114146463,114146481,114146445,114146460,1,-3
chr7,114479926,114479945,114479944,114479959,0,0
chr7,117486675,117486693,117429443,117429539,1,-57136
chr7,118297763,118297781,118297680,118297699,1,-64
chr7,118999592,118999610,118999670,118999699,0,60
chr7,120688167,120688185,120688308,120688325,1,123
chr7,120918631,120918649,120918461,120918476,1,-155
chr7,123084648,123084666,123107929,123107970,1,23263
chr7,125192055,125192073,125190196,125190225,1,-1830
chr7,126643489,126643507,126643572,126643595,0,65
chr7,127031677,127031696,127031551,127031567,0,-110
chr7,127031708,127031727,127031551,127031567,0,-141
chr7,127088657,127088675,127088633,127088660,1,0
chr7,127113026,127113044,127114159,127114194,1,1115
chr7,128633490,128633508,128633476,128633502,1,0
chr7,130674145,130674163,130674134,130674157,1,0
chr7,132785332,132785350,132785185,132785205,0,-127
chr7,132785415,132785433,132785185,132785205,0,-210
chr8,3170495,3170513,3170710,3170725,1,197
chr8,4313324,4313342,4313325,4313361,1,0
chr8,4313379,4313397,4313325,4313361,0,-18
chr8,5864259,5864277,5864213,5864228,1,-31
chr8,14954590,14954608,14954573,14954596,1,0
chr8,14989721,14989739,14989742,14989759,1,3
chr8,22780578,22780596,22806642,22806677,0,26046
chr8,27022366,27022384,27023740,27023780,0,1356
chr8,27128879,27128897,27159033,27159048,1,30136
chr8,34143948,34143967,34143648,34143673,0,-275
chr8,34150257,34150276,34149596,34149637,0,-620
chr8,34806723,34806741,34806726,34806761,1,0
chr8,34816277,34816296,34816209,34816226,1,-51
chr8,35123619,35123637,35123714,35123734,0,77
chr8,39045642,39045660,39045583,39045603,0,-39
chr8,40443307,40443325,40443297,40443318,1,0
chr8,46551691,46551709,46551550,46551579,0,-112
chr8,56550875,56550893,56551865,56551898,0,972
chr8,61587805,61587823,61606645,61606662,0,18822
chr8,63565428,63565446,63565226,63565243,1,-185
chr8,64548467,64548485,64548557,64548578,0,72
chr8,64771209,64771227,64771137,64771158,1,-51
chr8,71272591,71272609,71271996,71272034,0,-557
chr8,71908740,71908758,72136754,72136777,0,227996
chr8,81615325,81615343,81614398,81614427,0,-898
chr8,81615569,81615588,81614398,81614427,0,-1142
chr8,81619155,81619174,81618997,81619043,1,-112
chr8,81649341,81649359,81649225,81649242,1,-99
chr8,81689031,81689049,81689148,81689209,0,99
chr8,81768963,81768981,81768961,81768977,1,0
chr8,83740649,83740667,83740536,83740563,1,-86
chr8,85071433,85071451,84986610,84986634,0,-84799
chr8,86048775,86048794,86048778,86048810,1,0
chr8,86707818,86707837,86707621,86707649,0,-169
chr8,91082632,91082650,91081592,91081648,1,-984
chr8,93363638,93363656,93363655,93363678,1,0
chr8,94413321,94413339,94413431,94413466,0,92
chr8,94654661,94654679,94654555,94654691,1,0
chr8,96153260,96153279,96152958,96152978,1,-282
chr8,99286455,99286473,99286578,99286599,1,105
chr8,105266814,105266832,105291258,105291284,0,24426
chr8,107118960,107118978,107096773,107096798,1,-22162
chr8,109777149,109777167,109777127,109777142,0,-7
chr8,114439956,114439974,114453082,114453116,0,13108
chr8,114453106,114453124,114453082,114453116,1,0
chr8,116587892,116587910,116591404,116591419,1,3494
chr8,117149078,117149096,117149001,117149018,1,-60
chr8,117255940,117255958,117255986,117256016,0,28
chr8,117258485,117258503,117258091,117258106,1,-379
chr8,119559115,119559133,119558372,119558395,0,-720
chr8,120434163,120434181,120434279,120434307,0,98
chr8,121949863,121949882,121949725,121949754,1,-109
chr8,122918052,122918071,122918041,122918068,1,0
chr8,123014134,123014153,123014123,123014144,1,0
chr8,123026151,123026169,123026175,123026210,0,6
chr8,123027072,123027090,123026711,123026734,0,-338
chr8,123032456,123032474,123032635,123032666,1,161
chr8,123033994,123034013,123033999,123034015,1,0
chr8,123037461,123037479,123037490,123037507,1,11
chr8,123043994,123044012,123043969,123044007,1,0
chr8,125012568,125012586,125067136,125067151,1,54550
chr8,125264901,125264919,125264933,125264958,1,14
chr8,125337348,125337367,125337357,125337377,1,0
chr8,126583887,126583905,126585188,126585204,1,1283
chr8,126589791,126589810,126589825,126589848,1,15
chr8,128473828,128473846,128473702,128473738,0,-90
chr8,128595082,128595100,128595128,128595147,1,28
chr8,128688142,128688160,128688036,128688052,0,-90
chr9,7873607,7873625,7873472,7873488,1,-119
chr9,7893431,7893449,7893379,7893394,1,-37
chr9,7897804,7897822,7897953,7897974,0,131
chr9,8017290,8017308,8017203,8017234,0,-56
chr9,13296488,13296506,13296943,13296963,1,437
chr9,14244452,14244470,14244362,14244377,0,-75
chr9,16337148,16337166,16337153,16337170,1,0
chr9,21169104,21169122,21169086,21169102,1,-2
chr9,22071816,22071834,22071790,22071805,0,-11
chr9,26779491,26779509,26779608,26779625,1,99
chr9,32350379,32350397,32350355,32350447,1,0
chr9,32697341,32697360,32697103,32697126,1,-215
chr9,32719697,32719716,32719542,32719562,1,-135
chr9,32727097,32727122,32726606,32726621,1,-476
chr9,32728639,32728657,32728635,32728652,1,0
chr9,32910343,32910361,32910733,32910767,0,372
chr9,32927062,32927081,32927043,32927076,1,0
chr9,32928549,32928568,32928561,32928584,1,0
chr9,33036349,33036367,33060196,33060219,0,23829
chr9,40997282,40997300,40997302,40997323,0,2
chr9,41118849,41118867,41118858,41118881,1,0
chr9,41119036,41119054,41118858,41118881,0,-155
chr9,42032858,42032876,42032395,42032457,1,-401
chr9,42076446,42076464,42032395,42032457,1,-43989
chr9,44646078,44646097,44606150,44606172,0,-39906
chr9,44720747,44720765,44767983,44768012,0,47218
chr9,44987231,44987249,44987521,44987536,1,272
chr9,51213940,51213958,51186008,51186038,0,-27902
chr9,51842964,51842982,51842941,51842980,1,0
chr9,53248522,53248540,53248657,53248709,1,117
chr9,53610557,53610575,53610500,53610527,0,-30
chr9,56090377,56090395,56075823,56075853,1,-14524
chr9,56419767,56419785,56419739,56419759,1,-8
chr9,57769828,57769846,57765943,57765965,1,-3863
chr9,57856501,57856519,57856444,57856489,0,-12
chr9,57866928,57866946,57866490,57866505,1,-423
chr9,58253630,58253648,58253791,58253808,0,143
chr9,58710189,58710207,58710462,58710489,1,255
chr9,61251710,61251728,61251684,61251716,1,0
chr9,61679542,61679560,61679483,61679503,1,-39
chr9,61914940,61914959,61914960,61914976,0,1
chr9,62368904,62368923,62368862,62368885,1,-19
chr9,64824868,64824886,64824876,64824896,1,0
chr9,64825012,64825031,64824876,64824896,0,-116
chr9,65195611,65195629,65196431,65196452,1,802
chr9,65202344,65202363,65202701,65202724,0,338
chr9,66883243,66883261,66883248,66883287,1,0
chr9,66982418,66982436,66982392,66982430,1,0
chr9,66982471,66982490,66982392,66982430,1,-41
chr9,69034874,69034892,69034691,69034708,1,-166
chr9,70496825,70496843,70496821,70496838,1,0
chr9,71606717,71606735,71874312,71874342,0,267577
chr9,74002668,74002687,74002608,74002623,0,-45
chr9,74003375,74003393,74003303,74003330,0,-45
chr9,75414197,75414215,75414025,75414045,0,-152
chr9,78074162,78074181,78074249,78074265,1,68
chr9,79793793,79793812,79793887,79793912,1,75
chr9,80305644,80305662,80305667,80305682,0,5
chr9,80332020,80332038,80332075,80332200,1,37
chr9,85730778,85730796,85730986,85731003,1,190
chr9,88329023,88329041,88329062,88329089,1,21
chr9,89212418,89212437,89212440,89212466,0,3
chr9,89915928,89915949,89915933,89915968,1,0
chr9,94537787,94537806,94537789,94537805,0,0
chr9,96890115,96890133,96890090,96890128,1,0
chr9,98333301,98333320,98333280,98333300,1,-1
chr9,105131653,105131671,104223462,104223485,1,-908168
chr9,107335503,107335521,107335582,107335607,1,61
chr9,107588456,107588475,107588222,107588245,0,-211
chr9,107888383,107888402,107887732,107887752,1,-631
chr9,110907595,110907613,110656936,110656981,1,-250614
chr9,114417468,114417486,114417672,114417689,0,186
chr9,114452015,114452034,114452021,114452050,1,0
chr9,114640542,114640560,114640121,114640137,0,-405
chr9,115612753,115612771,115617930,115617967,0,5159
chr9,115612826,115612844,115617930,115617967,0,5086
chr9,115618089,115618107,115617930,115617967,1,-122
chr9,116133650,116133668,116133932,116133955,0,264
chr9,116263879,116263897,116230668,116230686,0,-33193
chr9,116338321,116338339,116338600,116338630,1,261
chr9,118390095,118390113,118390353,118390396,0,240
chr9,120777123,120777141,120777102,120777148,1,0
chr9,121218119,121218137,121218125,121218140,1,0
chr9,121278033,121278052,121278020,121278045,1,0
chr9,121455464,121455482,121454982,121454997,0,-467
chr9,123366933,123366951,123366928,123366943,1,0
chrX,7841190,7841209,7841068,7841103,1,-87
chrX,48284454,48284472,48284579,48284622,0,107
chrX,51013044,51013063,51013047,51013088,1,0
chrX,56405899,56405918,57187419,57187439,0,781501
chrX,73967352,73967370,74024210,74024226,1,56840
chrX,77509103,77509121,77508668,77508707,1,-396
chrX,105070327,105070345,104414098,104414113,0,-656214
chrX,105801709,105801727,105801714,105801731,1,0
chrX,107042556,107042574,107088001,107088034,1,45427
chrX,107090443,107090462,107090421,107090453,1,0
chrX,136616174,136616193,136741883,136741903,1,125690
chrX,144526171,144526190,144525968,144526024,0,-147
chrX,155211142,155211160,155211126,155211158,1,0
chrX,159708202,159708220,159708061,159708081,0,-121
chrX,167799694,167799712,167799825,167799842,1,113
