chr,start,end,group
chr1,60978430,60978630,13
chr1,134473193,134473393,24
chr1,113776241,113776441,2
chr1,105838698,105838898,11
chr1,160058211,160058411,22
chr1,160058057,160058257,24
chr1,160058096,160058296,24
chr1,160058152,160058352,24
chr1,160058193,160058393,24
chr1,81375394,81375594,3
chr1,81375393,81375593,14
chr1,81375408,81375608,24
chr1,81375444,81375644,24
chr1,81375465,81375665,24
chr1,81375486,81375686,24
chr1,81375504,81375704,24
chr1,81375522,81375722,24
chr1,81375549,81375749,24
chr1,81375567,81375767,24
chr1,81375591,81375791,24
chr1,53350123,53350323,7
chr1,180355477,180355677,11
chr1,86393203,86393403,2
chr1,165200711,165200911,74
chr1,165200711,165200911,84
chr1,57436253,57436453,2
chr1,191275623,191275823,57
chr1,64088588,64088788,55
chr1,7390235,7390435,21
chr1,7390234,7390434,32
chr1,131038858,131039058,2
chr1,131038847,131039047,31
chr1,91021490,91021690,27
chr1,134382187,134382387,63
chr1,52076420,52076620,82
chr1,58742562,58742762,21
chr1,58742561,58742761,32
chr1,30699797,30699997,56
chr1,30699797,30699997,59
chr1,30699796,30699996,67
chr1,30699797,30699997,86
chr1,30699797,30699997,89
chr1,77940549,77940749,1
chr1,77940548,77940748,12
chr1,77940388,77940588,31
chr1,36267633,36267833,9
chr1,36267632,36267832,17
chr1,36267647,36267847,64
chr1,36267637,36267837,69
chr1,36267648,36267848,83
chr1,36267584,36267784,87
chr1,38363604,38363804,18
chr1,183040942,183041142,30
chr1,171917180,171917380,2
chr1,171917196,171917396,4
chr1,60541339,60541539,82
chr1,64308643,64308843,27
chr1,64308655,64308855,87
chr1,52302866,52303066,2
chr1,52302882,52303082,11
chr1,173680726,173680926,11
chr1,60759899,60760099,2
chr1,83006354,83006554,11
chr1,92774045,92774245,13
chr1,60003797,60003997,3
chr1,60003796,60003996,14
chr1,138973005,138973205,1
chr1,138973004,138973204,12
chr1,126763362,126763562,11
chr1,126763382,126763582,11
chr1,154118153,154118353,62
chr1,154118154,154118354,81
chr1,86405045,86405245,22
chr1,86405027,86405227,24
chr1,43519759,43519959,2
chr1,180359643,180359843,1
chr1,180359642,180359842,12
chr1,82803758,82803958,27
chr1,64301052,64301252,10
chr1,126780987,126781187,4
chr1,39944594,39944794,2
chr1,98093160,98093360,16
chr1,40381072,40381272,58
chr1,40381071,40381271,70
chr1,40381072,40381272,88
chr1,160042691,160042891,18
chr1,131278742,131278942,21
chr1,131278741,131278941,32
chr1,159952795,159952995,2
chr1,165251916,165252116,2
chr1,165251927,165252127,11
chr1,75248490,75248690,3
chr1,75248489,75248689,14
chr1,88475493,88475693,76
chr1,42300320,42300520,24
chr1,161071311,161071511,23
chr1,161071310,161071510,34
chr1,92164256,92164456,69
chr1,74201364,74201564,11
chr1,91093430,91093630,6
chr1,91093430,91093630,9
chr1,91093429,91093629,17
chr1,133363514,133363714,36
chr1,133363514,133363714,39
chr1,36797665,36797865,31
chr1,127322656,127322856,2
chr1,172548962,172549162,2
chr1,69644877,69645077,1
chr1,69644876,69645076,12
chr1,15985067,15985267,24
chr1,52653428,52653628,87
chr1,164573733,164573933,42
chr1,164573734,164573934,51
chr1,36309675,36309875,24
chr1,53808411,53808611,2
chr1,80389619,80389819,24
chr1,86471400,86471600,33
chr1,80416506,80416706,1
chr1,80416505,80416705,12
chr1,165193313,165193513,11
chr1,193189284,193189484,5
chr1,193189284,193189484,10
chr1,139180661,139180861,11
chr1,139180651,139180851,21
chr1,139180645,139180845,22
chr1,139180650,139180850,32
chr1,133030022,133030222,2
chr1,153742537,153742737,1
chr1,153742407,153742607,2
chr1,153742536,153742736,12
chr1,153742404,153742604,21
chr1,153742403,153742603,32
chr1,133801141,133801341,3
chr1,133801140,133801340,14
chr1,132968852,132969052,2
chr1,61016630,61016830,11
chr1,54493375,54493575,21
chr1,54493374,54493574,32
chr1,106318324,106318524,6
chr1,106318215,106318415,7
chr1,106318481,106318681,11
chr1,106318323,106318523,20
chr1,138162686,138162886,52
chr1,138162686,138162886,82
chr1,52052721,52052921,39
chr1,69609222,69609422,85
chr1,54914271,54914471,13
chr1,178338079,178338279,2
chr1,178338041,178338241,4
chr1,136617504,136617704,4
chr1,164069108,164069308,11
chr1,164069128,164069328,11
chr1,161788605,161788805,40
chr1,155914523,155914723,11
chr1,69687789,69687989,1
chr1,69687788,69687988,12
chr1,82900680,82900880,3
chr1,82900679,82900879,14
chr1,10191679,10191879,21
chr1,10191678,10191878,32
chr1,180264696,180264896,1
chr1,180264695,180264895,12
chr1,170861633,170861833,11
chr1,170861704,170861904,62
chr1,170861705,170861905,81
chr1,86344132,86344332,3
chr1,86344131,86344331,14
chr1,176986290,176986490,62
chr1,176986291,176986491,81
chr1,181860824,181861024,26
chr1,180388782,180388982,1
chr1,180388774,180388974,2
chr1,180388778,180388978,4
chr1,180388781,180388981,12
chr1,180388790,180388990,21
chr1,180388789,180388989,32
chr1,186562769,186562969,33
chr1,86441183,86441383,11
chr1,134362113,134362313,59
chr1,134362124,134362324,82
chr1,130993412,130993612,1
chr1,130993418,130993618,2
chr1,130993411,130993611,12
chr1,135670208,135670408,2
chr1,194977229,194977429,63
chr1,194977229,194977429,93
chr1,97580222,97580422,82
chr1,171975444,171975644,11
chr1,179170068,179170268,2
chr1,179170265,179170465,2
chr1,179170254,179170454,11
chr1,183180035,183180235,2
chr1,127242467,127242667,96
chr1,93825457,93825657,43
chr1,93825446,93825646,45
chr1,186749643,186749843,22
chr1,186749589,186749789,24
chr1,186749628,186749828,24
chr1,184074736,184074936,11
chr1,171845315,171845515,69
chr1,171845277,171845477,87
chr1,33669828,33670028,4
chr1,33670002,33670202,22
chr1,54585690,54585890,64
chr1,54585691,54585891,83
chr1,54585690,54585890,94
chr1,180403276,180403476,21
chr1,180403275,180403475,32
chr1,6417553,6417753,4
chr1,9700857,9701057,22
chr1,136254563,136254763,11
chr1,87847604,87847804,2
chr1,87847499,87847699,30
chr1,36920245,36920445,1
chr1,36920244,36920444,12
chr1,180225699,180225899,11
chr1,180225709,180225909,13
chr1,180225720,180225920,22
chr1,15806031,15806231,2
chr1,39842843,39843043,2
chr1,39936756,39936956,1
chr1,39936745,39936945,11
chr1,39936755,39936955,12
chr1,133046621,133046821,2
chr1,128766455,128766655,2
chr1,128766449,128766649,11
chr1,128766444,128766644,21
chr1,128766438,128766638,22
chr1,128766443,128766643,32
chr1,93755455,93755655,2
chr1,171921587,171921787,2
chr1,171921433,171921633,4
chr1,10038362,10038562,4
chr1,153413503,153413703,74
chr1,153413503,153413703,84
chr1,64121025,64121225,11
chr1,34843127,34843327,1
chr1,34843126,34843326,12
chr1,34843115,34843315,72
chr1,178405179,178405379,2
chr2,166775622,166775822,33
chr2,68655939,68656139,11
chr2,68655980,68656180,11
chr2,166045700,166045900,71
chr2,16359542,16359742,1
chr2,16359541,16359741,12
chr2,104179745,104179945,63
chr2,33468904,33469104,2
chr2,33468915,33469115,11
chr2,31759946,31760146,21
chr2,31759945,31760145,32
chr2,11689379,11689579,2
chr2,102967501,102967701,1
chr2,102967500,102967700,12
chr2,102967489,102967689,22
chr2,62540274,62540474,11
chr2,150311387,150311587,13
chr2,11320058,11320258,11
chr2,117421527,117421727,7
chr2,117421527,117421727,10
chr2,169778791,169778991,27
chr2,33914114,33914314,2
chr2,61271400,61271600,1
chr2,61271389,61271589,11
chr2,61271399,61271599,12
chr2,6337671,6337871,4
chr2,6337683,6337883,21
chr2,6337682,6337882,32
chr2,52085866,52086066,4
chr2,31239273,31239473,87
chr2,103583378,103583578,53
chr2,103583377,103583577,64
chr2,103583378,103583578,83
chr2,158852531,158852731,1
chr2,158852530,158852730,12
chr2,120971359,120971559,1
chr2,120971364,120971564,2
chr2,120971358,120971558,12
chr2,170401582,170401782,1
chr2,170401588,170401788,2
chr2,170401581,170401781,12
chr2,91242866,91243066,11
chr2,91242886,91243086,11
chr2,71736014,71736214,22
chr2,61503807,61504007,24
chr2,158735489,158735689,31
chr2,173769326,173769526,72
chr2,73459690,73459890,13
chr2,128379452,128379652,24
chr2,116066598,116066798,3
chr2,116066597,116066797,14
chr2,30676785,30676985,87
chr2,72117414,72117614,1
chr2,72117421,72117621,2
chr2,72117413,72117613,12
chr2,29935920,29936120,7
chr2,101993204,101993404,1
chr2,101993203,101993403,12
chr2,3417598,3417798,67
chr2,3417599,3417799,89
chr2,3749482,3749682,1
chr2,3749481,3749681,12
chr2,121432069,121432269,28
chr2,121432069,121432269,29
chr2,121432068,121432268,37
chr2,11202588,11202788,2
chr2,11202581,11202781,31
chr2,90756293,90756493,2
chr2,126665879,126666079,40
chr2,72725085,72725285,3
chr2,72725084,72725284,14
chr2,72725090,72725290,22
chr2,72725082,72725282,23
chr2,72725081,72725281,34
chr2,167533740,167533940,67
chr2,167533741,167533941,79
chr2,167533741,167533941,89
chr2,144459030,144459230,1
chr2,144459029,144459229,12
chr2,25157755,25157955,13
chr2,129084895,129085095,2
chr2,28916311,28916511,22
chr2,101991832,101992032,1
chr2,101991831,101992031,12
chr2,11553452,11553652,76
chr2,11553452,11553652,79
chr2,79127400,79127600,1
chr2,79127399,79127599,12
chr2,48424821,48425021,24
chr2,11651507,11651707,68
chr2,173076960,173077160,7
chr2,7401729,7401929,2
chr2,93453259,93453459,1
chr2,93453263,93453463,2
chr2,93453280,93453480,4
chr2,93453269,93453469,11
chr2,93453258,93453458,12
chr2,48477010,48477210,33
chr2,160733296,160733496,8
chr2,160733295,160733495,20
chr2,122234384,122234584,1
chr2,122234383,122234583,12
chr2,181706867,181707067,2
chr2,181706842,181707042,11
chr2,109278373,109278573,2
chr2,52304775,52304975,2
chr2,13558467,13558667,69
chr2,70845247,70845447,66
chr2,83700638,83700838,11
chr2,31180523,31180723,1
chr2,31180522,31180722,12
chr2,127389819,127390019,11
chr2,93471477,93471677,4
chr2,43772677,43772877,39
chr2,166035607,166035807,2
chr2,166035611,166035811,4
chr2,40555979,40556179,24
chr2,58323221,58323421,72
chr2,11206012,11206212,1
chr2,11205919,11206119,8
chr2,11206011,11206211,12
chr2,125736005,125736205,21
chr2,125736004,125736204,32
chr2,14074239,14074439,31
chr2,22805304,22805504,11
chr2,26021728,26021928,73
chr2,120563944,120564144,2
chr2,11375104,11375304,11
chr2,32917774,32917974,11
chr2,132512273,132512473,52
chr2,132512273,132512473,82
chr2,148752616,148752816,68
chr2,178699897,178700097,18
chr2,164047144,164047344,62
chr2,164047145,164047345,81
chr2,112284829,112285029,1
chr2,112284828,112285028,12
chr2,69635154,69635354,11
chr2,69635139,69635339,21
chr2,69635138,69635338,32
chr2,75892307,75892507,2
chr2,173018206,173018406,2
chr2,75639285,75639485,11
chr2,75639198,75639398,22
chr2,71813807,71814007,74
chr2,127134331,127134531,11
chr2,174614029,174614229,3
chr2,174614028,174614228,14
chr2,174614233,174614433,100
chr2,102873968,102874168,11
chr2,152775580,152775780,21
chr2,152775579,152775779,32
chr2,152775485,152775685,59
chr2,79121118,79121318,11
chr2,173452077,173452277,57
chr2,173452077,173452277,60
chr2,173452077,173452277,87
chr2,173452077,173452277,90
chr2,132511250,132511450,1
chr2,132511238,132511438,2
chr2,132511249,132511449,12
chr2,35168910,35169110,7
chr2,62352075,62352275,39
chr2,173436387,173436587,11
chr2,5025650,5025850,2
chr2,29097337,29097537,2
chr2,29097349,29097549,4
chr2,29097364,29097564,22
chr2,29097358,29097558,24
chr2,138265682,138265882,36
chr2,11193120,11193320,6
chr2,11193120,11193320,9
chr2,11193119,11193319,17
chr2,11193272,11193472,54
chr2,58179219,58179419,19
chr2,58179068,58179268,38
chr2,58179068,58179268,39
chr2,173409943,173410143,11
chr2,173409932,173410132,62
chr2,173409933,173410133,81
chr2,118479891,118480091,8
chr2,118479891,118480091,9
chr2,118479890,118480090,17
chr2,118479890,118480090,20
chr2,58157340,58157540,1
chr2,58157193,58157393,2
chr2,58157178,58157378,4
chr2,58157339,58157539,12
chr2,74825583,74825783,3
chr2,74825582,74825782,14
chr2,79270561,79270761,54
chr2,31062458,31062658,23
chr2,31062457,31062657,34
chr2,167101983,167102183,71
chr2,166031639,166031839,9
chr2,166031638,166031838,17
chr2,167942739,167942939,33
chr2,47418452,47418652,1
chr2,47418451,47418651,12
chr2,50296856,50297056,22
chr2,144600291,144600491,24
chr2,11254567,11254767,54
chr2,128295507,128295707,4
chr2,128295522,128295722,22
chr2,128295519,128295719,24
chr2,128396143,128396343,11
chr2,78869589,78869789,2
chr2,32982212,32982412,1
chr2,32982211,32982411,12
chr2,11160474,11160674,69
chr2,29826835,29827035,2
chr2,172999592,172999792,1
chr2,172999580,172999780,2
chr2,172999591,172999791,12
chr2,30953349,30953549,22
chr2,136890613,136890813,4
chr2,136890622,136890822,21
chr2,136890621,136890821,32
chr2,130179374,130179574,11
chr2,113849029,113849229,11
chr2,113849014,113849214,22
chr2,113849008,113849208,24
chr2,113849019,113849219,31
chr2,117390293,117390493,1
chr2,117390292,117390492,12
chr2,145831901,145832101,1
chr2,145831900,145832100,12
chr2,145832009,145832209,54
chr2,21205248,21205448,13
chr2,70835634,70835834,1
chr2,70835633,70835833,12
chr2,146855762,146855962,7
chr2,146855762,146855962,10
chr2,167632379,167632579,4
chr2,167632465,167632665,72
chr2,167632465,167632665,82
chr2,75072887,75073087,11
chr2,32757766,32757966,2
chr2,11172860,11173060,1
chr2,11172819,11173019,11
chr2,11172859,11173059,12
chr2,140042996,140043196,2
chr2,140042993,140043193,21
chr2,140042984,140043184,22
chr2,140042989,140043189,31
chr2,140042992,140043192,32
chr3,32398299,32398499,11
chr3,32398289,32398489,21
chr3,32398288,32398488,32
chr3,96576240,96576440,11
chr3,52332025,52332225,24
chr3,52332043,52332243,24
chr3,89709118,89709318,13
chr3,107093999,107094199,1
chr3,107093991,107094191,2
chr3,107094010,107094210,2
chr3,107093966,107094166,4
chr3,107093995,107094195,4
chr3,107093998,107094198,12
chr3,107093988,107094188,21
chr3,107094007,107094207,21
chr3,107093987,107094187,32
chr3,107094006,107094206,32
chr3,107093977,107094177,33
chr3,52648495,52648695,1
chr3,52648494,52648694,12
chr3,35764870,35765070,21
chr3,35764869,35765069,32
chr3,61640854,61641054,31
chr3,16210669,16210869,4
chr3,143647360,143647560,11
chr3,57843969,57844169,19
chr3,57843958,57844158,62
chr3,57843959,57844159,81
chr3,57843958,57844158,92
chr3,101059403,101059603,57
chr3,101059403,101059603,87
chr3,115690277,115690477,2
chr3,115690281,115690481,4
chr3,85697350,85697550,16
chr3,130796590,130796790,2
chr3,145117801,145118001,2
chr3,88011110,88011310,2
chr3,89714380,89714580,82
chr3,153761981,153762181,38
chr3,153761981,153762181,39
chr3,37634647,37634847,2
chr3,37634653,37634853,11
chr3,137879804,137880004,24
chr3,137879858,137880058,24
chr3,137879882,137880082,24
chr3,137879906,137880106,24
chr3,137879924,137880124,24
chr3,137879954,137880154,24
chr3,43800688,43800888,11
chr3,43800732,43800932,11
chr3,43800726,43800926,22
chr3,43800677,43800877,62
chr3,43800678,43800878,81
chr3,152952388,152952588,22
chr3,93607960,93608160,74
chr3,93607960,93608160,84
chr3,75690218,75690418,2
chr3,153806288,153806488,2
chr3,121885106,121885306,1
chr3,121885105,121885305,12
chr3,121885103,121885303,23
chr3,121885102,121885302,34
chr3,128271767,128271967,82
chr3,82047324,82047524,11
chr3,82047344,82047544,11
chr3,82047369,82047569,11
chr3,123176569,123176769,1
chr3,123176568,123176768,12
chr3,28402164,28402364,87
chr3,101233488,101233688,24
chr3,51417153,51417353,19
chr3,89905213,89905413,11
chr3,89869927,89870127,21
chr3,89869926,89870126,32
chr3,121306529,121306729,24
chr3,121306553,121306753,24
chr3,55373904,55374104,62
chr3,55373905,55374105,81
chr3,87961101,87961301,2
chr3,51342418,51342618,1
chr3,51342417,51342617,12
chr3,101462383,101462583,84
chr3,59235142,59235342,1
chr3,59235149,59235349,2
chr3,59235141,59235341,12
chr3,115676144,115676344,2
chr3,115676164,115676364,2
chr3,115676168,115676368,4
chr3,115676148,115676348,22
chr3,52343755,52343955,69
chr3,52343755,52343955,99
chr3,100422612,100422812,11
chr3,56007830,56008030,2
chr3,69159642,69159842,11
chr3,94616790,94616990,91
chr3,96567082,96567282,62
chr3,96567083,96567283,81
chr3,52634408,52634608,1
chr3,52634407,52634607,12
chr3,35318298,35318498,11
chr3,69177749,69177949,68
chr3,69177749,69177949,69
chr3,98027271,98027471,3
chr3,98027270,98027470,14
chr3,98027276,98027476,22
chr3,121163741,121163941,1
chr3,121163740,121163940,12
chr3,135731250,135731450,2
chr3,51654926,51655126,11
chr3,27920974,27921174,7
chr3,27920974,27921174,10
chr3,130936796,130936996,11
chr3,130936816,130937016,11
chr3,103886263,103886463,2
chr3,142493590,142493790,13
chr3,21962831,21963031,31
chr3,84228829,84229029,2
chr3,84228814,84229014,21
chr3,84228817,84229017,22
chr3,84228813,84229013,32
chr3,129536492,129536692,11
chr3,129969978,129970178,76
chr3,79225697,79225897,1
chr3,79225717,79225917,2
chr3,79225696,79225896,12
chr3,79225686,79225886,21
chr3,79225685,79225885,32
chr3,68183398,68183598,2
chr3,103780720,103780920,2
chr3,103780709,103780909,11
chr3,37483939,37484139,2
chr3,55111803,55112003,2
chr3,86870785,86870985,77
chr3,86870797,86870997,90
chr3,131303285,131303485,2
chr3,63964708,63964908,49
chr3,60472191,60472391,87
chr3,106966583,106966783,82
chr3,93554830,93555030,31
chr3,60414012,60414212,1
chr3,60414007,60414207,11
chr3,60414011,60414211,12
chr3,36572324,36572524,11
chr3,8667890,8668090,11
chr3,8667777,8667977,87
chr3,58414789,58414989,11
chr3,142620034,142620234,72
chr3,60501698,60501898,41
chr3,137865393,137865593,2
chr3,137865775,137865975,69
chr3,115972597,115972797,19
chr3,121171720,121171920,10
chr3,51636563,51636763,11
chr3,142560051,142560251,60
chr3,142560051,142560251,90
chr3,135665521,135665721,91
chr3,95669204,95669404,6
chr3,149326581,149326781,11
chr3,149327029,149327229,11
chr3,101021439,101021639,8
chr3,54724417,54724617,4
chr3,54724067,54724267,66
chr3,54724067,54724267,69
chr3,54724067,54724267,96
chr3,54724067,54724267,99
chr3,153592043,153592243,68
chr3,153592043,153592243,69
chr3,127837829,127838029,11
chr3,115673257,115673457,2
chr3,95951600,95951800,2
chr3,87885697,87885897,3
chr3,87885693,87885893,4
chr3,87885696,87885896,14
chr3,37654685,37654885,2
chr3,20222766,20222966,22
chr3,20222169,20222369,93
chr3,69205186,69205386,11
chr3,108911844,108912044,6
chr3,108911844,108912044,9
chr3,108911843,108912043,17
chr3,108554751,108554951,18
chr3,108554834,108555034,31
chr3,108554741,108554941,41
chr3,103790297,103790497,4
chr4,68777962,68778162,24
chr4,10912801,10913001,2
chr4,19696935,19697135,61
chr4,11405145,11405345,2
chr4,38629773,38629973,22
chr4,38629767,38629967,24
chr4,59654105,59654305,11
chr4,59654094,59654294,22
chr4,59654083,59654283,23
chr4,59654082,59654282,34
chr4,138107809,138108009,2
chr4,143238690,143238890,71
chr4,62355532,62355732,2
chr4,62355521,62355721,11
chr4,46499171,46499371,1
chr4,46499176,46499376,11
chr4,46499170,46499370,12
chr4,137866300,137866500,43
chr4,129770964,129771164,11
chr4,43038043,43038243,73
chr4,20547100,20547300,80
chr4,20547100,20547300,90
chr4,150454064,150454264,23
chr4,150454063,150454263,34
chr4,15281111,15281311,2
chr4,136123233,136123433,23
chr4,136123232,136123432,34
chr4,129914304,129914504,72
chr4,122898619,122898819,1
chr4,122898554,122898754,2
chr4,122898626,122898826,2
chr4,122898618,122898818,12
chr4,46151835,46152035,11
chr4,101557050,101557250,64
chr4,101557051,101557251,83
chr4,145255207,145255407,8
chr4,145255264,145255464,8
chr4,145255319,145255519,8
chr4,145255207,145255407,9
chr4,145255264,145255464,9
chr4,145255319,145255519,9
chr4,145255206,145255406,17
chr4,145255263,145255463,17
chr4,145255318,145255518,17
chr4,20456225,20456425,6
chr4,20456225,20456425,9
chr4,20456224,20456424,17
chr4,9771192,9771392,11
chr4,149871857,149872057,18
chr4,149871857,149872057,19
chr4,129008153,129008353,3
chr4,129008152,129008352,14
chr4,117126182,117126382,13
chr4,132732629,132732829,1
chr4,132732628,132732828,12
chr4,19932343,19932543,66
chr4,19932343,19932543,69
chr4,135079382,135079582,2
chr4,7557049,7557249,4
chr4,7557013,7557213,11
chr4,7557033,7557233,11
chr4,102682252,102682452,69
chr4,88166988,88167188,3
chr4,88166987,88167187,14
chr4,132033246,132033446,79
chr4,120120142,120120342,21
chr4,120120141,120120341,32
chr4,97612197,97612397,2
chr4,97612205,97612405,3
chr4,97612201,97612401,4
chr4,97612208,97612408,11
chr4,97612204,97612404,14
chr4,134469223,134469423,22
chr4,149486057,149486257,21
chr4,149486056,149486256,32
chr4,86319307,86319507,82
chr4,135439530,135439730,11
chr4,69567777,69567977,1
chr4,69567776,69567976,12
chr4,32342499,32342699,61
chr4,35140573,35140773,4
chr4,150594025,150594225,1
chr4,150594020,150594220,2
chr4,150594059,150594259,2
chr4,150594014,150594214,11
chr4,150594024,150594224,12
chr4,129805461,129805661,1
chr4,129805449,129805649,2
chr4,129805456,129805656,11
chr4,129805460,129805660,12
chr4,134118514,134118714,33
chr4,135248716,135248916,1
chr4,135248715,135248915,12
chr4,88761807,88762007,11
chr4,150339167,150339367,16
chr4,134478309,134478509,4
chr4,149099941,149100141,13
chr4,43960687,43960887,13
chr4,91638566,91638766,31
chr4,91638031,91638231,31
chr4,40218505,40218705,55
chr4,155306839,155307039,56
chr4,155306839,155307039,59
chr4,155306838,155307038,97
chr4,155306838,155307038,100
chr4,150540028,150540228,31
chr4,150539868,150540068,73
chr4,8634428,8634628,2
chr4,41774212,41774412,40
chr4,133842918,133843118,23
chr4,133842917,133843117,34
chr4,47001378,47001578,27
chr4,47001378,47001578,30
chr4,47001377,47001577,33
chr4,32263314,32263514,11
chr4,133800577,133800777,3
chr4,133800576,133800776,14
chr4,150939873,150940073,87
chr4,129034896,129035096,13
chr4,129034891,129035091,71
chr4,129034890,129035090,92
chr4,109670233,109670433,3
chr4,109670232,109670432,14
chr4,106910145,106910345,20
chr4,128981042,128981242,92
chr4,135954301,135954501,7
chr4,135954281,135954481,21
chr4,135954219,135954419,22
chr4,135954275,135954475,22
chr4,135954210,135954410,24
chr4,135954269,135954469,24
chr4,135954280,135954480,32
chr4,102982734,102982934,11
chr4,102982695,102982895,24
chr4,86651936,86652136,1
chr4,86651928,86652128,2
chr4,86651935,86652135,12
chr4,86651925,86652125,21
chr4,86651921,86652121,31
chr4,86651924,86652124,32
chr4,6817156,6817356,7
chr4,46390279,46390479,11
chr4,101320728,101320928,64
chr4,101320729,101320929,83
chr4,127061217,127061417,11
chr4,150937931,150938131,2
chr4,150937924,150938124,11
chr4,133169507,133169707,31
chr4,133169453,133169653,62
chr4,133169454,133169654,81
chr4,152448883,152449083,52
chr4,117182672,117182872,11
chr4,24372565,24372765,10
chr4,136089241,136089441,30
chr4,62867355,62867555,55
chr4,116008925,116009125,2
chr4,150558303,150558503,11
chr4,148509705,148509905,1
chr4,148509694,148509894,11
chr4,148509704,148509904,12
chr4,32335976,32336176,2
chr4,108071073,108071273,22
chr4,108071070,108071270,24
chr4,108071078,108071278,31
chr4,23403846,23404046,11
chr4,98383295,98383495,22
chr4,132586761,132586961,2
chr4,132586780,132586980,11
chr4,150587945,150588145,11
chr4,140952265,140952465,11
chr4,11485541,11485741,62
chr4,11485542,11485742,81
chr4,133096778,133096978,13
chr4,102990606,102990806,52
chr4,102990606,102990806,82
chr4,134495582,134495782,11
chr4,132659607,132659807,11
chr4,40838960,40839160,1
chr4,40838959,40839159,12
chr4,40838953,40839153,13
chr4,40838964,40839164,21
chr4,40838963,40839163,32
chr4,117201890,117202090,2
chr4,117202281,117202481,11
chr4,117202611,117202811,61
chr4,59261491,59261691,4
chr4,145210759,145210959,2
chr4,145210748,145210948,11
chr4,6859999,6860199,2
chr4,21727073,21727273,70
chr4,135203047,135203247,1
chr4,135203019,135203219,2
chr4,135203046,135203246,12
chr4,102516832,102517032,2
chr4,108301397,108301597,1
chr4,108301396,108301596,12
chr4,108301394,108301594,23
chr4,108301393,108301593,34
chr4,13519220,13519420,2
chr4,8799925,8800125,11
chr4,6445257,6445457,2
chr4,120925415,120925615,7
chr4,133277783,133277983,8
chr4,133277782,133277982,20
chr4,140701404,140701604,10
chr4,32250285,32250485,13
chr4,137358237,137358437,11
chr4,137357877,137358077,21
chr4,137358072,137358272,31
chr4,137357876,137358076,32
chr4,108319127,108319327,11
chr4,108319132,108319332,21
chr4,108319131,108319331,32
chr4,48043606,48043806,61
chr4,150965376,150965576,2
chr4,137860930,137861130,2
chr5,123198966,123199166,79
chr5,121095401,121095601,24
chr5,62223886,62224086,31
chr5,23169257,23169457,2
chr5,23169327,23169527,11
chr5,23169384,23169584,11
chr5,78385292,78385492,36
chr5,79176680,79176880,1
chr5,79176679,79176879,12
chr5,8628794,8628994,13
chr5,8628779,8628979,71
chr5,8628778,8628978,92
chr5,137693936,137694136,2
chr5,11045378,11045578,1
chr5,11045377,11045577,12
chr5,97180262,97180462,7
chr5,29746247,29746447,11
chr5,25093005,25093205,31
chr5,64485879,64486079,36
chr5,64023993,64024193,1
chr5,64023992,64024192,12
chr5,64023982,64024182,31
chr5,110512799,110512999,2
chr5,98033273,98033473,84
chr5,35166559,35166759,1
chr5,35166558,35166758,12
chr5,61912066,61912266,1
chr5,61911898,61912098,2
chr5,61912040,61912240,2
chr5,61912062,61912262,4
chr5,61912051,61912251,11
chr5,61912065,61912265,12
chr5,61912076,61912276,13
chr5,61912029,61912229,21
chr5,61912008,61912208,24
chr5,61912034,61912234,31
chr5,61912028,61912228,32
chr5,61912073,61912273,33
chr5,147323561,147323761,2
chr5,122394085,122394285,11
chr5,110838982,110839182,11
chr5,65486393,65486593,1
chr5,65486392,65486592,12
chr5,123128611,123128811,8
chr5,107259334,107259534,22
chr5,107259325,107259525,24
chr5,31110828,31111028,11
chr5,98006810,98007010,31
chr5,36860499,36860699,9
chr5,36860498,36860698,17
chr5,36860506,36860706,87
chr5,54019769,54019969,13
chr5,93263799,93263999,22
chr5,93263785,93263985,23
chr5,93263784,93263984,34
chr5,20955671,20955871,11
chr5,115471008,115471208,2
chr5,19444786,19444986,11
chr5,19444779,19444979,69
chr5,62751644,62751844,67
chr5,62751645,62751845,89
chr5,122994250,122994450,1
chr5,122994249,122994449,12
chr5,33681599,33681799,21
chr5,33681598,33681798,32
chr5,119360111,119360311,3
chr5,119360110,119360310,14
chr5,88566031,88566231,13
chr5,141985205,141985405,11
chr5,141985225,141985425,11
chr5,7122827,7123027,2
chr5,144876107,144876307,4
chr5,144876115,144876315,31
chr5,114378486,114378686,24
chr5,17605595,17605795,66
chr5,21438558,21438758,1
chr5,21438557,21438757,12
chr5,143669794,143669994,1
chr5,143669793,143669993,12
chr5,143669838,143670038,13
chr5,45730106,45730306,31
chr5,100466701,100466901,78
chr5,100466701,100466901,79
chr5,103914910,103915110,87
chr5,135968833,135969033,1
chr5,135968832,135969032,12
chr5,92348912,92349112,72
chr5,121112763,121112963,3
chr5,121112805,121113005,11
chr5,121112762,121112962,14
chr5,121112834,121113034,22
chr5,50071889,50072089,84
chr5,122733596,122733796,2
chr5,122733603,122733803,18
chr5,123244586,123244786,2
chr5,123244405,123244605,22
chr5,123244390,123244590,24
chr5,105443529,105443729,71
chr5,142881353,142881553,24
chr5,149368466,149368666,2
chr5,107932685,107932885,61
chr5,111160325,111160525,3
chr5,111160324,111160524,14
chr5,21354809,21355009,1
chr5,21354808,21355008,12
chr5,64806259,64806459,11
chr5,92491631,92491831,2
chr5,66199962,66200162,67
chr5,66199963,66200163,79
chr5,66199963,66200163,89
chr5,64819418,64819618,8
chr5,32479187,32479387,2
chr5,21785260,21785460,2
chr5,64371167,64371367,2
chr5,117114745,117114945,1
chr5,117114471,117114671,11
chr5,117114750,117114950,11
chr5,117114744,117114944,12
chr5,23844177,23844377,23
chr5,23844176,23844376,34
chr5,122228461,122228661,2
chr5,100526230,100526430,18
chr5,96201627,96201827,22
chr5,96201636,96201836,24
chr5,96201669,96201869,48
chr5,72811807,72812007,33
chr5,72811817,72812017,35
chr5,103760660,103760860,13
chr5,103519136,103519336,67
chr5,103519137,103519337,89
chr5,103356284,103356484,2
chr5,105110600,105110800,1
chr5,105110599,105110799,12
chr5,66075080,66075280,2
chr5,140702379,140702579,11
chr5,114199221,114199421,36
chr5,124709917,124710117,68
chr5,124709907,124710107,69
chr5,66193719,66193919,21
chr5,66193707,66193907,24
chr5,66193718,66193918,32
chr5,135632328,135632528,2
chr5,112273872,112274072,4
chr5,72161053,72161253,42
chr5,72161054,72161254,51
chr5,134332937,134333137,13
chr5,149526878,149527078,2
chr5,110807923,110808123,13
chr5,69556440,69556640,2
chr5,69556446,69556646,11
chr5,137787304,137787504,2
chr5,123228486,123228686,78
chr5,123228486,123228686,79
chr5,123228485,123228685,97
chr5,37051355,37051555,2
chr5,28317090,28317290,23
chr5,28317089,28317289,34
chr5,97112089,97112289,1
chr5,97112094,97112294,11
chr5,97112088,97112288,12
chr5,144015031,144015231,2
chr5,144015265,144015465,22
chr5,144015244,144015444,24
chr5,144015262,144015462,24
chr5,121849388,121849588,11
chr5,121849423,121849623,21
chr5,121849422,121849622,32
chr5,52782687,52782887,4
chr5,140505024,140505224,2
chr5,121838322,121838522,1
chr5,121838841,121839041,11
chr5,121838321,121838521,12
chr5,124426186,124426386,31
chr5,120648459,120648659,11
chr5,149016553,149016753,2
chr5,149016573,149016773,2
chr5,140321886,140322086,1
chr5,140321694,140321894,11
chr5,140321885,140322085,12
chr5,118477828,118478028,1
chr5,118478453,118478653,11
chr5,118477827,118478027,12
chr5,32713876,32714076,91
chr5,65336095,65336295,72
chr5,54101295,54101495,87
chr6,92131712,92131912,22
chr6,132075991,132076191,31
chr6,131763912,131764112,31
chr6,83731326,83731526,2
chr6,83731323,83731523,21
chr6,83731322,83731522,32
chr6,27649537,27649737,2
chr6,108328303,108328503,44
chr6,108328304,108328504,53
chr6,70798313,70798513,24
chr6,70798319,70798519,29
chr6,70798318,70798518,37
chr6,70798318,70798518,40
chr6,141582512,141582712,18
chr6,142561152,142561352,67
chr6,142561153,142561353,89
chr6,72407139,72407339,7
chr6,41124916,41125116,11
chr6,41124936,41125136,11
chr6,12783287,12783487,21
chr6,12783286,12783486,32
chr6,17737689,17737889,1
chr6,17737688,17737888,12
chr6,8408532,8408732,13
chr6,55167046,55167246,11
chr6,134414592,134414792,58
chr6,134414592,134414792,59
chr6,46898541,46898741,1
chr6,46898540,46898740,12
chr6,46898624,46898824,18
chr6,25986721,25986921,1
chr6,25986720,25986920,12
chr6,25986836,25987036,31
chr6,128807163,128807363,72
chr6,128807163,128807363,82
chr6,99542775,99542975,2
chr6,124344734,124344934,2
chr6,111108877,111109077,11
chr6,140561194,140561394,11
chr6,146636340,146636540,2
chr6,108512148,108512348,2
chr6,108512159,108512359,11
chr6,35257008,35257208,22
chr6,115405561,115405761,11
chr6,115405590,115405790,11
chr6,99474452,99474652,1
chr6,99474451,99474651,12
chr6,48048407,48048607,27
chr6,48048419,48048619,60
chr6,48048419,48048619,90
chr6,141630635,141630835,2
chr6,35257823,35258023,22
chr6,21200698,21200898,11
chr6,70764720,70764920,2
chr6,140514118,140514318,1
chr6,140514096,140514296,2
chr6,140514107,140514307,11
chr6,140514117,140514317,12
chr6,58758926,58759126,7
chr6,58758926,58759126,10
chr6,129193010,129193210,11
chr6,129193000,129193200,21
chr6,129192859,129193059,22
chr6,129192989,129193189,23
chr6,129192999,129193199,32
chr6,129192988,129193188,34
chr6,41218823,41219023,2
chr6,41218908,41219108,87
chr6,12038229,12038429,43
chr6,142757794,142757994,2
chr6,41137176,41137376,1
chr6,41137157,41137357,11
chr6,41137175,41137375,12
chr6,48818076,48818276,2
chr6,119663206,119663406,2
chr6,133249506,133249706,16
chr6,35776133,35776333,31
chr6,134148140,134148340,13
chr6,30205465,30205665,2
chr6,30205484,30205684,11
chr6,30205462,30205662,21
chr6,30205461,30205661,32
chr6,117890583,117890783,2
chr6,117890572,117890772,11
chr6,99435473,99435673,2
chr6,20550196,20550396,11
chr6,20549953,20550153,21
chr6,20549952,20550152,32
chr6,114894735,114894935,11
chr6,48697229,48697429,2
chr6,108435491,108435691,59
chr6,41151054,41151254,13
chr6,31190785,31190985,11
chr6,119210638,119210838,1
chr6,119210637,119210837,12
chr6,51209463,51209663,22
chr6,51209448,51209648,24
chr6,48747636,48747836,3
chr6,48747635,48747835,14
chr6,47635431,47635631,2
chr6,120112697,120112897,11
chr6,120112717,120112917,11
chr6,142752297,142752497,22
chr6,142752288,142752488,24
chr6,99303093,99303293,1
chr6,99303092,99303292,12
chr6,70804473,70804673,1
chr6,70804443,70804643,11
chr6,70804472,70804672,12
chr6,29838875,29839075,2
chr6,124375358,124375558,74
chr6,124375358,124375558,84
chr6,53700075,53700275,2
chr6,53700087,53700287,4
chr6,48771840,48772040,13
chr6,58832527,58832727,63
chr6,100210312,100210512,2
chr6,100210272,100210472,62
chr6,100210273,100210473,81
chr6,15729366,15729566,23
chr6,15729365,15729565,34
chr6,48725746,48725946,16
chr6,71823917,71824117,11
chr6,135364072,135364272,11
chr6,134873140,134873340,79
chr6,12315427,12315627,72
chr6,113237458,113237658,2
chr6,142885258,142885458,2
chr6,142885270,142885470,3
chr6,142885263,142885463,4
chr6,142885247,142885447,11
chr6,142885269,142885469,14
chr6,142885293,142885493,22
chr6,142885275,142885475,24
chr6,50777064,50777264,62
chr6,50777065,50777265,71
chr6,50777065,50777265,81
chr6,22424255,22424455,13
chr6,29467682,29467882,52
chr6,146410069,146410269,2
chr6,142956681,142956881,58
chr6,142956681,142956881,59
chr6,142956680,142956880,67
chr6,142956681,142956881,88
chr6,142956681,142956881,89
chr6,65600136,65600336,61
chr6,54737534,54737734,66
chr6,54737534,54737734,69
chr6,34317551,34317751,3
chr6,34317550,34317750,14
chr6,142915557,142915757,1
chr6,142915556,142915756,12
chr6,50417260,50417460,1
chr6,50416634,50416834,6
chr6,50417259,50417459,12
chr6,50416633,50416833,20
chr6,129532823,129533023,16
chr6,49973884,49974084,2
chr6,99433200,99433400,1
chr6,99433205,99433405,2
chr6,99433199,99433399,12
chr6,88465095,88465295,80
chr6,55037415,55037615,21
chr6,55037411,55037611,31
chr6,55037414,55037614,32
chr6,29853233,29853433,71
chr6,72362647,72362847,72
chr6,148945005,148945205,36
chr6,99309635,99309835,2
chr6,47921175,47921375,2
chr6,47921164,47921364,11
chr6,38533650,38533850,91
chr6,122533624,122533824,1
chr6,122533659,122533859,1
chr6,122533543,122533743,2
chr6,122533547,122533747,4
chr6,122533664,122533864,11
chr6,122533623,122533823,12
chr6,122533658,122533858,12
chr6,136941840,136942040,69
chr6,136941840,136942040,99
chr6,121130763,121130963,27
chr6,125572783,125572983,8
chr6,125572782,125572982,20
chr6,39380088,39380288,2
chr6,37607987,37608187,62
chr6,37607988,37608188,71
chr6,37607988,37608188,81
chr6,120082786,120082986,3
chr6,120082574,120082774,13
chr6,120082785,120082985,14
chr6,120082794,120082994,22
chr6,120082791,120082991,24
chr6,142964515,142964715,85
chr6,21950163,21950363,19
chr6,39205501,39205701,96
chr7,81074169,81074369,11
chr7,81074189,81074389,11
chr7,127362531,127362731,11
chr7,127362541,127362741,13
chr7,102284122,102284322,7
chr7,107594411,107594611,7
chr7,112204204,112204404,2
chr7,112204224,112204424,2
chr7,125540764,125540964,4
chr7,30300924,30301124,11
chr7,100494628,100494828,69
chr7,33814961,33815161,31
chr7,114705406,114705606,16
chr7,139905719,139905919,2
chr7,128497880,128498080,33
chr7,101925983,101926183,87
chr7,67672697,67672897,33
chr7,38294241,38294441,64
chr7,38294242,38294442,73
chr7,38294242,38294442,83
chr7,38294241,38294441,94
chr7,28943322,28943522,22
chr7,80205179,80205379,23
chr7,80205178,80205378,34
chr7,101735330,101735530,22
chr7,24441743,24441943,2
chr7,15882022,15882222,2
chr7,15881848,15882048,11
chr7,15881832,15882032,13
chr7,15881843,15882043,21
chr7,15881792,15881992,22
chr7,15881780,15881980,24
chr7,15881842,15882042,32
chr7,6610617,6610817,5
chr7,99981548,99981748,2
chr7,68282763,68282963,11
chr7,19296068,19296268,61
chr7,63970641,63970841,21
chr7,63970640,63970840,32
chr7,44931421,44931621,22
chr7,44931418,44931618,24
chr7,74363498,74363698,13
chr7,74363495,74363695,33
chr7,31144930,31145130,41
chr7,100699664,100699864,1
chr7,80371472,80371672,2
chr7,80371499,80371699,2
chr7,80371479,80371679,21
chr7,80371478,80371678,32
chr7,102100167,102100367,67
chr7,102100168,102100368,89
chr7,16618527,16618727,3
chr7,16618526,16618726,14
chr7,16321869,16322069,85
chr7,80636617,80636817,4
chr7,116459398,116459598,2
chr7,123371479,123371679,11
chr7,118259942,118260142,6
chr7,24481545,24481745,56
chr7,24481544,24481744,65
chr7,24481545,24481745,86
chr7,24481544,24481744,95
chr7,44892397,44892597,18
chr7,58399814,58400014,87
chr7,140078755,140078955,7
chr7,24972621,24972821,74
chr7,80182700,80182900,24
chr7,141345066,141345266,21
chr7,141345065,141345265,32
chr7,62332969,62333169,1
chr7,62332968,62333168,12
chr7,24369013,24369213,61
chr7,99311235,99311435,2
chr7,93216984,93217184,1
chr7,93216983,93217183,12
chr7,93217254,93217454,31
chr7,141058956,141059156,7
chr7,80882952,80883152,39
chr7,125634250,125634450,2
chr7,142460583,142460783,11
chr7,16263279,16263479,2
chr7,16263265,16263465,13
chr7,16263255,16263455,21
chr7,16263276,16263476,21
chr7,16263254,16263454,32
chr7,16263275,16263475,32
chr7,78853888,78854088,2
chr7,7188301,7188501,22
chr7,7188283,7188483,24
chr7,122025444,122025644,7
chr7,46833088,46833288,1
chr7,46833087,46833287,12
chr7,116698127,116698327,3
chr7,116698126,116698326,14
chr7,133454427,133454627,7
chr7,133454427,133454627,10
chr7,31172429,31172629,3
chr7,31172428,31172628,14
chr7,127137394,127137594,11
chr7,75531236,75531436,11
chr7,81166946,81167146,11
chr7,81167148,81167348,11
chr7,58711907,58712107,4
chr7,110259310,110259510,31
chr7,34407818,34408018,2
chr7,43481439,43481639,24
chr7,104287757,104287957,23
chr7,104287756,104287956,34
chr7,127895774,127895974,11
chr7,75650087,75650287,68
chr7,75650087,75650287,98
chr7,125507232,125507432,1
chr7,125507247,125507447,2
chr7,125507258,125507458,11
chr7,125507555,125507755,11
chr7,125507231,125507431,12
chr7,101550875,101551075,3
chr7,101550874,101551074,14
chr7,101550886,101551086,23
chr7,101550885,101551085,34
chr7,31002783,31002983,21
chr7,31002782,31002982,32
chr7,75800438,75800638,3
chr7,75800437,75800637,14
chr7,63921808,63922008,70
chr7,112208180,112208380,2
chr7,49741264,49741464,24
chr7,116040410,116040610,2
chr7,116040429,116040629,2
chr7,116040404,116040604,11
chr7,127922707,127922907,1
chr7,127922706,127922906,12
chr7,16452548,16452748,3
chr7,16452547,16452747,14
chr7,68322867,68323067,31
chr7,19945670,19945870,22
chr7,64141555,64141755,33
chr7,101663723,101663923,24
chr7,83655548,83655748,26
chr7,83655548,83655748,29
chr7,83655547,83655747,37
chr7,24081864,24082064,11
chr7,125472007,125472207,49
chr7,80643135,80643335,9
chr7,80643134,80643334,17
chr7,80033215,80033415,82
chr7,19326206,19326406,2
chr7,19326212,19326412,11
chr7,19326247,19326447,13
chr7,30232145,30232345,50
chr7,25088211,25088411,1
chr7,25088177,25088377,2
chr7,25088199,25088399,2
chr7,25088188,25088388,11
chr7,25088210,25088410,12
chr7,127295913,127296113,1
chr7,127295905,127296105,2
chr7,127295909,127296109,4
chr7,127295912,127296112,12
chr7,16406010,16406210,11
chr7,94233646,94233846,2
chr7,16311099,16311299,7
chr7,80535236,80535436,2
chr7,114479836,114480036,9
chr7,114479835,114480035,17
chr7,114479835,114480035,20
chr7,114479825,114480025,21
chr7,114479824,114480024,32
chr7,127572754,127572954,11
chr7,127573104,127573304,21
chr7,127573103,127573303,32
chr7,126285196,126285396,27
chr7,126285197,126285397,69
chr7,126285197,126285397,99
chr7,100372125,100372325,54
chr7,16053439,16053639,11
chr7,104352986,104353186,3
chr7,104352985,104353185,14
chr7,104352956,104353156,24
chr7,16364401,16364601,11
chr7,125580882,125581082,11
chr7,73618263,73618463,38
chr7,73618263,73618463,39
chr7,40966015,40966215,2
chr7,40965891,40966091,24
chr7,132317408,132317608,38
chr7,132317408,132317608,39
chr7,104315095,104315295,24
chr7,83648345,83648545,61
chr7,117429422,117429622,11
chr7,28373083,28373283,11
chr7,28372818,28373018,84
chr7,120835185,120835385,2
chr7,28694136,28694336,2
chr7,75702494,75702694,22
chr7,127477555,127477755,13
chr7,101971084,101971284,3
chr7,101970789,101970989,11
chr7,101971083,101971283,14
chr7,101600008,101600208,22
chr7,35057083,35057283,4
chr7,35057077,35057277,11
chr7,35057094,35057294,31
chr7,41500276,41500476,2
chr7,75655831,75656031,1
chr7,75656421,75656621,2
chr7,75655830,75656030,12
chr7,75655820,75656020,61
chr7,75655820,75656020,91
chr7,97748770,97748970,1
chr7,97748764,97748964,2
chr7,97748775,97748975,11
chr7,97748769,97748969,12
chr7,102251049,102251249,11
chr8,57638060,57638260,20
chr8,28527321,28527521,2
chr8,126258333,126258533,11
chr8,3802965,3803165,3
chr8,3802960,3803160,11
chr8,3802964,3803164,14
chr8,84725997,84726197,16
chr8,66656679,66656879,31
chr8,111562519,111562719,4
chr8,4806749,4806949,31
chr8,72163077,72163277,3
chr8,72163076,72163276,14
chr8,123416155,123416355,2
chr8,114771451,114771651,41
chr8,83736843,83737043,36
chr8,67798162,67798362,36
chr8,112061410,112061610,52
chr8,104249366,104249566,33
chr8,69188768,69188968,2
chr8,25575276,25575476,1
chr8,25575275,25575475,12
chr8,108827512,108827712,72
chr8,114438164,114438364,53
chr8,114438163,114438363,64
chr8,114438164,114438364,83
chr8,51429670,51429870,23
chr8,51429669,51429869,34
chr8,31396253,31396453,11
chr8,123319933,123320133,24
chr8,64805197,64805397,2
chr8,75586871,75587071,11
chr8,56616314,56616514,1
chr8,56616313,56616513,12
chr8,26714857,26715057,27
chr8,33492014,33492214,22
chr8,48194768,48194968,55
chr8,4413505,4413705,22
chr8,107449737,107449937,4
chr8,122678811,122679011,47
chr8,122678822,122679022,69
chr8,40126657,40126857,2
chr8,40126672,40126872,11
chr8,40126744,40126944,51
chr8,40126743,40126943,62
chr8,40126744,40126944,81
chr8,30971299,30971499,13
chr8,81717400,81717600,18
chr8,81717411,81717611,74
chr8,82011751,82011951,2
chr8,82011740,82011940,11
chr8,14996444,14996644,2
chr8,127447384,127447584,71
chr8,105121282,105121482,3
chr8,105121278,105121478,4
chr8,105121281,105121481,14
chr8,105121287,105121487,24
chr8,105121323,105121523,24
chr8,127967067,127967267,19
chr8,13132355,13132555,87
chr8,70700432,70700632,11
chr8,11008257,11008457,24
chr8,125344142,125344342,98
chr8,123043787,123043987,11
chr8,123043892,123044092,11
chr8,31187312,31187512,23
chr8,31187311,31187511,34
chr8,111570743,111570943,11
chr8,111570717,111570917,21
chr8,111570711,111570911,22
chr8,111570716,111570916,32
chr8,102681731,102681931,27
chr8,102681731,102681931,30
chr8,105266505,105266705,2
chr8,105266580,105266780,2
chr8,105266502,105266702,21
chr8,105266501,105266701,32
chr8,80492929,80493129,11
chr8,77422849,77423049,6
chr8,18526207,18526407,2
chr8,128473737,128473937,87
chr8,43618363,43618563,6
chr8,115045139,115045339,1
chr8,115045144,115045344,11
chr8,115045138,115045338,12
chr8,111594525,111594725,84
chr8,21988232,21988432,11
chr8,47693126,47693326,2
chr8,61606566,61606766,1
chr8,61606565,61606765,12
chr8,27159170,27159370,11
chr8,110902547,110902747,2
chr8,110902567,110902767,2
chr8,110902579,110902779,4
chr8,110902628,110902828,11
chr8,72354597,72354797,1
chr8,72354596,72354796,12
chr8,14954488,14954688,1
chr8,14954487,14954687,12
chr8,117258394,117258594,39
chr8,106052935,106053135,13
chr8,111582296,111582496,11
chr8,91077374,91077574,38
chr8,81689104,81689304,18
chr8,81689074,81689274,22
chr8,81689079,81689279,38
chr8,35431137,35431337,11
chr8,35431157,35431357,11
chr8,35431177,35431377,11
chr8,60603738,60603938,72
chr8,22166435,22166635,1
chr8,22166434,22166634,12
chr8,126585500,126585700,1
chr8,126585499,126585699,12
chr8,123000611,123000811,11
chr8,123000600,123000800,22
chr8,123000605,123000805,31
chr8,129234065,129234265,70
chr8,129234066,129234266,78
chr8,129234066,129234266,88
chr8,107588526,107588726,2
chr8,94703163,94703363,11
chr8,25274275,25274475,62
chr8,25274276,25274476,71
chr8,25274276,25274476,81
chr8,25274275,25274475,92
chr8,116504365,116504565,2
chr8,90795465,90795665,4
chr8,90795671,90795871,23
chr8,90795670,90795870,34
chr8,25653659,25653859,3
chr8,25653653,25653853,13
chr8,25653658,25653858,14
chr8,25653673,25653873,22
chr8,25653664,25653864,24
chr8,94413345,94413545,24
chr8,90887113,90887313,3
chr8,90887112,90887312,14
chr8,117148917,117149117,18
chr8,25754681,25754881,22
chr8,46941745,46941945,2
chr8,46941738,46941938,21
chr8,46941721,46941921,23
chr8,46941734,46941934,31
chr8,46941737,46941937,32
chr8,46941720,46941920,34
chr8,88697451,88697651,4
chr8,26015730,26015930,24
chr8,94667251,94667451,11
chr8,121590882,121591082,11
chr8,68793311,68793511,1
chr8,68793340,68793540,2
chr8,68793329,68793529,11
chr8,68793310,68793510,12
chr8,81497747,81497947,62
chr8,81497748,81497948,81
chr8,35495878,35496078,11
chr8,13105233,13105433,96
chr9,57620964,57621164,2
chr9,114427499,114427699,8
chr9,114427498,114427698,20
chr9,41182691,41182891,38
chr9,109000953,109001153,7
chr9,21950515,21950715,92
chr9,76277149,76277349,99
chr9,63909614,63909814,84
chr9,123006082,123006282,2
chr9,70214561,70214761,7
chr9,60819416,60819616,3
chr9,60819419,60819619,11
chr9,60819415,60819615,14
chr9,60819426,60819626,31
chr9,66898727,66898927,23
chr9,66898726,66898926,34
chr9,55126327,55126527,11
chr9,120943831,120944031,11
chr9,58253854,58254054,11
chr9,58253849,58254049,22
chr9,69313918,69314118,47
chr9,69313919,69314119,79
chr9,69313918,69314118,97
chr9,44269300,44269500,2
chr9,81863631,81863831,69
chr9,116214274,116214474,50
chr9,116214274,116214474,100
chr9,69296417,69296617,11
chr9,123240280,123240480,73
chr9,65945977,65946177,31
chr9,95835013,95835213,11
chr9,33080458,33080658,2
chr9,53802987,53803187,75
chr9,53802987,53803187,85
chr9,115471795,115471995,11
chr9,115612702,115612902,13
chr9,115612713,115612913,27
chr9,115612713,115612913,30
chr9,115612724,115612924,66
chr9,115612724,115612924,96
chr9,66982306,66982506,24
chr9,93085707,93085907,2
chr9,93085715,93085915,4
chr9,116229513,116229713,51
chr9,53806923,53807123,2
chr9,75922237,75922437,31
chr9,110656858,110657058,2
chr9,114648628,114648828,2
chr9,114648620,114648820,4
chr9,114648639,114648839,11
chr9,114648632,114648832,22
chr9,20961510,20961710,13
chr9,46154579,46154779,9
chr9,46154578,46154778,17
chr9,51401831,51402031,21
chr9,51401830,51402030,32
chr9,42076344,42076544,56
chr9,89212328,89212528,8
chr9,89212328,89212528,9
chr9,89212327,89212527,17
chr9,32507632,32507832,11
chr9,7764781,7764981,22
chr9,31254919,31255119,4
chr9,115468611,115468811,1
chr9,115468626,115468826,2
chr9,115468637,115468837,11
chr9,115468610,115468810,12
chr9,112053482,112053682,1
chr9,112053481,112053681,12
chr9,54612652,54612852,13
chr9,50470265,50470465,73
chr9,115617841,115618041,72
chr9,115617841,115618041,82
chr9,88516903,88517103,1
chr9,88516898,88517098,11
chr9,88516902,88517102,12
chr9,88326161,88326361,4
chr9,88326176,88326376,24
chr9,116329395,116329595,71
chr9,47530199,47530399,56
chr9,73045806,73046006,22
chr9,73045811,73046011,31
chr9,66281752,66281952,70
chr9,66281753,66281953,76
chr9,66281753,66281953,86
chr9,119743911,119744111,70
chr9,119743911,119744111,100
chr9,107588354,107588554,93
chr9,123784807,123785007,3
chr9,123784806,123785006,14
chr9,101034624,101034824,84
chr9,64779619,64779819,63
chr9,78533359,78533559,3
chr9,78533358,78533558,14
chr9,50462941,50463141,2
chr9,50462936,50463136,11
chr9,45869516,45869716,2
chr9,15709191,15709391,24
chr9,32727006,32727206,77
chr9,32727006,32727206,80
chr9,32499563,32499763,61
chr9,121697977,121698177,2
chr9,121697974,121698174,21
chr9,121697965,121698165,22
chr9,121697962,121698162,24
chr9,121697970,121698170,31
chr9,121697973,121698173,32
chr9,44533004,44533204,13
chr9,120079788,120079988,24
chr9,65523926,65524126,1
chr9,65523906,65524106,2
chr9,65523921,65524121,11
chr9,65523925,65524125,12
chr9,101057353,101057553,87
chr9,42032315,42032515,24
chr9,42032333,42032533,24
chr9,48562488,48562688,33
chr9,120054587,120054787,100
chr9,77911811,77912011,11
chr9,77911595,77911795,41
chr9,77911595,77911795,91
chr9,64960866,64961066,22
chr9,64789753,64789953,2
chr9,78443388,78443588,31
chr9,83893282,83893482,93
chr9,57866678,57866878,84
chr9,61707654,61707854,82
chr9,53610583,53610783,31
chr9,56937767,56937967,46
chr9,56937172,56937372,67
chr9,56937173,56937373,89
chr9,56937172,56937372,97
chr9,120777021,120777221,22
chr9,106429490,106429690,26
chr9,15280003,15280203,2
chr9,48480816,48481016,1
chr9,48480815,48481015,12
chr9,32594291,32594491,39
chr9,61702661,61702861,3
chr9,61702660,61702860,14
chr9,32926562,32926762,33
chr9,32495998,32496198,31
chr9,96583568,96583768,1
chr9,96583567,96583767,12
chr9,69034423,69034623,4
chr9,59942295,59942495,22
chr9,13323516,13323716,11
chr9,32916074,32916274,6
chr9,32916074,32916274,9
chr9,32916073,32916273,17
chr9,107986154,107986354,1
chr9,107986146,107986346,2
chr9,107986153,107986353,12
chr9,109931035,109931235,2
chr9,46175558,46175758,13
chr9,97111351,97111551,11
chr9,44986964,44987164,4
chr9,66873963,66874163,13
chr9,40455562,40455762,36
chr9,56419676,56419876,7
chr9,56419676,56419876,10
chr9,56419493,56419693,71
chr9,124423891,124424091,5
chr9,123261108,123261308,1
chr9,123261096,123261296,2
chr9,123261107,123261307,12
chr9,123261090,123261290,21
chr9,123261084,123261284,22
chr9,123261089,123261289,32
chr9,63758491,63758691,1
chr9,63758490,63758690,12
chr10,128674812,128675012,1
chr10,128674811,128675011,12
chr10,23942534,23942734,7
chr10,93325426,93325626,11
chr10,59309179,59309379,2
chr10,59309197,59309397,2
chr10,59309190,59309390,11
chr10,87178531,87178731,31
chr10,127177143,127177343,2
chr10,127177097,127177297,11
chr10,127177154,127177354,11
chr10,127177132,127177332,21
chr10,127177131,127177331,32
chr10,119050586,119050786,24
chr10,10307308,10307508,23
chr10,10307307,10307507,34
chr10,128270938,128271138,61
chr10,95418559,95418759,22
chr10,95418544,95418744,24
chr10,59322372,59322572,31
chr10,71357935,71358135,22
chr10,96589884,96590084,61
chr10,96589884,96590084,91
chr10,118041268,118041468,3
chr10,118041267,118041467,14
chr10,118041276,118041476,22
chr10,118041273,118041473,24
chr10,118041284,118041484,31
chr10,75740311,75740511,2
chr10,66955271,66955471,24
chr10,66955279,66955479,38
chr10,66955279,66955479,39
chr10,98875698,98875898,2
chr10,98875751,98875951,2
chr10,98875771,98875971,11
chr10,98875781,98875981,12
chr10,40362725,40362925,22
chr10,111924393,111924593,2
chr10,100684987,100685187,7
chr10,100684987,100685187,10
chr10,100685040,100685240,36
chr10,43777916,43778116,99
chr10,17406457,17406657,1
chr10,17406527,17406727,2
chr10,17406456,17406656,12
chr10,17406436,17406636,18
chr10,17406436,17406636,19
chr10,17406446,17406646,61
chr10,59836545,59836745,21
chr10,59836539,59836739,22
chr10,59836536,59836736,24
chr10,59836544,59836744,32
chr10,14016394,14016594,29
chr10,14016393,14016593,37
chr10,41491225,41491425,11
chr10,93158736,93158936,11
chr10,67565842,67566042,74
chr10,75439706,75439906,11
chr10,75439701,75439901,21
chr10,75439695,75439895,22
chr10,75439689,75439889,24
chr10,75439700,75439900,32
chr10,44005493,44005693,2
chr10,24622577,24622777,71
chr10,52927170,52927370,1
chr10,52927169,52927369,12
chr10,52927089,52927289,23
chr10,52927088,52927288,34
chr10,110489607,110489807,24
chr10,17920202,17920402,3
chr10,17920201,17920401,14
chr10,72620621,72620821,10
chr10,70180877,70181077,24
chr10,95842992,95843192,68
chr10,62183144,62183344,11
chr10,81298699,81298899,13
chr10,29936826,29937026,61
chr10,40125530,40125730,2
chr10,110932070,110932270,1
chr10,110932069,110932269,12
chr10,47412322,47412522,2
chr10,47412419,47412619,11
chr10,75836220,75836420,76
chr10,116198910,116199110,2
chr10,96706776,96706976,11
chr10,88826877,88827077,2
chr10,128284269,128284469,54
chr10,94378473,94378673,15
chr10,94378261,94378461,63
chr10,58488452,58488652,2
chr10,22299287,22299487,1
chr10,22299292,22299492,11
chr10,22299286,22299486,12
chr10,128940487,128940687,87
chr10,98885808,98886008,22
chr10,98885796,98885996,24
chr10,61211772,61211972,93
chr10,111008198,111008398,2
chr10,122758306,122758506,22
chr10,58370277,58370477,26
chr10,58370277,58370477,29
chr10,58370276,58370476,37
chr10,58370276,58370476,40
chr10,121429943,121430143,2
chr10,81127690,81127890,22
chr10,14110855,14111055,24
chr10,128080787,128080987,11
chr10,17565449,17565649,13
chr10,71361746,71361946,31
chr10,24312314,24312514,1
chr10,24312335,24312535,4
chr10,24312324,24312524,11
chr10,24312313,24312513,12
chr10,71399082,71399282,2
chr10,71399071,71399271,11
chr10,57743638,57743838,21
chr10,57743637,57743837,32
chr10,39793437,39793637,74
chr10,39793437,39793637,84
chr10,39625739,39625939,11
chr10,122807069,122807269,1
chr10,122807068,122807268,12
chr10,56228493,56228693,60
chr10,94696669,94696869,2
chr10,94696653,94696853,11
chr10,91160939,91161139,62
chr10,91160940,91161140,81
chr10,117625607,117625807,1
chr10,117625606,117625806,12
chr10,41937441,41937641,11
chr10,62946612,62946812,2
chr10,19582047,19582247,31
chr10,116656179,116656379,49
chr10,39691926,39692126,2
chr10,98785487,98785687,68
chr10,93070551,93070751,19
chr10,21946902,21947102,9
chr10,21946901,21947101,17
chr10,12980805,12981005,98
chr10,12980805,12981005,99
chr10,83330263,83330463,1
chr10,83330262,83330462,12
chr10,98684044,98684244,92
chr10,122652250,122652450,21
chr10,122652249,122652449,32
chr10,117792888,117793088,28
chr10,117792888,117793088,29
chr10,117792887,117793087,37
chr10,120125041,120125241,2
chr10,43740715,43740915,2
chr10,117104374,117104574,11
chr10,42762238,42762438,22
chr10,42762620,42762820,24
chr10,75764472,75764672,21
chr10,75764471,75764671,32
chr10,95779836,95780036,61
chr10,95677414,95677614,63
chr10,19620029,19620229,11
chr10,19619995,19620195,31
chr10,4388275,4388475,1
chr10,4388274,4388474,12
chr10,62506547,62506747,21
chr10,62506546,62506746,32
chr10,40371845,40372045,13
chr10,85411391,85411591,13
chr10,95261073,95261273,11
chr10,19935059,19935259,11
chr10,79703853,79704053,2
chr10,79703873,79704073,2
chr10,128322068,128322268,2
chr10,58377481,58377681,1
chr10,58377473,58377673,2
chr10,58377480,58377680,12
chr10,21235297,21235497,6
chr10,96400541,96400741,5
chr10,12860580,12860780,24
chr10,14705621,14705821,9
chr10,14705614,14705814,11
chr10,14705620,14705820,17
chr10,61147974,61148174,3
chr10,61147996,61148196,11
chr10,61147973,61148173,14
chr10,61147985,61148185,22
chr10,61147993,61148193,33
chr10,66864665,66864865,11
chr10,14057855,14058055,11
chr10,62792477,62792677,1
chr10,62792476,62792676,12
chr10,98877743,98877943,31
chr10,19933554,19933754,36
chr10,19933554,19933754,39
chr10,61452055,61452255,97
chr10,79959571,79959771,11
chr10,79959591,79959791,11
chr10,79959611,79959811,11
chr10,79959631,79959831,11
chr10,79959651,79959851,11
chr10,79959671,79959871,11
chr10,81017093,81017293,2
chr10,57532689,57532889,4
chr10,95323632,95323832,11
chr10,96786850,96787050,13
chr10,19185825,19186025,11
chr10,19062259,19062459,6
chr10,19062259,19062459,9
chr10,19062258,19062458,17
chr10,14046259,14046459,54
chr10,81321103,81321303,15
chr10,80024376,80024576,2
chr10,80023518,80023718,11
chr10,13983217,13983417,23
chr10,13983216,13983416,34
chr10,50593370,50593570,24
chr10,39172042,39172242,28
chr10,39172042,39172242,29
chr10,39172041,39172241,37
chr10,39172031,39172231,53
chr10,39172030,39172230,94
chr10,116581839,116582039,2
chr10,84577239,84577439,3
chr10,84576225,84576425,4
chr10,84577238,84577438,14
chr10,40259159,40259359,22
chr10,40259153,40259353,24
chr11,79218009,79218209,24
chr11,79218027,79218227,24
chr11,62677036,62677236,2
chr11,69629826,69630026,24
chr11,97347847,97348047,79
chr11,97347858,97348058,87
chr11,115920127,115920327,21
chr11,115920287,115920487,24
chr11,115920126,115920326,32
chr11,60976606,60976806,7
chr11,49076464,49076664,77
chr11,69251693,69251893,56
chr11,69251693,69251893,59
chr11,69251692,69251892,67
chr11,69251693,69251893,86
chr11,69251693,69251893,89
chr11,69251692,69251892,97
chr11,80043301,80043501,3
chr11,80043300,80043500,14
chr11,21139909,21140109,11
chr11,80043058,80043258,1
chr11,80043057,80043257,12
chr11,69267305,69267505,11
chr11,52522773,52522973,69
chr11,96010496,96010696,3
chr11,96010471,96010671,13
chr11,96010495,96010695,14
chr11,96010485,96010685,21
chr11,96010484,96010684,32
chr11,107105198,107105398,61
chr11,52241091,52241291,61
chr11,9749236,9749436,25
chr11,54941802,54942002,7
chr11,54941802,54942002,10
chr11,119258871,119259071,33
chr11,117176622,117176822,42
chr11,98944397,98944597,2
chr11,98944409,98944609,5
chr11,30776575,30776775,11
chr11,21224357,21224557,54
chr11,107013283,107013483,1
chr11,107013288,107013488,2
chr11,107013282,107013482,12
chr11,119238194,119238394,2
chr11,117799204,117799404,66
chr11,61638691,61638891,11
chr11,78175077,78175277,22
chr11,83802091,83802291,1
chr11,83802102,83802302,3
chr11,83802063,83802263,11
chr11,83802090,83802290,12
chr11,83802105,83802305,13
chr11,83802101,83802301,14
chr11,83802116,83802316,22
chr11,83802110,83802310,24
chr11,58179857,58180057,21
chr11,58179860,58180060,22
chr11,58179856,58180056,32
chr11,120916469,120916669,1
chr11,120916468,120916668,12
chr11,45926564,45926764,1
chr11,45926563,45926763,12
chr11,79010598,79010798,21
chr11,79010589,79010789,24
chr11,79010597,79010797,32
chr11,53737802,53738002,1
chr11,53737807,53738007,11
chr11,53737827,53738027,11
chr11,53737801,53738001,12
chr11,44892880,44893080,30
chr11,89061398,89061598,1
chr11,89061397,89061597,12
chr11,96468262,96468462,2
chr11,46474425,46474625,13
chr11,18195983,18196183,1
chr11,18195982,18196182,12
chr11,18196224,18196424,31
chr11,62487375,62487575,11
chr11,57707289,57707489,31
chr11,110794826,110795026,25
chr11,52274045,52274245,1
chr11,52274094,52274294,2
chr11,52274044,52274244,12
chr11,76890046,76890246,19
chr11,5058654,5058854,2
chr11,44526986,44527186,2
chr11,46090151,46090351,2
chr11,79296355,79296555,2
chr11,79296400,79296600,2
chr11,79296371,79296571,3
chr11,79296367,79296567,4
chr11,79296370,79296570,14
chr11,90242146,90242346,11
chr11,53330276,53330476,23
chr11,53330275,53330475,34
chr11,108901351,108901551,27
chr11,108901351,108901551,30
chr11,107407967,107408167,2
chr11,21101315,21101515,29
chr11,21101314,21101514,37
chr11,21101314,21101514,40
chr11,105125673,105125873,26
chr11,115746355,115746555,2
chr11,5878300,5878500,41
chr11,109445615,109445815,2
chr11,109445620,109445820,7
chr11,54500336,54500536,72
chr11,88564690,88564890,2
chr11,79623305,79623505,11
chr11,79623325,79623525,11
chr11,61647450,61647650,3
chr11,61647449,61647649,14
chr11,83040447,83040647,28
chr11,83040447,83040647,29
chr11,83040446,83040646,37
chr11,21303692,21303892,52
chr11,21303692,21303892,82
chr11,54214336,54214536,4
chr11,50836051,50836251,84
chr11,95364401,95364601,78
chr11,95364401,95364601,88
chr11,6701097,6701297,31
chr11,54958585,54958785,4
chr11,69323811,69324011,50
chr11,94086866,94087066,11
chr11,54621908,54622108,2
chr11,108273052,108273252,8
chr11,49085099,49085299,2
chr11,52224316,52224516,73
chr11,52224315,52224515,94
chr11,9048239,9048439,2
chr11,9048232,9048432,11
chr11,9048221,9048421,22
chr11,9048209,9048409,24
chr11,116886282,116886482,4
chr11,116886270,116886470,22
chr11,86828784,86828984,22
chr11,86828781,86828981,24
chr11,55136588,55136788,3
chr11,55136587,55136787,14
chr11,46076277,46076477,51
chr11,51763826,51764026,2
chr11,88552911,88553111,97
chr11,52341208,52341408,11
chr11,52341198,52341398,31
chr11,104609588,104609788,87
chr11,60084877,60085077,2
chr11,53567377,53567577,36
chr11,53567377,53567577,39
chr11,103142812,103143012,23
chr11,103142811,103143011,34
chr11,32325004,32325204,2
chr11,32324981,32325181,3
chr11,32324980,32325180,14
chr11,32325001,32325201,21
chr11,32324992,32325192,22
chr11,32324989,32325189,24
chr11,32324997,32325197,31
chr11,32325000,32325200,32
chr11,116688156,116688356,28
chr11,116688156,116688356,29
chr11,116688155,116688355,37
chr11,116688155,116688355,40
chr11,106680487,106680687,2
chr11,106680506,106680706,3
chr11,106680511,106680711,4
chr11,106680505,106680705,14
chr11,106680526,106680726,22
chr11,106680517,106680717,24
chr11,79704672,79704872,11
chr11,61231706,61231906,4
chr11,41915587,41915787,69
chr11,32126139,32126339,1
chr11,32126138,32126338,12
chr11,54998690,54998890,11
chr11,54998700,54998900,20
chr11,62648986,62649186,76
chr11,62648986,62649186,86
chr11,5435567,5435767,31
chr11,69257971,69258171,4
chr11,67024648,67024848,2
chr11,67024667,67024867,11
chr11,117072100,117072300,1
chr11,117071832,117072032,2
chr11,117071839,117072039,11
chr11,117072089,117072289,11
chr11,117072099,117072299,12
chr11,100472930,100473130,2
chr11,95356662,95356862,11
chr11,46312100,46312300,54
chr11,46312100,46312300,84
chr11,101302401,101302601,2
chr11,101302421,101302621,2
chr11,101302398,101302598,21
chr11,101302397,101302597,32
chr11,45955621,45955821,78
chr11,95714274,95714474,21
chr11,95714247,95714447,24
chr11,95714273,95714473,32
chr11,98788660,98788860,4
chr11,38188760,38188960,87
chr11,119228925,119229125,1
chr11,119228924,119229124,12
chr11,57685956,57686156,2
chr11,57685950,57686150,11
chr11,72041683,72041883,2
chr11,21181036,21181236,72
chr11,21181036,21181236,82
chr11,95258899,95259099,91
chr11,3963422,3963622,11
chr11,101144196,101144396,11
chr11,99238855,99239055,2
chr11,76406634,76406834,59
chr11,76406633,76406833,67
chr11,76406633,76406833,70
chr11,76406634,76406834,89
chr11,76406633,76406833,97
chr11,76406633,76406833,100
chr11,58927806,58928006,2
chr11,58904302,58904502,2
chr11,6000864,6001064,66
chr11,6000864,6001064,69
chr11,6694915,6695115,11
chr11,54492500,54492700,3
chr11,54492499,54492699,14
chr11,110399454,110399654,61
chr11,110399380,110399580,77
chr11,110399380,110399580,87
chr11,110399454,110399654,91
chr11,100846332,100846532,4
chr11,100846316,100846516,11
chr11,108910524,108910724,8
chr11,108910524,108910724,9
chr11,108910523,108910723,17
chr11,101627182,101627382,21
chr11,101627181,101627381,32
chr11,77216612,77216812,2
chr11,17211743,17211943,80
chr11,87423443,87423643,10
chr11,87423502,87423702,22
chr11,87462633,87462833,1
chr11,87462632,87462832,12
chr11,107547451,107547651,87
chr11,11726696,11726896,24
chr11,70647505,70647705,31
chr11,50175015,50175215,3
chr11,50175014,50175214,14
chr11,116413814,116414014,1
chr11,116413813,116414013,12
chr11,116413434,116413634,84
chr11,102556192,102556392,23
chr11,102556191,102556391,34
chr11,109420138,109420338,41
chr11,109420138,109420338,91
chr11,50378580,50378780,57
chr11,50378580,50378780,87
chr12,35123737,35123937,2
chr12,103492949,103493149,93
chr12,25365457,25365657,11
chr12,81796593,81796793,10
chr12,42954039,42954239,1
chr12,42954038,42954238,12
chr12,53073063,53073263,9
chr12,53073062,53073262,17
chr12,114022053,114022253,31
chr12,112869999,112870199,4
chr12,75449542,75449742,51
chr12,75449541,75449741,62
chr12,75449542,75449742,81
chr12,3568934,3569134,22
chr12,113074139,113074339,22
chr12,98116789,98116989,18
chr12,98116789,98116989,19
chr12,75836893,75837093,1
chr12,75836892,75837092,12
chr12,72694222,72694422,22
chr12,72694198,72694398,24
chr12,72694216,72694416,24
chr12,108631648,108631848,2
chr12,33159777,33159977,72
chr12,96081994,96082194,31
chr12,106308833,106309033,13
chr12,106602449,106602649,13
chr12,66895204,66895404,39
chr12,82541949,82542149,1
chr12,82541941,82542141,2
chr12,82541948,82542148,12
chr12,74895108,74895308,31
chr12,110479200,110479400,2
chr12,110479189,110479389,11
chr12,84970961,84971161,2
chr12,32998719,32998919,62
chr12,32998720,32998920,81
chr12,73611111,73611311,33
chr12,79854463,79854663,2
chr12,79854448,79854648,11
chr12,28779619,28779819,1
chr12,28779626,28779826,2
chr12,28779608,28779808,11
chr12,28779618,28779818,12
chr12,105027853,105028053,1
chr12,105027852,105028052,12
chr12,80068919,80069119,11
chr12,80068939,80069139,11
chr12,80068949,80069149,13
chr12,79381495,79381695,13
chr12,79381503,79381703,22
chr12,79381500,79381700,24
chr12,19118240,19118440,11
chr12,19118153,19118353,22
chr12,16049744,16049944,99
chr12,103550071,103550271,1
chr12,103550070,103550270,12
chr12,116384002,116384202,31
chr12,116384019,116384219,33
chr12,106034599,106034799,4
chr12,79444847,79445047,2
chr12,79444836,79445036,11
chr12,80816360,80816560,8
chr12,80816360,80816560,9
chr12,80816359,80816559,17
chr12,68024308,68024508,19
chr12,82203430,82203630,22
chr12,69513746,69513946,2
chr12,33333362,33333562,68
chr12,33333362,33333562,69
chr12,65232971,65233171,31
chr12,116416691,116416891,24
chr12,108812351,108812551,2
chr12,12289804,12290004,61
chr12,12289804,12290004,91
chr12,43635315,43635515,4
chr12,94933018,94933218,77
chr12,94933018,94933218,87
chr12,82284558,82284758,68
chr12,71047288,71047488,2
chr12,26402025,26402225,8
chr12,26402024,26402224,15
chr12,73163043,73163243,2
chr12,86046436,86046636,7
chr12,86046385,86046585,13
chr12,86046381,86046581,24
chr12,55388490,55388690,48
chr12,54568930,54569130,11
chr12,54568881,54569081,13
chr12,54568892,54569092,24
chr12,3322608,3322808,2
chr12,82189711,82189911,52
chr12,107123449,107123649,11
chr12,4817766,4817966,23
chr12,4817765,4817965,34
chr12,32292276,32292476,2
chr12,102456700,102456900,7
chr12,102456700,102456900,10
chr12,70969539,70969739,62
chr12,70969540,70969740,81
chr12,70969539,70969739,92
chr12,83502137,83502337,22
chr12,76379601,76379801,21
chr12,76379600,76379800,32
chr12,69258008,69258208,2
chr12,69257802,69258002,28
chr12,16532197,16532397,1
chr12,16532189,16532389,2
chr12,16532196,16532396,12
chr12,16532186,16532386,21
chr12,16532185,16532385,32
chr12,16532398,16532598,84
chr12,107047647,107047847,80
chr12,42405449,42405649,74
chr12,42405449,42405649,84
chr12,17389916,17390116,4
chr12,17390020,17390220,13
chr12,11230141,11230341,7
chr12,11230130,11230330,21
chr12,11230129,11230329,32
chr12,79296478,79296678,11
chr12,86834105,86834305,21
chr12,86834104,86834304,32
chr12,3871431,3871631,1
chr12,3871430,3871630,12
chr12,71136981,71137181,21
chr12,71136980,71137180,32
chr12,83988435,83988635,2
chr12,80945488,80945688,21
chr12,80945487,80945687,32
chr12,51866443,51866643,22
chr12,33302279,33302479,21
chr12,33302278,33302478,32
chr13,41035653,41035853,2
chr13,74462742,74462942,70
chr13,74462743,74462943,78
chr13,74462743,74462943,88
chr13,24588742,24588942,2
chr13,97824069,97824269,6
chr13,97824069,97824269,9
chr13,97824068,97824268,17
chr13,112507951,112508151,76
chr13,112507951,112508151,86
chr13,67194633,67194833,33
chr13,12133316,12133516,39
chr13,21935258,21935458,13
chr13,21935269,21935469,21
chr13,21935268,21935468,32
chr13,46948112,46948312,54
chr13,9277157,9277357,69
chr13,9277157,9277357,99
chr13,96511387,96511587,22
chr13,40676860,40677060,27
chr13,23774491,23774691,27
chr13,23774491,23774691,30
chr13,30036769,30036969,4
chr13,30036773,30036973,21
chr13,30036772,30036972,32
chr13,88992232,88992432,11
chr13,88992274,88992474,11
chr13,88992097,88992297,25
chr13,109239249,109239449,18
chr13,98810439,98810639,11
chr13,81793862,81794062,19
chr13,22026552,22026752,1
chr13,22026551,22026751,12
chr13,104112566,104112766,26
chr13,89551565,89551765,2
chr13,52998416,52998616,11
chr13,21940531,21940731,4
chr13,24375938,24376138,31
chr13,113170377,113170577,21
chr13,113170376,113170576,32
chr13,85484760,85484960,1
chr13,85484759,85484959,12
chr13,30174574,30174774,11
chr13,93772439,93772639,25
chr13,93772439,93772639,30
chr13,56747208,56747408,13
chr13,45391473,45391673,1
chr13,45391467,45391667,11
chr13,45391472,45391672,12
chr13,52828142,52828342,11
chr13,34956802,34957002,77
chr13,87531109,87531309,7
chr13,76598828,76599028,7
chr13,76598828,76599028,10
chr13,29104446,29104646,31
chr13,85479443,85479643,71
chr13,85830278,85830478,24
chr13,4945164,4945364,82
chr13,24570569,24570769,4
chr13,37801626,37801826,22
chr13,37801617,37801817,24
chr13,59840921,59841121,28
chr13,59840885,59841085,29
chr13,59840921,59841121,29
chr13,59840884,59841084,37
chr13,59840920,59841120,37
chr13,85556081,85556281,2
chr13,85556087,85556287,11
chr13,85556402,85556602,31
chr13,101668813,101669013,11
chr13,85519041,85519241,6
chr13,91305851,91306051,1
chr13,91305850,91306050,12
chr13,24613680,24613880,1
chr13,24613687,24613887,2
chr13,24613679,24613879,12
chr13,114818136,114818336,55
chr13,8831928,8832128,7
chr13,23597912,23598112,1
chr13,23597917,23598117,2
chr13,23597911,23598111,12
chr13,23598183,23598383,31
chr13,74617362,74617562,70
chr13,74617363,74617563,78
chr13,74617363,74617563,88
chr13,100015868,100016068,11
chr13,58214410,58214610,42
chr13,12349700,12349900,4
chr13,12349694,12349894,11
chr13,12349704,12349904,13
chr13,12349709,12349909,22
chr13,44816029,44816229,1
chr13,44816028,44816228,12
chr13,54468922,54469122,11
chr13,117216151,117216351,29
chr13,117216150,117216350,37
chr13,49681975,49682175,13
chr13,43453503,43453703,1
chr13,43453502,43453702,12
chr13,73328640,73328840,2
chr13,24599719,24599919,38
chr13,85505195,85505395,22
chr13,52793442,52793642,85
chr13,37751435,37751635,1
chr13,37751434,37751634,12
chr13,58158410,58158610,52
chr13,104620559,104620759,72
chr13,104620559,104620759,82
chr13,64432515,64432715,55
chr13,64432515,64432715,60
chr13,64432515,64432715,85
chr13,64432515,64432715,90
chr13,37619662,37619862,11
chr13,37619682,37619882,11
chr13,100731181,100731381,11
chr13,112425044,112425244,2
chr13,30085480,30085680,2
chr13,73467866,73468066,1
chr13,73467865,73468065,12
chr13,91370757,91370957,4
chr13,113618755,113618955,11
chr13,63223325,63223525,69
chr13,54590758,54590958,30
chr13,63431576,63431776,11
chr13,119462737,119462937,1
chr13,119462732,119462932,11
chr13,119462736,119462936,12
chr13,23453925,23454125,24
chr13,23453943,23454143,24
chr13,113579841,113580041,11
chr13,55432448,55432648,31
chr13,44507381,44507581,2
chr13,44507401,44507601,2
chr13,3918355,3918555,3
chr13,3918354,3918554,14
chr13,114388056,114388256,91
chr13,51101509,51101709,2
chr13,24801087,24801287,11
chr14,14634001,14634201,2
chr14,54423427,54423627,79
chr14,32006062,32006262,24
chr14,32006080,32006280,24
chr14,88402448,88402648,1
chr14,88402447,88402647,12
chr14,86714386,86714586,13
chr14,86714394,86714594,22
chr14,23529757,23529957,61
chr14,65330336,65330536,1
chr14,65330362,65330562,3
chr14,65330341,65330541,11
chr14,65330335,65330535,12
chr14,65330361,65330561,14
chr14,65330197,65330397,23
chr14,65330196,65330396,34
chr14,56674925,56675125,1
chr14,56674924,56675124,12
chr14,26988752,26988952,79
chr14,55161572,55161772,1
chr14,55161548,55161748,11
chr14,55161566,55161766,11
chr14,55161571,55161771,12
chr14,44066796,44066996,11
chr14,34615120,34615320,11
chr14,60705178,60705378,1
chr14,60705177,60705377,12
chr14,78559052,78559252,6
chr14,118820239,118820439,4
chr14,73474727,73474927,2
chr14,27390600,27390800,11
chr14,18371790,18371990,13
chr14,70148203,70148403,79
chr14,44989895,44990095,64
chr14,44989896,44990096,83
chr14,66791759,66791959,2
chr14,66791726,66791926,13
chr14,34401343,34401543,2
chr14,118761323,118761523,31
chr14,93213328,93213528,31
chr14,54197829,54198029,33
chr14,14863724,14863924,98
chr14,66274731,66274931,28
chr14,64666533,64666733,22
chr14,73349150,73349350,28
chr14,120274617,120274817,2
chr14,47418376,47418576,2
chr14,73398698,73398898,87
chr14,115017798,115017998,36
chr14,115017798,115017998,39
chr14,18186852,18187052,11
chr14,80908187,80908387,21
chr14,80908186,80908386,32
chr14,122223622,122223822,2
chr14,103349275,103349475,2
chr14,31194561,31194761,10
chr14,56777658,56777858,22
chr14,19985047,19985247,53
chr14,67211724,67211924,36
chr14,60771351,60771551,11
chr14,60771341,60771541,21
chr14,60771340,60771540,32
chr14,121929173,121929373,23
chr14,121929172,121929372,34
chr14,79515473,79515673,62
chr14,79515474,79515674,71
chr14,79515474,79515674,81
chr14,51632321,51632521,18
chr14,51632321,51632521,19
chr14,27405267,27405467,8
chr14,27405266,27405466,20
chr14,27405278,27405478,73
chr14,27405277,27405477,94
chr14,61599269,61599469,4
chr14,121879427,121879627,38
chr14,51892048,51892248,2
chr14,51892068,51892268,2
chr14,60784283,60784483,56
chr14,121906644,121906844,19
chr14,101640821,101641021,27
chr14,101640821,101641021,30
chr14,121349690,121349890,66
chr14,55724258,55724458,22
chr14,54893752,54893952,54
chr14,75034197,75034397,76
chr14,75034197,75034397,86
chr14,70544970,70545170,2
chr14,70544954,70545154,11
chr14,20928793,20928993,2
chr14,14068378,14068578,1
chr14,14068377,14068577,12
chr14,45051635,45051835,2
chr14,45051655,45051855,2
chr14,45051679,45051879,2
chr14,45051711,45051911,2
chr14,45051735,45051935,2
chr14,45051755,45051955,2
chr14,45051779,45051979,2
chr14,45051799,45051999,2
chr14,45051827,45052027,2
chr14,45051855,45052055,2
chr14,45051875,45052075,2
chr14,45051911,45052111,2
chr14,45051935,45052135,2
chr14,45051959,45052159,2
chr14,45051983,45052183,2
chr14,45052003,45052203,2
chr14,45052027,45052227,2
chr14,73088172,73088372,87
chr14,78698926,78699126,11
chr14,34122753,34122953,1
chr14,34122752,34122952,12
chr14,47105109,47105309,2
chr14,47105442,47105642,27
chr14,61736708,61736908,72
chr14,121931249,121931449,21
chr14,121931248,121931448,32
chr14,51089169,51089369,82
chr14,51883856,51884056,22
chr14,51883853,51884053,24
chr14,73388903,73389103,3
chr14,73388902,73389102,14
chr14,122052981,122053181,1
chr14,122052980,122053180,12
chr14,121939033,121939233,76
chr14,121939033,121939233,79
chr14,61173529,61173729,1
chr14,61173534,61173734,11
chr14,61173528,61173728,12
chr14,61057190,61057390,3
chr14,61057189,61057389,14
chr14,121915699,121915899,23
chr14,121915698,121915898,34
chr14,93214359,93214559,11
chr15,97816207,97816407,2
chr15,97816196,97816396,11
chr15,97816242,97816442,11
chr15,102341642,102341842,7
chr15,59573521,59573721,11
chr15,59573541,59573741,11
chr15,34469877,34470077,2
chr15,34469889,34470089,3
chr15,34469888,34470088,14
chr15,34469903,34470103,22
chr15,34469900,34470100,24
chr15,76550327,76550527,2
chr15,95773501,95773701,9
chr15,95773500,95773700,17
chr15,95773511,95773711,62
chr15,95773512,95773712,81
chr15,5762178,5762378,22
chr15,56259110,56259310,31
chr15,58145193,58145393,51
chr15,53272620,53272820,11
chr15,103224172,103224372,31
chr15,103224198,103224398,79
chr15,55764376,55764576,23
chr15,55764375,55764575,34
chr15,3171817,3172017,13
chr15,25592176,25592376,18
chr15,25592176,25592376,19
chr15,101283214,101283414,5
chr15,102421196,102421396,3
chr15,102421173,102421373,4
chr15,102421180,102421380,13
chr15,102421195,102421395,14
chr15,102421185,102421385,21
chr15,102421207,102421407,22
chr15,102421184,102421384,32
chr15,57838866,57839066,11
chr15,103168912,103169112,67
chr15,103168913,103169113,89
chr15,98622548,98622748,2
chr15,27647834,27648034,1
chr15,27647854,27648054,2
chr15,27647833,27648033,12
chr15,50662169,50662369,2
chr15,58384119,58384319,3
chr15,58384118,58384318,14
chr15,58974487,58974687,1
chr15,58974486,58974686,12
chr15,62039086,62039286,21
chr15,62039085,62039285,32
chr15,59525697,59525897,23
chr15,59525696,59525896,34
chr15,47783673,47783873,2
chr15,47783661,47783861,82
chr15,93379271,93379471,79
chr15,5236691,5236891,11
chr15,27630792,27630992,33
chr15,12371395,12371595,49
chr15,12371405,12371605,69
chr15,78587615,78587815,22
chr15,58654969,58655169,82
chr15,61322082,61322282,11
chr15,61322102,61322302,11
chr15,77800483,77800683,8
chr15,11532932,11533132,28
chr15,11532932,11533132,29
chr15,11533093,11533293,31
chr15,11532931,11533131,37
chr15,39861135,39861335,54
chr15,64246526,64246726,21
chr15,64246525,64246725,32
chr15,36902358,36902558,22
chr15,36902325,36902525,24
chr15,36902343,36902543,24
chr15,35529355,35529555,1
chr15,35529360,35529560,2
chr15,35529354,35529554,12
chr15,100419284,100419484,36
chr15,62177792,62177992,21
chr15,62177791,62177991,32
chr15,95885061,95885261,1
chr15,95885072,95885272,2
chr15,95885060,95885260,12
chr15,97405984,97406184,7
chr15,65324423,65324623,3
chr15,65324422,65324622,14
chr15,101195818,101196018,24
chr15,101195839,101196039,24
chr15,101195857,101196057,24
chr15,101195926,101196126,24
chr15,101195974,101196174,24
chr15,101196007,101196207,24
chr15,51847049,51847249,2
chr15,53328238,53328438,16
chr15,80930860,80931060,13
chr15,80697572,80697772,43
chr15,73169691,73169891,11
chr15,85250381,85250581,23
chr15,85250380,85250580,34
chr15,89123218,89123418,1
chr15,89123217,89123417,12
chr15,77838769,77838969,11
chr15,66512711,66512911,2
chr15,80930042,80930242,66
chr15,80930042,80930242,69
chr15,22103548,22103748,1
chr15,22103547,22103747,12
chr15,80896998,80897198,13
chr15,8233998,8234198,13
chr15,27641724,27641924,2
chr15,79950372,79950572,11
chr15,97246758,97246958,7
chr15,97246758,97246958,10
chr15,64211795,64211995,4
chr15,38602518,38602718,2
chr15,38602060,38602260,13
chr15,38602538,38602738,21
chr15,38602537,38602737,32
chr15,101258292,101258492,33
chr15,101258688,101258888,100
chr15,50889784,50889984,22
chr15,50889781,50889981,24
chr15,82244733,82244933,2
chr15,57772748,57772948,7
chr15,57772760,57772960,84
chr15,80948448,80948648,27
chr15,80948448,80948648,30
chr15,36345789,36345989,2
chr15,100747519,100747719,2
chr15,38301179,38301379,98
chr15,83602533,83602733,8
chr15,83602533,83602733,9
chr15,83602532,83602732,17
chr15,36938777,36938977,48
chr15,36938777,36938977,49
chr15,75909314,75909514,69
chr15,96543911,96544111,2
chr15,25845054,25845254,35
chr15,8168272,8168472,2
chr15,8168250,8168450,24
chr15,8168261,8168461,31
chr15,97374078,97374278,2
chr15,74720761,74720961,61
chr15,74720761,74720961,91
chr15,81872050,81872250,24
chr15,81872051,81872251,63
chr15,81872051,81872251,93
chr15,81961232,81961432,11
chr15,66861514,66861714,9
chr15,66861631,66861831,9
chr15,66861513,66861713,17
chr15,66861630,66861830,17
chr15,66861575,66861775,31
chr15,66861564,66861764,64
chr15,66861565,66861765,83
chr15,66861591,66861791,87
chr15,12010777,12010977,54
chr15,6593032,6593232,11
chr15,61440537,61440737,11
chr15,102458447,102458647,13
chr16,36008248,36008448,62
chr16,36008249,36008449,81
chr16,30686635,30686835,11
chr16,24155091,24155291,63
chr16,24624904,24625104,68
chr16,24624904,24625104,69
chr16,48595083,48595283,11
chr16,40568854,40569054,2
chr16,65449756,65449956,61
chr16,93572487,93572687,74
chr16,31022496,31022696,96
chr16,31022496,31022696,99
chr16,23379654,23379854,24
chr16,76354739,76354939,11
chr16,23844822,23845022,76
chr16,23844822,23845022,86
chr16,19960503,19960703,68
chr16,91446962,91447162,6
chr16,91446776,91446976,11
chr16,35793163,35793363,24
chr16,23941141,23941341,31
chr16,11501034,11501234,51
chr16,38729745,38729945,92
chr16,44362665,44362865,22
chr16,44362656,44362856,24
chr16,17015397,17015597,21
chr16,17015396,17015596,32
chr16,91512637,91512837,2
chr16,91512617,91512817,3
chr16,91512616,91512816,14
chr16,91512625,91512825,22
chr16,76333873,76334073,31
chr16,13796664,13796864,11
chr16,24947724,24947924,28
chr16,24947724,24947924,29
chr16,24947723,24947923,37
chr16,30439177,30439377,2
chr16,10536579,10536779,2
chr16,10536591,10536791,4
chr16,10536542,10536742,11
chr16,10536600,10536800,24
chr16,44692104,44692304,87
chr16,22655553,22655753,11
chr16,20000207,20000407,80
chr16,23099859,23100059,77
chr16,23087603,23087803,2
chr16,23087592,23087792,11
chr16,23087907,23088107,11
chr16,32949104,32949304,2
chr16,91407331,91407531,2
chr16,91407351,91407551,2
chr16,49936126,49936326,13
chr16,95150721,95150921,1
chr16,95150720,95150920,12
chr16,48786381,48786581,2
chr16,52200132,52200332,13
chr16,84824757,84824957,3
chr16,84824756,84824956,14
chr16,17016087,17016287,1
chr16,17016086,17016286,12
chr16,37437308,37437508,7
chr16,37437302,37437502,11
chr16,38632066,38632266,1
chr16,38632065,38632265,12
chr16,95806412,95806612,2
chr16,55863367,55863567,22
chr16,55863361,55863561,24
chr16,28774975,28775175,94
chr16,49888018,49888218,2
chr16,10724938,10725138,78
chr16,10724938,10725138,88
chr16,33371094,33371294,2
chr16,29834975,29835175,4
chr16,29834997,29835197,11
chr16,29834987,29835187,21
chr16,29834986,29835186,32
chr16,75767168,75767368,11
chr16,75767185,75767385,13
chr16,52082124,52082324,2
chr16,84703062,84703262,11
chr16,32108029,32108229,3
chr16,32108028,32108228,14
chr16,75908835,75909035,13
chr16,13027223,13027423,24
chr16,55526905,55527105,2
chr16,55526403,55526603,9
chr16,55526402,55526602,17
chr16,62847280,62847480,11
chr16,62847305,62847505,11
chr16,64836515,64836715,2
chr16,38131435,38131635,2
chr16,91484571,91484771,87
chr16,43699162,43699362,4
chr16,43699146,43699346,11
chr16,43699166,43699366,11
chr16,84584059,84584259,1
chr16,84584058,84584258,12
chr16,56076118,56076318,2
chr16,56076107,56076307,21
chr16,56076106,56076306,32
chr16,90727353,90727553,65
chr16,90727353,90727553,70
chr17,42987721,42987921,62
chr17,42987722,42987922,81
chr17,3165102,3165302,24
chr17,29603481,29603681,56
chr17,3122834,3123034,77
chr17,3122834,3123034,80
chr17,3122834,3123034,87
chr17,3122834,3123034,90
chr17,44076018,44076218,22
chr17,29041437,29041637,11
chr17,29492146,29492346,22
chr17,29492167,29492367,22
chr17,29492152,29492352,24
chr17,34231031,34231231,36
chr17,10232640,10232840,24
chr17,5977189,5977389,58
chr17,5977189,5977389,59
chr17,35590995,35591195,2
chr17,35591014,35591214,31
chr17,44718255,44718455,11
chr17,11758458,11758658,1
chr17,11758457,11758657,12
chr17,11758297,11758497,31
chr17,62783943,62784143,3
chr17,62783942,62784142,14
chr17,41691187,41691387,1
chr17,41691186,41691386,12
chr17,41691356,41691556,31
chr17,31205183,31205383,2
chr17,31205201,31205401,2
chr17,31205225,31205425,2
chr17,20944421,20944621,2
chr17,73902255,73902455,18
chr17,73902255,73902455,19
chr17,55112365,55112565,1
chr17,55112364,55112564,12
chr17,3505272,3505472,26
chr17,3505272,3505472,29
chr17,3505271,3505471,37
chr17,47923500,47923700,13
chr17,34899886,34900086,3
chr17,34899880,34900080,11
chr17,34899885,34900085,14
chr17,7931659,7931859,63
chr17,70430391,70430591,1
chr17,70430383,70430583,2
chr17,70430390,70430590,12
chr17,70430371,70430571,22
chr17,64248281,64248481,56
chr17,30363341,30363541,2
chr17,51869328,51869528,36
chr17,47740243,47740443,2
chr17,83453766,83453966,2
chr17,86063522,86063722,67
chr17,86063522,86063722,70
chr17,86063523,86063723,78
chr17,86063523,86063723,79
chr17,86063523,86063723,88
chr17,86063523,86063723,89
chr17,80560983,80561183,24
chr17,33963341,33963541,69
chr17,57971543,57971743,31
chr17,52592085,52592285,2
chr17,25188292,25188492,47
chr17,25188292,25188492,50
chr17,25188292,25188492,97
chr17,25188292,25188492,100
chr17,26843135,26843335,11
chr17,26843155,26843355,11
chr17,31305636,31305836,98
chr17,57131847,57132047,64
chr17,57131848,57132048,83
chr17,56111661,56111861,2
chr17,26509204,26509404,11
chr17,22877699,22877899,2
chr17,22877696,22877896,21
chr17,22877684,22877884,24
chr17,22877692,22877892,31
chr17,22877695,22877895,32
chr17,73869579,73869779,2
chr17,30559851,30560051,2
chr17,30559840,30560040,11
chr17,9582635,9582835,11
chr17,73174288,73174488,1
chr17,73174287,73174487,12
chr17,5641261,5641461,69
chr17,34103095,34103295,1
chr17,34103094,34103294,12
chr17,86757802,86758002,62
chr17,86757803,86758003,81
chr17,44735379,44735579,24
chr17,27997246,27997446,26
chr17,12623130,12623330,24
chr17,24937113,24937313,11
chr17,12677174,12677374,22
chr17,35186129,35186329,2
chr17,42093039,42093239,2
chr17,80139583,80139783,11
chr17,73246915,73247115,11
chr17,70853824,70854024,13
chr17,44328116,44328316,2
chr17,50483652,50483852,64
chr17,50483653,50483853,73
chr17,50483653,50483853,83
chr17,71196087,71196287,11
chr17,94834458,94834658,70
chr17,94834459,94834659,78
chr17,94834459,94834659,88
chr17,69025200,69025400,2
chr17,5747995,5748195,77
chr17,5747995,5748195,80
chr17,5747995,5748195,87
chr17,5747995,5748195,90
chr17,43699518,43699718,2
chr17,43699754,43699954,51
chr17,43699753,43699953,62
chr17,43699754,43699954,81
chr17,47507806,47508006,1
chr17,47507817,47508017,2
chr17,47507811,47508011,11
chr17,47507805,47508005,12
chr17,85170623,85170823,64
chr17,85170624,85170824,83
chr17,85170623,85170823,94
chr17,69396353,69396553,11
chr17,48409993,48410193,55
chr17,17294304,17294504,62
chr17,17294305,17294505,71
chr17,17294305,17294505,81
chr17,84423192,84423392,82
chr17,36958841,36959041,2
chr17,47534144,47534344,2
chr17,29973416,29973616,54
chr17,29973416,29973616,84
chr17,84119564,84119764,85
chr17,87119253,87119453,67
chr17,87119254,87119454,89
chr17,34305470,34305670,3
chr17,34305469,34305669,14
chr17,34305484,34305684,21
chr17,34305483,34305683,32
chr17,17121252,17121452,62
chr17,17121253,17121453,71
chr17,17121253,17121453,81
chr17,36020966,36021166,31
chr17,35667176,35667376,52
chr17,4778063,4778263,11
chr17,4778425,4778625,13
chr17,4778439,4778639,22
chr17,4778433,4778633,24
chr17,24169069,24169269,56
chr17,17179166,17179366,62
chr17,17179167,17179367,71
chr17,17179167,17179367,81
chr17,86145434,86145634,11
chr17,16951423,16951623,62
chr17,16951424,16951624,71
chr17,16951424,16951624,81
chr17,31012213,31012413,13
chr17,31012230,31012430,22
chr17,31012227,31012427,24
chr17,31012203,31012403,31
chr17,31012260,31012460,31
chr17,56831413,56831613,65
chr17,35135442,35135642,4
chr17,35135431,35135631,11
chr17,33718922,33719122,2
chr17,33718942,33719142,4
chr17,87025771,87025971,13
chr17,29769025,29769225,87
chr17,34047248,34047448,3
chr17,34047312,34047512,3
chr17,34047344,34047544,3
chr17,34047376,34047576,3
chr17,34047408,34047608,3
chr17,34047440,34047640,3
chr17,34047247,34047447,14
chr17,34047311,34047511,14
chr17,34047343,34047543,14
chr17,34047375,34047575,14
chr17,34047407,34047607,14
chr17,34047439,34047639,14
chr17,70852466,70852666,4
chr17,12371806,12372006,23
chr17,12371805,12372005,34
chr17,28952024,28952224,3
chr17,28952023,28952223,14
chr17,28952029,28952229,22
chr17,45433789,45433989,2
chr17,45433809,45434009,2
chr17,31137036,31137236,1
chr17,31137043,31137243,2
chr17,31137004,31137204,11
chr17,31137035,31137235,12
chr17,26244334,26244534,8
chr17,26244333,26244533,20
chr17,33033500,33033700,1
chr17,33033484,33033684,2
chr17,33033499,33033699,12
chr17,27204553,27204753,11
chr17,8372615,8372815,1
chr17,8372634,8372834,1
chr17,8372626,8372826,2
chr17,8372614,8372814,12
chr17,8372633,8372833,12
chr17,8372154,8372354,51
chr17,8372153,8372353,62
chr17,8372154,8372354,81
chr17,71526249,71526449,74
chr17,8311697,8311897,11
chr17,8311686,8311886,62
chr17,8311687,8311887,81
chr17,66102063,66102263,42
chr17,66102064,66102264,51
chr17,3114608,3114808,11
chr17,72918387,72918587,2
chr17,72918398,72918598,11
chr18,15204492,15204692,4
chr18,76929166,76929366,1
chr18,76929187,76929387,3
chr18,76929176,76929376,11
chr18,76929165,76929365,12
chr18,76929186,76929386,14
chr18,76929198,76929398,21
chr18,76929197,76929397,32
chr18,74991169,74991369,1
chr18,74991168,74991368,12
chr18,12972157,12972357,58
chr18,12972157,12972357,59
chr18,12972156,12972356,67
chr18,12972156,12972356,70
chr18,12972157,12972357,88
chr18,12972157,12972357,89
chr18,4312642,4312842,7
chr18,89245746,89245946,22
chr18,10531785,10531985,2
chr18,10531800,10532000,11
chr18,49980850,49981050,1
chr18,49980849,49981049,12
chr18,35773959,35774159,22
chr18,3281619,3281819,39
chr18,63860029,63860229,2
chr18,20947071,20947271,1
chr18,20947094,20947294,1
chr18,20947082,20947282,2
chr18,20947070,20947270,12
chr18,20947093,20947293,12
chr18,56726485,56726685,7
chr18,65405424,65405624,16
chr18,74441843,74442043,2
chr18,19597936,19598136,1
chr18,19597924,19598124,2
chr18,19597930,19598130,11
chr18,19597935,19598135,12
chr18,80649621,80649821,11
chr18,64894721,64894921,1
chr18,64894731,64894931,11
chr18,64894720,64894920,12
chr18,73752360,73752560,20
chr18,73752350,73752550,21
chr18,73752349,73752549,32
chr18,24470583,24470783,23
chr18,24470582,24470782,34
chr18,4313897,4314097,67
chr18,4313898,4314098,86
chr18,4313898,4314098,89
chr18,4313897,4314097,97
chr18,70530797,70530997,31
chr18,65802802,65803002,11
chr18,77871380,77871580,24
chr18,84091615,84091815,41
chr18,32945708,32945908,8
chr18,32945708,32945908,9
chr18,32945707,32945907,17
chr18,65479000,65479200,26
chr18,54906530,54906730,22
chr18,32979199,32979399,1
chr18,32979198,32979398,12
chr18,25241877,25242077,11
chr18,56685570,56685770,11
chr18,56685575,56685775,16
chr18,56685575,56685775,19
chr18,6377447,6377647,16
chr18,6377447,6377647,19
chr18,35910445,35910645,7
chr18,35910434,35910634,61
chr18,35910517,35910717,73
chr18,38427058,38427258,53
chr18,56455539,56455739,19
chr18,67280632,67280832,51
chr18,67280631,67280831,62
chr18,67280632,67280832,81
chr18,76943853,76944053,93
chr18,81400196,81400396,72
chr18,58510322,58510522,21
chr18,58510321,58510521,32
chr18,32598349,32598549,87
chr18,37815126,37815326,22
chr18,37815150,37815350,62
chr18,37815151,37815351,81
chr18,37815150,37815350,92
chr18,63692515,63692715,11
chr18,79905232,79905432,28
chr18,5592918,5593118,11
chr18,61555221,61555421,93
chr18,36734987,36735187,2
chr18,34623996,34624196,62
chr18,34623997,34624197,81
chr18,56471152,56471352,1
chr18,56471151,56471351,12
chr18,56471299,56471499,27
chr18,35499251,35499451,1
chr18,35499250,35499450,12
chr18,5593331,5593531,53
chr18,35661346,35661546,1
chr18,35661340,35661540,11
chr18,35661345,35661545,12
chr18,31608899,31609099,4
chr18,7608730,7608930,2
chr18,7608758,7608958,2
chr18,7608753,7608953,11
chr18,12236618,12236818,26
chr18,67725434,67725634,11
chr19,36111274,36111474,2
chr19,34196572,34196772,9
chr19,34196571,34196771,17
chr19,45626350,45626550,2
chr19,45626339,45626539,11
chr19,56772369,56772569,22
chr19,57138120,57138320,11
chr19,11363923,11364123,22
chr19,11363919,11364119,31
chr19,6856563,6856763,2
chr19,6856583,6856783,2
chr19,6856542,6856742,4
chr19,6856568,6856768,11
chr19,22975713,22975913,91
chr19,25095250,25095450,33
chr19,24971502,24971702,2
chr19,56201120,56201320,39
chr19,42045213,42045413,10
chr19,4203022,4203222,29
chr19,4203021,4203221,37
chr19,4203021,4203221,40
chr19,42579515,42579715,2
chr19,10777084,10777284,7
chr19,4052199,4052399,16
chr19,4052199,4052399,19
chr19,46612984,46613184,1
chr19,46612983,46613183,12
chr19,40818907,40819107,1
chr19,40818906,40819106,12
chr19,11589391,11589591,11
chr19,12010898,12011098,31
chr19,5447407,5447607,4
chr19,17268617,17268817,1
chr19,17268622,17268822,11
chr19,17268616,17268816,12
chr19,55099517,55099717,67
chr19,55099518,55099718,86
chr19,55099518,55099718,89
chr19,55099517,55099717,97
chr19,53800486,53800686,64
chr19,53800476,53800676,69
chr19,53800487,53800687,83
chr19,5389521,5389721,2
chr19,11513784,11513984,2
chr19,11513668,11513868,57
chr19,11513668,11513868,60
chr19,11513668,11513868,87
chr19,11513668,11513868,90
chr19,29271465,29271665,13
chr19,27430146,27430346,21
chr19,27430145,27430345,32
chr19,9916215,9916415,1
chr19,9916296,9916496,1
chr19,9916180,9916380,2
chr19,9916222,9916422,2
chr19,9916214,9916414,12
chr19,9916295,9916495,12
chr19,9916211,9916411,31
chr19,4145094,4145294,2
chr19,34510789,34510989,2
chr19,47511177,47511377,56
chr19,47511177,47511377,86
chr19,8984265,8984465,13
chr19,34504915,34505115,57
chr19,34504915,34505115,87
chr19,11517319,11517519,21
chr19,11517313,11517513,22
chr19,11517310,11517510,24
chr19,11517318,11517518,32
chr19,29367033,29367233,11
chr19,10752886,10753086,5
chr19,7483444,7483644,2
chr19,45998631,45998831,22
chr19,29418491,29418691,1
chr19,29418502,29418702,2
chr19,29418513,29418713,11
chr19,29418490,29418690,12
chr19,29418508,29418708,21
chr19,29418507,29418707,32
chr19,46503181,46503381,21
chr19,46503180,46503380,32
chr19,59926347,59926547,2
chr19,59926385,59926585,2
chr19,25061940,25062140,2
chr19,25061960,25062160,2
chr19,60226728,60226928,1
chr19,60226735,60226935,2
chr19,60226755,60226955,2
chr19,60226727,60226927,12
chr19,60226711,60226911,21
chr19,60226710,60226910,32
chr19,8880605,8880805,10
chr19,12501839,12502039,68
chr19,10740198,10740398,49
chr19,10740106,10740306,51
chr19,8898600,8898800,84
chr19,11356171,11356371,2
chr19,11356166,11356366,11
chr19,11356160,11356360,21
chr19,11356156,11356356,31
chr19,11356159,11356359,32
chr19,11435522,11435722,1
chr19,11434973,11435173,3
chr19,11435287,11435487,4
chr19,11435640,11435840,8
chr19,11435640,11435840,9
chr19,11435521,11435721,12
chr19,11434972,11435172,14
chr19,11435639,11435839,17
chr19,11435284,11435484,24
chr19,36834846,36835046,2
chr19,59942919,59943119,11
chr19,59942942,59943142,13
chr19,59942953,59943153,21
chr19,59942952,59943152,32
chr19,41848574,41848774,78
chr19,37208069,37208269,11
chr19,26748515,26748715,2
chr19,53312653,53312853,13
chr19,53313969,53314169,24
chrX,166236743,166236943,3
chrX,166236742,166236942,14
chrX,16297480,16297680,31
chrX,159607033,159607233,11
chrX,144029153,144029353,31
chrX,59673880,59674080,1
chrX,59673879,59674079,12
chrX,107234835,107235035,33
chrX,107234824,107235024,64
chrX,107234825,107235025,83
chrX,150865472,150865672,1
chrX,150865471,150865671,12
chrX,17364320,17364520,38
chrX,17364320,17364520,39
chrX,35897807,35898007,11
chrX,77339716,77339916,31
chrX,42540480,42540680,42
chrX,73493571,73493771,2
chrX,73493591,73493791,2
chrX,73493537,73493737,11
chrX,155211045,155211245,11
chrX,159055939,159056139,2
chrX,36795235,36795435,2
chrX,47998494,47998694,24
chrX,40117725,40117925,1
chrX,40117724,40117924,12
chrX,140537748,140537948,11
chrX,42511384,42511584,87
chrX,107421265,107421465,62
chrX,107421266,107421466,81
chrX,107421265,107421465,92
chrX,134963516,134963716,96
chrX,134963516,134963716,99
chrX,68100866,68101066,25
chrX,68100589,68100789,63
chrX,47992824,47993024,11
chrX,89828583,89828783,11
chrX,52913660,52913860,61
chrX,42502458,42502658,21
chrX,42502457,42502657,32
chrX,99470894,99471094,22
chrX,99470888,99471088,24
chrX,166170781,166170981,11
chrX,136742157,136742357,18
chrX,136742157,136742357,19
chrX,36981149,36981349,11
chrX,56406276,56406476,6
chrX,7721509,7721709,8
chrX,37126768,37126968,2
chrX,93632638,93632838,1
chrX,93632637,93632837,12
chrX,157598678,157598878,11
chrX,7841720,7841920,1
chrX,7840985,7841185,11
chrX,7841719,7841919,12
chrY,1009311,1009511,4
chrY,1009326,1009526,22
