N_Gap,Enriched_Seq,Contributing_Seq
1N,NTGTTTA,TTGTTTA
1N,NTGTTTA,GTGTTTA
1N,NTGTTTA,CTGTTTA
1N,NTGTTTA,ATGTTTA
1N,NTGTTGT,TTGTTGT
1N,NTGTTGT,GTGTTGT
1N,NTGTTGT,CTGTTGT
1N,NTGTTGT,ATGTTGT
1N,GTTTGTN,GTTTGTT
1N,GTTTGTN,GTTTGTG
1N,GTTTGTN,GTTTGTC
1N,GTTTGTN,GTTTGTA
1N,TGTTGTN,TGTTGTT
1N,TGTTGTN,TGTTGTG
1N,TGTTGTN,TGTTGTC
1N,TGTTGTN,TGTTGTA
1N,NTGTTTG,TTGTTTG
1N,NTGTTTG,GTGTTTG
1N,NTGTTTG,CTGTTTG
1N,NTGTTTG,ATGTTTG
1N,GTTTACN,GTTTACT
1N,GTTTACN,GTTTACG
1N,GTTTACN,GTTTACC
1N,GTTTACN,GTTTACA
1N,NTGCATC,TTGCATC
1N,NTGCATC,GTGCATC
1N,NTGCATC,CTGCATC
1N,NTGCATC,ATGCATC
1N,GTTGTTN,GTTGTTT
1N,GTTGTTN,GTTGTTG
1N,GTTGTTN,GTTGTTC
1N,GTTGTTN,GTTGTTA
1N,TGTTGNT,TGTTGTT
1N,TGTTGNT,TGTTGGT
1N,TGTTGNT,TGTTGCT
1N,TGTTGNT,TGTTGAT
1N,NTGTTAT,TTGTTAT
1N,NTGTTAT,GTGTTAT
1N,NTGTTAT,CTGTTAT
1N,NTGTTAT,ATGTTAT
2N,NNGCATC,TTGCATC
2N,NNGCATC,GTGCATC
2N,NNGCATC,CTGCATC
2N,NNGCATC,ATGCATC
2N,NNGCATC,TGGCATC
2N,NNGCATC,GGGCATC
2N,NNGCATC,CGGCATC
2N,NNGCATC,AGGCATC
2N,NNGCATC,TCGCATC
2N,NNGCATC,GCGCATC
2N,NNGCATC,CCGCATC
2N,NNGCATC,ACGCATC
2N,NNGCATC,TAGCATC
2N,NNGCATC,GAGCATC
2N,NNGCATC,CAGCATC
2N,NNGCATC,AAGCATC
2N,TGTTGNN,TGTTGTT
2N,TGTTGNN,TGTTGGT
2N,TGTTGNN,TGTTGCT
2N,TGTTGNN,TGTTGAT
2N,TGTTGNN,TGTTGTG
2N,TGTTGNN,TGTTGGG
2N,TGTTGNN,TGTTGCG
2N,TGTTGNN,TGTTGAG
2N,TGTTGNN,TGTTGTC
2N,TGTTGNN,TGTTGGC
2N,TGTTGNN,TGTTGCC
2N,TGTTGNN,TGTTGAC
2N,TGTTGNN,TGTTGTA
2N,TGTTGNN,TGTTGGA
2N,TGTTGNN,TGTTGCA
2N,TGTTGNN,TGTTGAA
2N,NNTGCAT,TTTGCAT
2N,NNTGCAT,GTTGCAT
2N,NNTGCAT,CTTGCAT
2N,NNTGCAT,ATTGCAT
2N,NNTGCAT,TGTGCAT
2N,NNTGCAT,GGTGCAT
2N,NNTGCAT,CGTGCAT
2N,NNTGCAT,AGTGCAT
2N,NNTGCAT,TCTGCAT
2N,NNTGCAT,GCTGCAT
2N,NNTGCAT,CCTGCAT
2N,NNTGCAT,ACTGCAT
2N,NNTGCAT,TATGCAT
2N,NNTGCAT,GATGCAT
2N,NNTGCAT,CATGCAT
2N,NNTGCAT,AATGCAT
2N,TGTTTNN,TGTTTTT
2N,TGTTTNN,TGTTTGT
2N,TGTTTNN,TGTTTCT
2N,TGTTTNN,TGTTTAT
2N,TGTTTNN,TGTTTTG
2N,TGTTTNN,TGTTTGG
2N,TGTTTNN,TGTTTCG
2N,TGTTTNN,TGTTTAG
2N,TGTTTNN,TGTTTTC
2N,TGTTTNN,TGTTTGC
2N,TGTTTNN,TGTTTCC
2N,TGTTTNN,TGTTTAC
2N,TGTTTNN,TGTTTTA
2N,TGTTTNN,TGTTTGA
2N,TGTTTNN,TGTTTCA
2N,TGTTTNN,TGTTTAA
2N,NTGTTTN,TTGTTTT
2N,NTGTTTN,GTGTTTT
2N,NTGTTTN,CTGTTTT
2N,NTGTTTN,ATGTTTT
2N,NTGTTTN,TTGTTTG
2N,NTGTTTN,GTGTTTG
2N,NTGTTTN,CTGTTTG
2N,NTGTTTN,ATGTTTG
2N,NTGTTTN,TTGTTTC
2N,NTGTTTN,GTGTTTC
2N,NTGTTTN,CTGTTTC
2N,NTGTTTN,ATGTTTC
2N,NTGTTTN,TTGTTTA
2N,NTGTTTN,GTGTTTA
2N,NTGTTTN,CTGTTTA
2N,NTGTTTN,ATGTTTA
2N,NNGCATT,TTGCATT
2N,NNGCATT,GTGCATT
2N,NNGCATT,CTGCATT
2N,NNGCATT,ATGCATT
2N,NNGCATT,TGGCATT
2N,NNGCATT,GGGCATT
2N,NNGCATT,CGGCATT
2N,NNGCATT,AGGCATT
2N,NNGCATT,TCGCATT
2N,NNGCATT,GCGCATT
2N,NNGCATT,CCGCATT
2N,NNGCATT,ACGCATT
2N,NNGCATT,TAGCATT
2N,NNGCATT,GAGCATT
2N,NNGCATT,CAGCATT
2N,NNGCATT,AAGCATT
2N,NNCGCAT,TTCGCAT
2N,NNCGCAT,GTCGCAT
2N,NNCGCAT,CTCGCAT
2N,NNCGCAT,ATCGCAT
2N,NNCGCAT,TGCGCAT
2N,NNCGCAT,GGCGCAT
2N,NNCGCAT,CGCGCAT
2N,NNCGCAT,AGCGCAT
2N,NNCGCAT,TCCGCAT
2N,NNCGCAT,GCCGCAT
2N,NNCGCAT,CCCGCAT
2N,NNCGCAT,ACCGCAT
2N,NNCGCAT,TACGCAT
2N,NNCGCAT,GACGCAT
2N,NNCGCAT,CACGCAT
2N,NNCGCAT,AACGCAT
2N,NTGTTGN,TTGTTGT
2N,NTGTTGN,GTGTTGT
2N,NTGTTGN,CTGTTGT
2N,NTGTTGN,ATGTTGT
2N,NTGTTGN,TTGTTGG
2N,NTGTTGN,GTGTTGG
2N,NTGTTGN,CTGTTGG
2N,NTGTTGN,ATGTTGG
2N,NTGTTGN,TTGTTGC
2N,NTGTTGN,GTGTTGC
2N,NTGTTGN,CTGTTGC
2N,NTGTTGN,ATGTTGC
2N,NTGTTGN,TTGTTGA
2N,NTGTTGN,GTGTTGA
2N,NTGTTGN,CTGTTGA
2N,NTGTTGN,ATGTTGA
2N,NTGCATN,TTGCATT
2N,NTGCATN,GTGCATT
2N,NTGCATN,CTGCATT
2N,NTGCATN,ATGCATT
2N,NTGCATN,TTGCATG
2N,NTGCATN,GTGCATG
2N,NTGCATN,CTGCATG
2N,NTGCATN,ATGCATG
2N,NTGCATN,TTGCATC
2N,NTGCATN,GTGCATC
2N,NTGCATN,CTGCATC
2N,NTGCATN,ATGCATC
2N,NTGCATN,TTGCATA
2N,NTGCATN,GTGCATA
2N,NTGCATN,CTGCATA
2N,NTGCATN,ATGCATA
2N,GNNGCAT,GTTGCAT
2N,GNNGCAT,GGTGCAT
2N,GNNGCAT,GCTGCAT
2N,GNNGCAT,GATGCAT
2N,GNNGCAT,GTGGCAT
2N,GNNGCAT,GGGGCAT
2N,GNNGCAT,GCGGCAT
2N,GNNGCAT,GAGGCAT
2N,GNNGCAT,GTCGCAT
2N,GNNGCAT,GGCGCAT
2N,GNNGCAT,GCCGCAT
2N,GNNGCAT,GACGCAT
2N,GNNGCAT,GTAGCAT
2N,GNNGCAT,GGAGCAT
2N,GNNGCAT,GCAGCAT
2N,GNNGCAT,GAAGCAT
3N,NNNGCAT,TTTGCAT
3N,NNNGCAT,GTTGCAT
3N,NNNGCAT,CTTGCAT
3N,NNNGCAT,ATTGCAT
3N,NNNGCAT,TGTGCAT
3N,NNNGCAT,GGTGCAT
3N,NNNGCAT,CGTGCAT
3N,NNNGCAT,AGTGCAT
3N,NNNGCAT,TCTGCAT
3N,NNNGCAT,GCTGCAT
3N,NNNGCAT,CCTGCAT
3N,NNNGCAT,ACTGCAT
3N,NNNGCAT,TATGCAT
3N,NNNGCAT,GATGCAT
3N,NNNGCAT,CATGCAT
3N,NNNGCAT,AATGCAT
3N,NNNGCAT,TTGGCAT
3N,NNNGCAT,GTGGCAT
3N,NNNGCAT,CTGGCAT
3N,NNNGCAT,ATGGCAT
3N,NNNGCAT,TGGGCAT
3N,NNNGCAT,GGGGCAT
3N,NNNGCAT,CGGGCAT
3N,NNNGCAT,AGGGCAT
3N,NNNGCAT,TCGGCAT
3N,NNNGCAT,GCGGCAT
3N,NNNGCAT,CCGGCAT
3N,NNNGCAT,ACGGCAT
3N,NNNGCAT,TAGGCAT
3N,NNNGCAT,GAGGCAT
3N,NNNGCAT,CAGGCAT
3N,NNNGCAT,AAGGCAT
3N,NNNGCAT,TTCGCAT
3N,NNNGCAT,GTCGCAT
3N,NNNGCAT,CTCGCAT
3N,NNNGCAT,ATCGCAT
3N,NNNGCAT,TGCGCAT
3N,NNNGCAT,GGCGCAT
3N,NNNGCAT,CGCGCAT
3N,NNNGCAT,AGCGCAT
3N,NNNGCAT,TCCGCAT
3N,NNNGCAT,GCCGCAT
3N,NNNGCAT,CCCGCAT
3N,NNNGCAT,ACCGCAT
3N,NNNGCAT,TACGCAT
3N,NNNGCAT,GACGCAT
3N,NNNGCAT,CACGCAT
3N,NNNGCAT,AACGCAT
3N,NNNGCAT,TTAGCAT
3N,NNNGCAT,GTAGCAT
3N,NNNGCAT,CTAGCAT
3N,NNNGCAT,ATAGCAT
3N,NNNGCAT,TGAGCAT
3N,NNNGCAT,GGAGCAT
3N,NNNGCAT,CGAGCAT
3N,NNNGCAT,AGAGCAT
3N,NNNGCAT,TCAGCAT
3N,NNNGCAT,GCAGCAT
3N,NNNGCAT,CCAGCAT
3N,NNNGCAT,ACAGCAT
3N,NNNGCAT,TAAGCAT
3N,NNNGCAT,GAAGCAT
3N,NNNGCAT,CAAGCAT
3N,NNNGCAT,AAAGCAT
3N,NNGCATN,TTGCATT
3N,NNGCATN,GTGCATT
3N,NNGCATN,CTGCATT
3N,NNGCATN,ATGCATT
3N,NNGCATN,TGGCATT
3N,NNGCATN,GGGCATT
3N,NNGCATN,CGGCATT
3N,NNGCATN,AGGCATT
3N,NNGCATN,TCGCATT
3N,NNGCATN,GCGCATT
3N,NNGCATN,CCGCATT
3N,NNGCATN,ACGCATT
3N,NNGCATN,TAGCATT
3N,NNGCATN,GAGCATT
3N,NNGCATN,CAGCATT
3N,NNGCATN,AAGCATT
3N,NNGCATN,TTGCATG
3N,NNGCATN,GTGCATG
3N,NNGCATN,CTGCATG
3N,NNGCATN,ATGCATG
3N,NNGCATN,TGGCATG
3N,NNGCATN,GGGCATG
3N,NNGCATN,CGGCATG
3N,NNGCATN,AGGCATG
3N,NNGCATN,TCGCATG
3N,NNGCATN,GCGCATG
3N,NNGCATN,CCGCATG
3N,NNGCATN,ACGCATG
3N,NNGCATN,TAGCATG
3N,NNGCATN,GAGCATG
3N,NNGCATN,CAGCATG
3N,NNGCATN,AAGCATG
3N,NNGCATN,TTGCATC
3N,NNGCATN,GTGCATC
3N,NNGCATN,CTGCATC
3N,NNGCATN,ATGCATC
3N,NNGCATN,TGGCATC
3N,NNGCATN,GGGCATC
3N,NNGCATN,CGGCATC
3N,NNGCATN,AGGCATC
3N,NNGCATN,TCGCATC
3N,NNGCATN,GCGCATC
3N,NNGCATN,CCGCATC
3N,NNGCATN,ACGCATC
3N,NNGCATN,TAGCATC
3N,NNGCATN,GAGCATC
3N,NNGCATN,CAGCATC
3N,NNGCATN,AAGCATC
3N,NNGCATN,TTGCATA
3N,NNGCATN,GTGCATA
3N,NNGCATN,CTGCATA
3N,NNGCATN,ATGCATA
3N,NNGCATN,TGGCATA
3N,NNGCATN,GGGCATA
3N,NNGCATN,CGGCATA
3N,NNGCATN,AGGCATA
3N,NNGCATN,TCGCATA
3N,NNGCATN,GCGCATA
3N,NNGCATN,CCGCATA
3N,NNGCATN,ACGCATA
3N,NNGCATN,TAGCATA
3N,NNGCATN,GAGCATA
3N,NNGCATN,CAGCATA
3N,NNGCATN,AAGCATA
3N,TGTNTNN,TGTTTTT
3N,TGTNTNN,TGTGTTT
3N,TGTNTNN,TGTCTTT
3N,TGTNTNN,TGTATTT
3N,TGTNTNN,TGTTTGT
3N,TGTNTNN,TGTGTGT
3N,TGTNTNN,TGTCTGT
3N,TGTNTNN,TGTATGT
3N,TGTNTNN,TGTTTCT
3N,TGTNTNN,TGTGTCT
3N,TGTNTNN,TGTCTCT
3N,TGTNTNN,TGTATCT
3N,TGTNTNN,TGTTTAT
3N,TGTNTNN,TGTGTAT
3N,TGTNTNN,TGTCTAT
3N,TGTNTNN,TGTATAT
3N,TGTNTNN,TGTTTTG
3N,TGTNTNN,TGTGTTG
3N,TGTNTNN,TGTCTTG
3N,TGTNTNN,TGTATTG
3N,TGTNTNN,TGTTTGG
3N,TGTNTNN,TGTGTGG
3N,TGTNTNN,TGTCTGG
3N,TGTNTNN,TGTATGG
3N,TGTNTNN,TGTTTCG
3N,TGTNTNN,TGTGTCG
3N,TGTNTNN,TGTCTCG
3N,TGTNTNN,TGTATCG
3N,TGTNTNN,TGTTTAG
3N,TGTNTNN,TGTGTAG
3N,TGTNTNN,TGTCTAG
3N,TGTNTNN,TGTATAG
3N,TGTNTNN,TGTTTTC
3N,TGTNTNN,TGTGTTC
3N,TGTNTNN,TGTCTTC
3N,TGTNTNN,TGTATTC
3N,TGTNTNN,TGTTTGC
3N,TGTNTNN,TGTGTGC
3N,TGTNTNN,TGTCTGC
3N,TGTNTNN,TGTATGC
3N,TGTNTNN,TGTTTCC
3N,TGTNTNN,TGTGTCC
3N,TGTNTNN,TGTCTCC
3N,TGTNTNN,TGTATCC
3N,TGTNTNN,TGTTTAC
3N,TGTNTNN,TGTGTAC
3N,TGTNTNN,TGTCTAC
3N,TGTNTNN,TGTATAC
3N,TGTNTNN,TGTTTTA
3N,TGTNTNN,TGTGTTA
3N,TGTNTNN,TGTCTTA
3N,TGTNTNN,TGTATTA
3N,TGTNTNN,TGTTTGA
3N,TGTNTNN,TGTGTGA
3N,TGTNTNN,TGTCTGA
3N,TGTNTNN,TGTATGA
3N,TGTNTNN,TGTTTCA
3N,TGTNTNN,TGTGTCA
3N,TGTNTNN,TGTCTCA
3N,TGTNTNN,TGTATCA
3N,TGTNTNN,TGTTTAA
3N,TGTNTNN,TGTGTAA
3N,TGTNTNN,TGTCTAA
3N,TGTNTNN,TGTATAA
3N,NTGCNTN,TTGCTTT
3N,NTGCNTN,GTGCTTT
3N,NTGCNTN,CTGCTTT
3N,NTGCNTN,ATGCTTT
3N,NTGCNTN,TTGCGTT
3N,NTGCNTN,GTGCGTT
3N,NTGCNTN,CTGCGTT
3N,NTGCNTN,ATGCGTT
3N,NTGCNTN,TTGCCTT
3N,NTGCNTN,GTGCCTT
3N,NTGCNTN,CTGCCTT
3N,NTGCNTN,ATGCCTT
3N,NTGCNTN,TTGCATT
3N,NTGCNTN,GTGCATT
3N,NTGCNTN,CTGCATT
3N,NTGCNTN,ATGCATT
3N,NTGCNTN,TTGCTTG
3N,NTGCNTN,GTGCTTG
3N,NTGCNTN,CTGCTTG
3N,NTGCNTN,ATGCTTG
3N,NTGCNTN,TTGCGTG
3N,NTGCNTN,GTGCGTG
3N,NTGCNTN,CTGCGTG
3N,NTGCNTN,ATGCGTG
3N,NTGCNTN,TTGCCTG
3N,NTGCNTN,GTGCCTG
3N,NTGCNTN,CTGCCTG
3N,NTGCNTN,ATGCCTG
3N,NTGCNTN,TTGCATG
3N,NTGCNTN,GTGCATG
3N,NTGCNTN,CTGCATG
3N,NTGCNTN,ATGCATG
3N,NTGCNTN,TTGCTTC
3N,NTGCNTN,GTGCTTC
3N,NTGCNTN,CTGCTTC
3N,NTGCNTN,ATGCTTC
3N,NTGCNTN,TTGCGTC
3N,NTGCNTN,GTGCGTC
3N,NTGCNTN,CTGCGTC
3N,NTGCNTN,ATGCGTC
3N,NTGCNTN,TTGCCTC
3N,NTGCNTN,GTGCCTC
3N,NTGCNTN,CTGCCTC
3N,NTGCNTN,ATGCCTC
3N,NTGCNTN,TTGCATC
3N,NTGCNTN,GTGCATC
3N,NTGCNTN,CTGCATC
3N,NTGCNTN,ATGCATC
3N,NTGCNTN,TTGCTTA
3N,NTGCNTN,GTGCTTA
3N,NTGCNTN,CTGCTTA
3N,NTGCNTN,ATGCTTA
3N,NTGCNTN,TTGCGTA
3N,NTGCNTN,GTGCGTA
3N,NTGCNTN,CTGCGTA
3N,NTGCNTN,ATGCGTA
3N,NTGCNTN,TTGCCTA
3N,NTGCNTN,GTGCCTA
3N,NTGCNTN,CTGCCTA
3N,NTGCNTN,ATGCCTA
3N,NTGCNTN,TTGCATA
3N,NTGCNTN,GTGCATA
3N,NTGCNTN,CTGCATA
3N,NTGCNTN,ATGCATA
3N,TGTTNNN,TGTTTTT
3N,TGTTNNN,TGTTGTT
3N,TGTTNNN,TGTTCTT
3N,TGTTNNN,TGTTATT
3N,TGTTNNN,TGTTTGT
3N,TGTTNNN,TGTTGGT
3N,TGTTNNN,TGTTCGT
3N,TGTTNNN,TGTTAGT
3N,TGTTNNN,TGTTTCT
3N,TGTTNNN,TGTTGCT
3N,TGTTNNN,TGTTCCT
3N,TGTTNNN,TGTTACT
3N,TGTTNNN,TGTTTAT
3N,TGTTNNN,TGTTGAT
3N,TGTTNNN,TGTTCAT
3N,TGTTNNN,TGTTAAT
3N,TGTTNNN,TGTTTTG
3N,TGTTNNN,TGTTGTG
3N,TGTTNNN,TGTTCTG
3N,TGTTNNN,TGTTATG
3N,TGTTNNN,TGTTTGG
3N,TGTTNNN,TGTTGGG
3N,TGTTNNN,TGTTCGG
3N,TGTTNNN,TGTTAGG
3N,TGTTNNN,TGTTTCG
3N,TGTTNNN,TGTTGCG
3N,TGTTNNN,TGTTCCG
3N,TGTTNNN,TGTTACG
3N,TGTTNNN,TGTTTAG
3N,TGTTNNN,TGTTGAG
3N,TGTTNNN,TGTTCAG
3N,TGTTNNN,TGTTAAG
3N,TGTTNNN,TGTTTTC
3N,TGTTNNN,TGTTGTC
3N,TGTTNNN,TGTTCTC
3N,TGTTNNN,TGTTATC
3N,TGTTNNN,TGTTTGC
3N,TGTTNNN,TGTTGGC
3N,TGTTNNN,TGTTCGC
3N,TGTTNNN,TGTTAGC
3N,TGTTNNN,TGTTTCC
3N,TGTTNNN,TGTTGCC
3N,TGTTNNN,TGTTCCC
3N,TGTTNNN,TGTTACC
3N,TGTTNNN,TGTTTAC
3N,TGTTNNN,TGTTGAC
3N,TGTTNNN,TGTTCAC
3N,TGTTNNN,TGTTAAC
3N,TGTTNNN,TGTTTTA
3N,TGTTNNN,TGTTGTA
3N,TGTTNNN,TGTTCTA
3N,TGTTNNN,TGTTATA
3N,TGTTNNN,TGTTTGA
3N,TGTTNNN,TGTTGGA
3N,TGTTNNN,TGTTCGA
3N,TGTTNNN,TGTTAGA
3N,TGTTNNN,TGTTTCA
3N,TGTTNNN,TGTTGCA
3N,TGTTNNN,TGTTCCA
3N,TGTTNNN,TGTTACA
3N,TGTTNNN,TGTTTAA
3N,TGTTNNN,TGTTGAA
3N,TGTTNNN,TGTTCAA
3N,TGTTNNN,TGTTAAA
3N,NNGCNTC,TTGCTTC
3N,NNGCNTC,GTGCTTC
3N,NNGCNTC,CTGCTTC
3N,NNGCNTC,ATGCTTC
3N,NNGCNTC,TGGCTTC
3N,NNGCNTC,GGGCTTC
3N,NNGCNTC,CGGCTTC
3N,NNGCNTC,AGGCTTC
3N,NNGCNTC,TCGCTTC
3N,NNGCNTC,GCGCTTC
3N,NNGCNTC,CCGCTTC
3N,NNGCNTC,ACGCTTC
3N,NNGCNTC,TAGCTTC
3N,NNGCNTC,GAGCTTC
3N,NNGCNTC,CAGCTTC
3N,NNGCNTC,AAGCTTC
3N,NNGCNTC,TTGCGTC
3N,NNGCNTC,GTGCGTC
3N,NNGCNTC,CTGCGTC
3N,NNGCNTC,ATGCGTC
3N,NNGCNTC,TGGCGTC
3N,NNGCNTC,GGGCGTC
3N,NNGCNTC,CGGCGTC
3N,NNGCNTC,AGGCGTC
3N,NNGCNTC,TCGCGTC
3N,NNGCNTC,GCGCGTC
3N,NNGCNTC,CCGCGTC
3N,NNGCNTC,ACGCGTC
3N,NNGCNTC,TAGCGTC
3N,NNGCNTC,GAGCGTC
3N,NNGCNTC,CAGCGTC
3N,NNGCNTC,AAGCGTC
3N,NNGCNTC,TTGCCTC
3N,NNGCNTC,GTGCCTC
3N,NNGCNTC,CTGCCTC
3N,NNGCNTC,ATGCCTC
3N,NNGCNTC,TGGCCTC
3N,NNGCNTC,GGGCCTC
3N,NNGCNTC,CGGCCTC
3N,NNGCNTC,AGGCCTC
3N,NNGCNTC,TCGCCTC
3N,NNGCNTC,GCGCCTC
3N,NNGCNTC,CCGCCTC
3N,NNGCNTC,ACGCCTC
3N,NNGCNTC,TAGCCTC
3N,NNGCNTC,GAGCCTC
3N,NNGCNTC,CAGCCTC
3N,NNGCNTC,AAGCCTC
3N,NNGCNTC,TTGCATC
3N,NNGCNTC,GTGCATC
3N,NNGCNTC,CTGCATC
3N,NNGCNTC,ATGCATC
3N,NNGCNTC,TGGCATC
3N,NNGCNTC,GGGCATC
3N,NNGCNTC,CGGCATC
3N,NNGCNTC,AGGCATC
3N,NNGCNTC,TCGCATC
3N,NNGCNTC,GCGCATC
3N,NNGCNTC,CCGCATC
3N,NNGCNTC,ACGCATC
3N,NNGCNTC,TAGCATC
3N,NNGCNTC,GAGCATC
3N,NNGCNTC,CAGCATC
3N,NNGCNTC,AAGCATC
3N,NTGTNTN,TTGTTTT
3N,NTGTNTN,GTGTTTT
3N,NTGTNTN,CTGTTTT
3N,NTGTNTN,ATGTTTT
3N,NTGTNTN,TTGTGTT
3N,NTGTNTN,GTGTGTT
3N,NTGTNTN,CTGTGTT
3N,NTGTNTN,ATGTGTT
3N,NTGTNTN,TTGTCTT
3N,NTGTNTN,GTGTCTT
3N,NTGTNTN,CTGTCTT
3N,NTGTNTN,ATGTCTT
3N,NTGTNTN,TTGTATT
3N,NTGTNTN,GTGTATT
3N,NTGTNTN,CTGTATT
3N,NTGTNTN,ATGTATT
3N,NTGTNTN,TTGTTTG
3N,NTGTNTN,GTGTTTG
3N,NTGTNTN,CTGTTTG
3N,NTGTNTN,ATGTTTG
3N,NTGTNTN,TTGTGTG
3N,NTGTNTN,GTGTGTG
3N,NTGTNTN,CTGTGTG
3N,NTGTNTN,ATGTGTG
3N,NTGTNTN,TTGTCTG
3N,NTGTNTN,GTGTCTG
3N,NTGTNTN,CTGTCTG
3N,NTGTNTN,ATGTCTG
3N,NTGTNTN,TTGTATG
3N,NTGTNTN,GTGTATG
3N,NTGTNTN,CTGTATG
3N,NTGTNTN,ATGTATG
3N,NTGTNTN,TTGTTTC
3N,NTGTNTN,GTGTTTC
3N,NTGTNTN,CTGTTTC
3N,NTGTNTN,ATGTTTC
3N,NTGTNTN,TTGTGTC
3N,NTGTNTN,GTGTGTC
3N,NTGTNTN,CTGTGTC
3N,NTGTNTN,ATGTGTC
3N,NTGTNTN,TTGTCTC
3N,NTGTNTN,GTGTCTC
3N,NTGTNTN,CTGTCTC
3N,NTGTNTN,ATGTCTC
3N,NTGTNTN,TTGTATC
3N,NTGTNTN,GTGTATC
3N,NTGTNTN,CTGTATC
3N,NTGTNTN,ATGTATC
3N,NTGTNTN,TTGTTTA
3N,NTGTNTN,GTGTTTA
3N,NTGTNTN,CTGTTTA
3N,NTGTNTN,ATGTTTA
3N,NTGTNTN,TTGTGTA
3N,NTGTNTN,GTGTGTA
3N,NTGTNTN,CTGTGTA
3N,NTGTNTN,ATGTGTA
3N,NTGTNTN,TTGTCTA
3N,NTGTNTN,GTGTCTA
3N,NTGTNTN,CTGTCTA
3N,NTGTNTN,ATGTCTA
3N,NTGTNTN,TTGTATA
3N,NTGTNTN,GTGTATA
3N,NTGTNTN,CTGTATA
3N,NTGTNTN,ATGTATA
3N,NTGTTNN,TTGTTTT
3N,NTGTTNN,GTGTTTT
3N,NTGTTNN,CTGTTTT
3N,NTGTTNN,ATGTTTT
3N,NTGTTNN,TTGTTGT
3N,NTGTTNN,GTGTTGT
3N,NTGTTNN,CTGTTGT
3N,NTGTTNN,ATGTTGT
3N,NTGTTNN,TTGTTCT
3N,NTGTTNN,GTGTTCT
3N,NTGTTNN,CTGTTCT
3N,NTGTTNN,ATGTTCT
3N,NTGTTNN,TTGTTAT
3N,NTGTTNN,GTGTTAT
3N,NTGTTNN,CTGTTAT
3N,NTGTTNN,ATGTTAT
3N,NTGTTNN,TTGTTTG
3N,NTGTTNN,GTGTTTG
3N,NTGTTNN,CTGTTTG
3N,NTGTTNN,ATGTTTG
3N,NTGTTNN,TTGTTGG
3N,NTGTTNN,GTGTTGG
3N,NTGTTNN,CTGTTGG
3N,NTGTTNN,ATGTTGG
3N,NTGTTNN,TTGTTCG
3N,NTGTTNN,GTGTTCG
3N,NTGTTNN,CTGTTCG
3N,NTGTTNN,ATGTTCG
3N,NTGTTNN,TTGTTAG
3N,NTGTTNN,GTGTTAG
3N,NTGTTNN,CTGTTAG
3N,NTGTTNN,ATGTTAG
3N,NTGTTNN,TTGTTTC
3N,NTGTTNN,GTGTTTC
3N,NTGTTNN,CTGTTTC
3N,NTGTTNN,ATGTTTC
3N,NTGTTNN,TTGTTGC
3N,NTGTTNN,GTGTTGC
3N,NTGTTNN,CTGTTGC
3N,NTGTTNN,ATGTTGC
3N,NTGTTNN,TTGTTCC
3N,NTGTTNN,GTGTTCC
3N,NTGTTNN,CTGTTCC
3N,NTGTTNN,ATGTTCC
3N,NTGTTNN,TTGTTAC
3N,NTGTTNN,GTGTTAC
3N,NTGTTNN,CTGTTAC
3N,NTGTTNN,ATGTTAC
3N,NTGTTNN,TTGTTTA
3N,NTGTTNN,GTGTTTA
3N,NTGTTNN,CTGTTTA
3N,NTGTTNN,ATGTTTA
3N,NTGTTNN,TTGTTGA
3N,NTGTTNN,GTGTTGA
3N,NTGTTNN,CTGTTGA
3N,NTGTTNN,ATGTTGA
3N,NTGTTNN,TTGTTCA
3N,NTGTTNN,GTGTTCA
3N,NTGTTNN,CTGTTCA
3N,NTGTTNN,ATGTTCA
3N,NTGTTNN,TTGTTAA
3N,NTGTTNN,GTGTTAA
3N,NTGTTNN,CTGTTAA
3N,NTGTTNN,ATGTTAA
3N,TGTNNTN,TGTTTTT
3N,TGTNNTN,TGTGTTT
3N,TGTNNTN,TGTCTTT
3N,TGTNNTN,TGTATTT
3N,TGTNNTN,TGTTGTT
3N,TGTNNTN,TGTGGTT
3N,TGTNNTN,TGTCGTT
3N,TGTNNTN,TGTAGTT
3N,TGTNNTN,TGTTCTT
3N,TGTNNTN,TGTGCTT
3N,TGTNNTN,TGTCCTT
3N,TGTNNTN,TGTACTT
3N,TGTNNTN,TGTTATT
3N,TGTNNTN,TGTGATT
3N,TGTNNTN,TGTCATT
3N,TGTNNTN,TGTAATT
3N,TGTNNTN,TGTTTTG
3N,TGTNNTN,TGTGTTG
3N,TGTNNTN,TGTCTTG
3N,TGTNNTN,TGTATTG
3N,TGTNNTN,TGTTGTG
3N,TGTNNTN,TGTGGTG
3N,TGTNNTN,TGTCGTG
3N,TGTNNTN,TGTAGTG
3N,TGTNNTN,TGTTCTG
3N,TGTNNTN,TGTGCTG
3N,TGTNNTN,TGTCCTG
3N,TGTNNTN,TGTACTG
3N,TGTNNTN,TGTTATG
3N,TGTNNTN,TGTGATG
3N,TGTNNTN,TGTCATG
3N,TGTNNTN,TGTAATG
3N,TGTNNTN,TGTTTTC
3N,TGTNNTN,TGTGTTC
3N,TGTNNTN,TGTCTTC
3N,TGTNNTN,TGTATTC
3N,TGTNNTN,TGTTGTC
3N,TGTNNTN,TGTGGTC
3N,TGTNNTN,TGTCGTC
3N,TGTNNTN,TGTAGTC
3N,TGTNNTN,TGTTCTC
3N,TGTNNTN,TGTGCTC
3N,TGTNNTN,TGTCCTC
3N,TGTNNTN,TGTACTC
3N,TGTNNTN,TGTTATC
3N,TGTNNTN,TGTGATC
3N,TGTNNTN,TGTCATC
3N,TGTNNTN,TGTAATC
3N,TGTNNTN,TGTTTTA
3N,TGTNNTN,TGTGTTA
3N,TGTNNTN,TGTCTTA
3N,TGTNNTN,TGTATTA
3N,TGTNNTN,TGTTGTA
3N,TGTNNTN,TGTGGTA
3N,TGTNNTN,TGTCGTA
3N,TGTNNTN,TGTAGTA
3N,TGTNNTN,TGTTCTA
3N,TGTNNTN,TGTGCTA
3N,TGTNNTN,TGTCCTA
3N,TGTNNTN,TGTACTA
3N,TGTNNTN,TGTTATA
3N,TGTNNTN,TGTGATA
3N,TGTNNTN,TGTCATA
3N,TGTNNTN,TGTAATA
3N,NNGCNTG,TTGCTTG
3N,NNGCNTG,GTGCTTG
3N,NNGCNTG,CTGCTTG
3N,NNGCNTG,ATGCTTG
3N,NNGCNTG,TGGCTTG
3N,NNGCNTG,GGGCTTG
3N,NNGCNTG,CGGCTTG
3N,NNGCNTG,AGGCTTG
3N,NNGCNTG,TCGCTTG
3N,NNGCNTG,GCGCTTG
3N,NNGCNTG,CCGCTTG
3N,NNGCNTG,ACGCTTG
3N,NNGCNTG,TAGCTTG
3N,NNGCNTG,GAGCTTG
3N,NNGCNTG,CAGCTTG
3N,NNGCNTG,AAGCTTG
3N,NNGCNTG,TTGCGTG
3N,NNGCNTG,GTGCGTG
3N,NNGCNTG,CTGCGTG
3N,NNGCNTG,ATGCGTG
3N,NNGCNTG,TGGCGTG
3N,NNGCNTG,GGGCGTG
3N,NNGCNTG,CGGCGTG
3N,NNGCNTG,AGGCGTG
3N,NNGCNTG,TCGCGTG
3N,NNGCNTG,GCGCGTG
3N,NNGCNTG,CCGCGTG
3N,NNGCNTG,ACGCGTG
3N,NNGCNTG,TAGCGTG
3N,NNGCNTG,GAGCGTG
3N,NNGCNTG,CAGCGTG
3N,NNGCNTG,AAGCGTG
3N,NNGCNTG,TTGCCTG
3N,NNGCNTG,GTGCCTG
3N,NNGCNTG,CTGCCTG
3N,NNGCNTG,ATGCCTG
3N,NNGCNTG,TGGCCTG
3N,NNGCNTG,GGGCCTG
3N,NNGCNTG,CGGCCTG
3N,NNGCNTG,AGGCCTG
3N,NNGCNTG,TCGCCTG
3N,NNGCNTG,GCGCCTG
3N,NNGCNTG,CCGCCTG
3N,NNGCNTG,ACGCCTG
3N,NNGCNTG,TAGCCTG
3N,NNGCNTG,GAGCCTG
3N,NNGCNTG,CAGCCTG
3N,NNGCNTG,AAGCCTG
3N,NNGCNTG,TTGCATG
3N,NNGCNTG,GTGCATG
3N,NNGCNTG,CTGCATG
3N,NNGCNTG,ATGCATG
3N,NNGCNTG,TGGCATG
3N,NNGCNTG,GGGCATG
3N,NNGCNTG,CGGCATG
3N,NNGCNTG,AGGCATG
3N,NNGCNTG,TCGCATG
3N,NNGCNTG,GCGCATG
3N,NNGCNTG,CCGCATG
3N,NNGCNTG,ACGCATG
3N,NNGCNTG,TAGCATG
3N,NNGCNTG,GAGCATG
3N,NNGCNTG,CAGCATG
3N,NNGCNTG,AAGCATG
